================================================================
[accessibility_filter] START 2026-06-02T15:36:10+09:00
[accessibility_filter] sample=HG002
[accessibility_filter] input.vcf=results/calling/HG002/HG002.filtered.vcf.gz
[accessibility_filter] bed=resources/hg38/1KG.20160622.strict_mask.hg38_GRCh38.bed
================================================================
2026-06-02 15:36:10,109 [accessibility_filter] INFO: ================================================================
2026-06-02 15:36:10,109 [accessibility_filter] INFO: START accessibility_filter
2026-06-02 15:36:10,109 [accessibility_filter] INFO: vcf=results/calling/HG002/HG002.filtered.vcf.gz
2026-06-02 15:36:10,110 [accessibility_filter] INFO: bed=resources/hg38/1KG.20160622.strict_mask.hg38_GRCh38.bed
2026-06-02 15:36:10,110 [accessibility_filter] INFO: bcftools_sif=containers/bcftools_1.17.sif
2026-06-02 15:36:10,110 [accessibility_filter] INFO: criterion: variant position within 1KG strict mask BED interval
2026-06-02 15:36:10,110 [accessibility_filter] INFO: ================================================================
2026-06-02 15:36:10,110 [accessibility_filter] INFO: Loading BED mask into memory...
2026-06-02 15:36:13,802 [accessibility_filter] INFO:   chromosomes_in_bed=24
2026-06-02 15:36:13,802 [accessibility_filter] INFO: Extracting PASS SNVs from VCF...
2026-06-02 15:36:14,716 [accessibility_filter] INFO:   total_PASS_SNVs=3564
2026-06-02 15:36:14,716 [accessibility_filter] INFO: Filtering variants against BED mask...
2026-06-02 15:36:14,716 [accessibility_filter] DEBUG: KEPT: chr20:68303 T>C
2026-06-02 15:36:14,716 [accessibility_filter] DEBUG: KEPT: chr20:81154 T>G
2026-06-02 15:36:14,716 [accessibility_filter] DEBUG: REMOVED: chr20:160727 T>G — not in accessible region
2026-06-02 15:36:14,716 [accessibility_filter] DEBUG: REMOVED: chr20:160731 C>T — not in accessible region
2026-06-02 15:36:14,716 [accessibility_filter] DEBUG: REMOVED: chr20:161451 C>G — not in accessible region
2026-06-02 15:36:14,716 [accessibility_filter] DEBUG: REMOVED: chr20:217754 G>A — not in accessible region
2026-06-02 15:36:14,716 [accessibility_filter] DEBUG: KEPT: chr20:393023 G>T
2026-06-02 15:36:14,716 [accessibility_filter] DEBUG: KEPT: chr20:393192 C>A
2026-06-02 15:36:14,716 [accessibility_filter] DEBUG: REMOVED: chr20:583895 G>T — not in accessible region
2026-06-02 15:36:14,716 [accessibility_filter] DEBUG: REMOVED: chr20:922270 G>A — not in accessible region
2026-06-02 15:36:14,716 [accessibility_filter] DEBUG: KEPT: chr20:1454720 T>C
2026-06-02 15:36:14,716 [accessibility_filter] DEBUG: REMOVED: chr20:1572924 G>T — not in accessible region
2026-06-02 15:36:14,716 [accessibility_filter] DEBUG: REMOVED: chr20:1607573 G>T — not in accessible region
2026-06-02 15:36:14,716 [accessibility_filter] DEBUG: REMOVED: chr20:1608835 T>C — not in accessible region
2026-06-02 15:36:14,716 [accessibility_filter] DEBUG: REMOVED: chr20:1609078 C>T — not in accessible region
2026-06-02 15:36:14,716 [accessibility_filter] DEBUG: REMOVED: chr20:1613407 T>C — not in accessible region
2026-06-02 15:36:14,716 [accessibility_filter] DEBUG: KEPT: chr20:1739563 G>A
2026-06-02 15:36:14,716 [accessibility_filter] DEBUG: REMOVED: chr20:1743477 C>T — not in accessible region
2026-06-02 15:36:14,717 [accessibility_filter] DEBUG: REMOVED: chr20:2172950 G>T — not in accessible region
2026-06-02 15:36:14,717 [accessibility_filter] DEBUG: KEPT: chr20:2202238 C>T
2026-06-02 15:36:14,717 [accessibility_filter] DEBUG: KEPT: chr20:3734356 A>C
2026-06-02 15:36:14,717 [accessibility_filter] DEBUG: REMOVED: chr20:4102183 T>C — not in accessible region
2026-06-02 15:36:14,717 [accessibility_filter] DEBUG: KEPT: chr20:4102389 C>T
2026-06-02 15:36:14,717 [accessibility_filter] DEBUG: REMOVED: chr20:4118716 C>T — not in accessible region
2026-06-02 15:36:14,717 [accessibility_filter] DEBUG: KEPT: chr20:4182414 C>T
2026-06-02 15:36:14,717 [accessibility_filter] DEBUG: REMOVED: chr20:5003342 C>T — not in accessible region
2026-06-02 15:36:14,717 [accessibility_filter] DEBUG: REMOVED: chr20:5014913 C>G — not in accessible region
2026-06-02 15:36:14,717 [accessibility_filter] DEBUG: REMOVED: chr20:5036398 G>T — not in accessible region
2026-06-02 15:36:14,717 [accessibility_filter] DEBUG: REMOVED: chr20:5042127 G>A — not in accessible region
2026-06-02 15:36:14,717 [accessibility_filter] DEBUG: REMOVED: chr20:5042153 C>A — not in accessible region
2026-06-02 15:36:14,717 [accessibility_filter] DEBUG: REMOVED: chr20:5053069 C>T — not in accessible region
2026-06-02 15:36:14,717 [accessibility_filter] DEBUG: KEPT: chr20:5122314 A>T
2026-06-02 15:36:14,717 [accessibility_filter] DEBUG: REMOVED: chr20:5472488 C>T — not in accessible region
2026-06-02 15:36:14,717 [accessibility_filter] DEBUG: REMOVED: chr20:5472539 G>A — not in accessible region
2026-06-02 15:36:14,717 [accessibility_filter] DEBUG: REMOVED: chr20:5473023 A>G — not in accessible region
2026-06-02 15:36:14,717 [accessibility_filter] DEBUG: REMOVED: chr20:5474091 G>A — not in accessible region
2026-06-02 15:36:14,717 [accessibility_filter] DEBUG: REMOVED: chr20:5501406 C>T — not in accessible region
2026-06-02 15:36:14,717 [accessibility_filter] DEBUG: REMOVED: chr20:5501412 C>T — not in accessible region
2026-06-02 15:36:14,717 [accessibility_filter] DEBUG: REMOVED: chr20:5501509 T>C — not in accessible region
2026-06-02 15:36:14,717 [accessibility_filter] DEBUG: REMOVED: chr20:5515895 T>C — not in accessible region
2026-06-02 15:36:14,717 [accessibility_filter] DEBUG: REMOVED: chr20:5515996 A>T — not in accessible region
2026-06-02 15:36:14,717 [accessibility_filter] DEBUG: REMOVED: chr20:5784603 A>G — not in accessible region
2026-06-02 15:36:14,717 [accessibility_filter] DEBUG: REMOVED: chr20:6321345 A>G — not in accessible region
2026-06-02 15:36:14,717 [accessibility_filter] DEBUG: REMOVED: chr20:6368317 A>G — not in accessible region
2026-06-02 15:36:14,717 [accessibility_filter] DEBUG: REMOVED: chr20:6368493 G>A — not in accessible region
2026-06-02 15:36:14,717 [accessibility_filter] DEBUG: REMOVED: chr20:6368530 A>G — not in accessible region
2026-06-02 15:36:14,717 [accessibility_filter] DEBUG: REMOVED: chr20:6368865 A>G — not in accessible region
2026-06-02 15:36:14,717 [accessibility_filter] DEBUG: KEPT: chr20:7009148 T>C
2026-06-02 15:36:14,717 [accessibility_filter] DEBUG: KEPT: chr20:7265928 A>G
2026-06-02 15:36:14,717 [accessibility_filter] DEBUG: KEPT: chr20:7379402 C>G
2026-06-02 15:36:14,717 [accessibility_filter] DEBUG: KEPT: chr20:7382842 C>A
2026-06-02 15:36:14,717 [accessibility_filter] DEBUG: KEPT: chr20:7408499 A>G
2026-06-02 15:36:14,717 [accessibility_filter] DEBUG: KEPT: chr20:7664855 C>T
2026-06-02 15:36:14,717 [accessibility_filter] DEBUG: KEPT: chr20:8146655 T>C
2026-06-02 15:36:14,717 [accessibility_filter] DEBUG: REMOVED: chr20:8494064 T>C — not in accessible region
2026-06-02 15:36:14,717 [accessibility_filter] DEBUG: KEPT: chr20:8544690 T>C
2026-06-02 15:36:14,717 [accessibility_filter] DEBUG: REMOVED: chr20:8597017 T>A — not in accessible region
2026-06-02 15:36:14,717 [accessibility_filter] DEBUG: REMOVED: chr20:8929022 C>A — not in accessible region
2026-06-02 15:36:14,717 [accessibility_filter] DEBUG: KEPT: chr20:9606360 C>T
2026-06-02 15:36:14,717 [accessibility_filter] DEBUG: REMOVED: chr20:9660332 A>C — not in accessible region
2026-06-02 15:36:14,717 [accessibility_filter] DEBUG: REMOVED: chr20:9920401 T>C — not in accessible region
2026-06-02 15:36:14,717 [accessibility_filter] DEBUG: REMOVED: chr20:10160628 A>G — not in accessible region
2026-06-02 15:36:14,717 [accessibility_filter] DEBUG: KEPT: chr20:10429137 C>T
2026-06-02 15:36:14,717 [accessibility_filter] DEBUG: KEPT: chr20:10947901 A>T
2026-06-02 15:36:14,717 [accessibility_filter] DEBUG: KEPT: chr20:11132316 A>G
2026-06-02 15:36:14,717 [accessibility_filter] DEBUG: KEPT: chr20:11134213 A>G
2026-06-02 15:36:14,717 [accessibility_filter] DEBUG: REMOVED: chr20:11149076 G>A — not in accessible region
2026-06-02 15:36:14,717 [accessibility_filter] DEBUG: KEPT: chr20:11156729 A>C
2026-06-02 15:36:14,717 [accessibility_filter] DEBUG: KEPT: chr20:11161443 A>G
2026-06-02 15:36:14,717 [accessibility_filter] DEBUG: KEPT: chr20:11165407 A>G
2026-06-02 15:36:14,717 [accessibility_filter] DEBUG: KEPT: chr20:11179079 A>G
2026-06-02 15:36:14,717 [accessibility_filter] DEBUG: KEPT: chr20:11179241 G>A
2026-06-02 15:36:14,717 [accessibility_filter] DEBUG: KEPT: chr20:11182418 T>C
2026-06-02 15:36:14,717 [accessibility_filter] DEBUG: KEPT: chr20:11509736 G>A
2026-06-02 15:36:14,718 [accessibility_filter] DEBUG: KEPT: chr20:11581888 C>T
2026-06-02 15:36:14,718 [accessibility_filter] DEBUG: KEPT: chr20:11860952 C>T
2026-06-02 15:36:14,718 [accessibility_filter] DEBUG: REMOVED: chr20:12125772 A>G — not in accessible region
2026-06-02 15:36:14,718 [accessibility_filter] DEBUG: KEPT: chr20:12354458 T>A
2026-06-02 15:36:14,718 [accessibility_filter] DEBUG: REMOVED: chr20:12443609 C>G — not in accessible region
2026-06-02 15:36:14,718 [accessibility_filter] DEBUG: REMOVED: chr20:12448072 G>A — not in accessible region
2026-06-02 15:36:14,718 [accessibility_filter] DEBUG: REMOVED: chr20:12448167 T>C — not in accessible region
2026-06-02 15:36:14,718 [accessibility_filter] DEBUG: REMOVED: chr20:12448220 T>G — not in accessible region
2026-06-02 15:36:14,718 [accessibility_filter] DEBUG: REMOVED: chr20:12586433 G>A — not in accessible region
2026-06-02 15:36:14,718 [accessibility_filter] DEBUG: REMOVED: chr20:12632159 A>T — not in accessible region
2026-06-02 15:36:14,718 [accessibility_filter] DEBUG: REMOVED: chr20:12756694 G>A — not in accessible region
2026-06-02 15:36:14,718 [accessibility_filter] DEBUG: REMOVED: chr20:12756706 T>C — not in accessible region
2026-06-02 15:36:14,718 [accessibility_filter] DEBUG: KEPT: chr20:12788964 A>C
2026-06-02 15:36:14,718 [accessibility_filter] DEBUG: KEPT: chr20:13043827 C>A
2026-06-02 15:36:14,718 [accessibility_filter] DEBUG: KEPT: chr20:13265534 A>T
2026-06-02 15:36:14,718 [accessibility_filter] DEBUG: REMOVED: chr20:13646163 G>A — not in accessible region
2026-06-02 15:36:14,718 [accessibility_filter] DEBUG: KEPT: chr20:13911267 C>T
2026-06-02 15:36:14,718 [accessibility_filter] DEBUG: KEPT: chr20:14073461 A>T
2026-06-02 15:36:14,718 [accessibility_filter] DEBUG: KEPT: chr20:14351391 T>C
2026-06-02 15:36:14,718 [accessibility_filter] DEBUG: REMOVED: chr20:14515467 A>G — not in accessible region
2026-06-02 15:36:14,718 [accessibility_filter] DEBUG: KEPT: chr20:14589708 A>G
2026-06-02 15:36:14,718 [accessibility_filter] DEBUG: KEPT: chr20:14792383 G>A
2026-06-02 15:36:14,718 [accessibility_filter] DEBUG: KEPT: chr20:15992055 G>C
2026-06-02 15:36:14,718 [accessibility_filter] DEBUG: KEPT: chr20:16135935 T>C
2026-06-02 15:36:14,718 [accessibility_filter] DEBUG: KEPT: chr20:16241160 G>A
2026-06-02 15:36:14,718 [accessibility_filter] DEBUG: KEPT: chr20:16241173 A>C
2026-06-02 15:36:14,718 [accessibility_filter] DEBUG: KEPT: chr20:16730717 C>T
2026-06-02 15:36:14,718 [accessibility_filter] DEBUG: KEPT: chr20:16786924 A>G
2026-06-02 15:36:14,718 [accessibility_filter] DEBUG: KEPT: chr20:17448827 C>A
2026-06-02 15:36:14,718 [accessibility_filter] DEBUG: KEPT: chr20:18078502 C>A
2026-06-02 15:36:14,718 [accessibility_filter] DEBUG: REMOVED: chr20:18184492 T>G — not in accessible region
2026-06-02 15:36:14,718 [accessibility_filter] DEBUG: REMOVED: chr20:18209823 A>G — not in accessible region
2026-06-02 15:36:14,718 [accessibility_filter] DEBUG: REMOVED: chr20:18209924 C>A — not in accessible region
2026-06-02 15:36:14,718 [accessibility_filter] DEBUG: KEPT: chr20:18487989 C>A
2026-06-02 15:36:14,718 [accessibility_filter] DEBUG: KEPT: chr20:18487996 C>G
2026-06-02 15:36:14,718 [accessibility_filter] DEBUG: REMOVED: chr20:18606351 G>A — not in accessible region
2026-06-02 15:36:14,718 [accessibility_filter] DEBUG: REMOVED: chr20:19080853 C>T — not in accessible region
2026-06-02 15:36:14,718 [accessibility_filter] DEBUG: KEPT: chr20:19351589 T>C
2026-06-02 15:36:14,718 [accessibility_filter] DEBUG: KEPT: chr20:19446100 G>C
2026-06-02 15:36:14,718 [accessibility_filter] DEBUG: REMOVED: chr20:19680229 G>A — not in accessible region
2026-06-02 15:36:14,718 [accessibility_filter] DEBUG: REMOVED: chr20:19753344 A>G — not in accessible region
2026-06-02 15:36:14,718 [accessibility_filter] DEBUG: REMOVED: chr20:19810254 A>C — not in accessible region
2026-06-02 15:36:14,718 [accessibility_filter] DEBUG: REMOVED: chr20:20314998 T>C — not in accessible region
2026-06-02 15:36:14,718 [accessibility_filter] DEBUG: REMOVED: chr20:20315012 C>T — not in accessible region
2026-06-02 15:36:14,718 [accessibility_filter] DEBUG: REMOVED: chr20:20355866 G>C — not in accessible region
2026-06-02 15:36:14,718 [accessibility_filter] DEBUG: REMOVED: chr20:20381545 T>A — not in accessible region
2026-06-02 15:36:14,718 [accessibility_filter] DEBUG: KEPT: chr20:20908043 G>A
2026-06-02 15:36:14,718 [accessibility_filter] DEBUG: REMOVED: chr20:21022118 T>C — not in accessible region
2026-06-02 15:36:14,718 [accessibility_filter] DEBUG: REMOVED: chr20:21912610 C>A — not in accessible region
2026-06-02 15:36:14,718 [accessibility_filter] DEBUG: REMOVED: chr20:21912778 C>T — not in accessible region
2026-06-02 15:36:14,718 [accessibility_filter] DEBUG: REMOVED: chr20:21912814 C>T — not in accessible region
2026-06-02 15:36:14,718 [accessibility_filter] DEBUG: REMOVED: chr20:22015282 G>A — not in accessible region
2026-06-02 15:36:14,718 [accessibility_filter] DEBUG: KEPT: chr20:22097831 G>A
2026-06-02 15:36:14,718 [accessibility_filter] DEBUG: REMOVED: chr20:22256143 G>A — not in accessible region
2026-06-02 15:36:14,718 [accessibility_filter] DEBUG: KEPT: chr20:22596748 T>C
2026-06-02 15:36:14,718 [accessibility_filter] DEBUG: KEPT: chr20:22780342 C>T
2026-06-02 15:36:14,718 [accessibility_filter] DEBUG: REMOVED: chr20:22877123 C>T — not in accessible region
2026-06-02 15:36:14,719 [accessibility_filter] DEBUG: REMOVED: chr20:23262806 G>A — not in accessible region
2026-06-02 15:36:14,719 [accessibility_filter] DEBUG: REMOVED: chr20:23262808 A>T — not in accessible region
2026-06-02 15:36:14,719 [accessibility_filter] DEBUG: REMOVED: chr20:23686399 T>G — not in accessible region
2026-06-02 15:36:14,719 [accessibility_filter] DEBUG: REMOVED: chr20:23751793 T>C — not in accessible region
2026-06-02 15:36:14,719 [accessibility_filter] DEBUG: REMOVED: chr20:23794248 T>C — not in accessible region
2026-06-02 15:36:14,719 [accessibility_filter] DEBUG: KEPT: chr20:24043468 G>C
2026-06-02 15:36:14,719 [accessibility_filter] DEBUG: KEPT: chr20:24137400 G>T
2026-06-02 15:36:14,719 [accessibility_filter] DEBUG: REMOVED: chr20:24456334 T>A — not in accessible region
2026-06-02 15:36:14,719 [accessibility_filter] DEBUG: REMOVED: chr20:24517627 A>T — not in accessible region
2026-06-02 15:36:14,719 [accessibility_filter] DEBUG: KEPT: chr20:24872941 T>C
2026-06-02 15:36:14,719 [accessibility_filter] DEBUG: REMOVED: chr20:24905211 G>A — not in accessible region
2026-06-02 15:36:14,719 [accessibility_filter] DEBUG: REMOVED: chr20:24905722 T>G — not in accessible region
2026-06-02 15:36:14,719 [accessibility_filter] DEBUG: REMOVED: chr20:24905852 C>A — not in accessible region
2026-06-02 15:36:14,719 [accessibility_filter] DEBUG: REMOVED: chr20:24906174 T>C — not in accessible region
2026-06-02 15:36:14,719 [accessibility_filter] DEBUG: KEPT: chr20:25428234 C>T
2026-06-02 15:36:14,719 [accessibility_filter] DEBUG: REMOVED: chr20:25718985 C>T — not in accessible region
2026-06-02 15:36:14,719 [accessibility_filter] DEBUG: REMOVED: chr20:25755577 T>A — not in accessible region
2026-06-02 15:36:14,719 [accessibility_filter] DEBUG: REMOVED: chr20:25756296 A>G — not in accessible region
2026-06-02 15:36:14,719 [accessibility_filter] DEBUG: REMOVED: chr20:25756325 G>C — not in accessible region
2026-06-02 15:36:14,719 [accessibility_filter] DEBUG: REMOVED: chr20:25757284 T>C — not in accessible region
2026-06-02 15:36:14,719 [accessibility_filter] DEBUG: REMOVED: chr20:25757610 C>T — not in accessible region
2026-06-02 15:36:14,719 [accessibility_filter] DEBUG: REMOVED: chr20:25757636 A>T — not in accessible region
2026-06-02 15:36:14,719 [accessibility_filter] DEBUG: REMOVED: chr20:25758128 A>G — not in accessible region
2026-06-02 15:36:14,719 [accessibility_filter] DEBUG: REMOVED: chr20:25758830 A>G — not in accessible region
2026-06-02 15:36:14,719 [accessibility_filter] DEBUG: REMOVED: chr20:25762185 G>T — not in accessible region
2026-06-02 15:36:14,719 [accessibility_filter] DEBUG: REMOVED: chr20:25762817 G>A — not in accessible region
2026-06-02 15:36:14,719 [accessibility_filter] DEBUG: REMOVED: chr20:25763209 A>G — not in accessible region
2026-06-02 15:36:14,719 [accessibility_filter] DEBUG: REMOVED: chr20:25766142 A>G — not in accessible region
2026-06-02 15:36:14,719 [accessibility_filter] DEBUG: REMOVED: chr20:25772741 A>T — not in accessible region
2026-06-02 15:36:14,719 [accessibility_filter] DEBUG: REMOVED: chr20:25772767 C>A — not in accessible region
2026-06-02 15:36:14,719 [accessibility_filter] DEBUG: REMOVED: chr20:25772844 T>C — not in accessible region
2026-06-02 15:36:14,719 [accessibility_filter] DEBUG: REMOVED: chr20:25773465 T>C — not in accessible region
2026-06-02 15:36:14,719 [accessibility_filter] DEBUG: REMOVED: chr20:25773537 G>T — not in accessible region
2026-06-02 15:36:14,719 [accessibility_filter] DEBUG: REMOVED: chr20:25776535 C>T — not in accessible region
2026-06-02 15:36:14,719 [accessibility_filter] DEBUG: REMOVED: chr20:25842617 G>A — not in accessible region
2026-06-02 15:36:14,719 [accessibility_filter] DEBUG: REMOVED: chr20:25849125 C>A — not in accessible region
2026-06-02 15:36:14,719 [accessibility_filter] DEBUG: REMOVED: chr20:25849386 A>G — not in accessible region
2026-06-02 15:36:14,719 [accessibility_filter] DEBUG: REMOVED: chr20:25849705 A>G — not in accessible region
2026-06-02 15:36:14,719 [accessibility_filter] DEBUG: REMOVED: chr20:25851548 A>G — not in accessible region
2026-06-02 15:36:14,719 [accessibility_filter] DEBUG: REMOVED: chr20:25853354 G>A — not in accessible region
2026-06-02 15:36:14,719 [accessibility_filter] DEBUG: REMOVED: chr20:25853437 G>A — not in accessible region
2026-06-02 15:36:14,719 [accessibility_filter] DEBUG: REMOVED: chr20:25853795 T>C — not in accessible region
2026-06-02 15:36:14,719 [accessibility_filter] DEBUG: REMOVED: chr20:25854079 C>T — not in accessible region
2026-06-02 15:36:14,719 [accessibility_filter] DEBUG: KEPT: chr20:25854345 C>T
2026-06-02 15:36:14,719 [accessibility_filter] DEBUG: KEPT: chr20:25879314 T>C
2026-06-02 15:36:14,719 [accessibility_filter] DEBUG: KEPT: chr20:25880461 T>G
2026-06-02 15:36:14,719 [accessibility_filter] DEBUG: KEPT: chr20:25880623 C>T
2026-06-02 15:36:14,719 [accessibility_filter] DEBUG: REMOVED: chr20:25883583 A>G — not in accessible region
2026-06-02 15:36:14,719 [accessibility_filter] DEBUG: REMOVED: chr20:25884215 C>T — not in accessible region
2026-06-02 15:36:14,719 [accessibility_filter] DEBUG: REMOVED: chr20:25889591 A>G — not in accessible region
2026-06-02 15:36:14,719 [accessibility_filter] DEBUG: REMOVED: chr20:25890415 T>A — not in accessible region
2026-06-02 15:36:14,719 [accessibility_filter] DEBUG: REMOVED: chr20:25890438 G>A — not in accessible region
2026-06-02 15:36:14,719 [accessibility_filter] DEBUG: REMOVED: chr20:25891710 C>T — not in accessible region
2026-06-02 15:36:14,719 [accessibility_filter] DEBUG: REMOVED: chr20:25892789 G>A — not in accessible region
2026-06-02 15:36:14,719 [accessibility_filter] DEBUG: REMOVED: chr20:25894655 C>G — not in accessible region
2026-06-02 15:36:14,719 [accessibility_filter] DEBUG: REMOVED: chr20:25895440 C>T — not in accessible region
2026-06-02 15:36:14,719 [accessibility_filter] DEBUG: REMOVED: chr20:25899224 C>A — not in accessible region
2026-06-02 15:36:14,719 [accessibility_filter] DEBUG: REMOVED: chr20:25899273 G>A — not in accessible region
2026-06-02 15:36:14,719 [accessibility_filter] DEBUG: REMOVED: chr20:25899352 C>T — not in accessible region
2026-06-02 15:36:14,719 [accessibility_filter] DEBUG: REMOVED: chr20:25899386 A>C — not in accessible region
2026-06-02 15:36:14,720 [accessibility_filter] DEBUG: REMOVED: chr20:25899450 A>G — not in accessible region
2026-06-02 15:36:14,720 [accessibility_filter] DEBUG: REMOVED: chr20:25902072 G>T — not in accessible region
2026-06-02 15:36:14,720 [accessibility_filter] DEBUG: REMOVED: chr20:25902253 C>T — not in accessible region
2026-06-02 15:36:14,720 [accessibility_filter] DEBUG: REMOVED: chr20:25902494 T>G — not in accessible region
2026-06-02 15:36:14,720 [accessibility_filter] DEBUG: REMOVED: chr20:25902565 C>A — not in accessible region
2026-06-02 15:36:14,720 [accessibility_filter] DEBUG: REMOVED: chr20:25904307 C>T — not in accessible region
2026-06-02 15:36:14,720 [accessibility_filter] DEBUG: REMOVED: chr20:25909794 C>T — not in accessible region
2026-06-02 15:36:14,720 [accessibility_filter] DEBUG: REMOVED: chr20:25909806 C>T — not in accessible region
2026-06-02 15:36:14,720 [accessibility_filter] DEBUG: REMOVED: chr20:25914917 C>A — not in accessible region
2026-06-02 15:36:14,720 [accessibility_filter] DEBUG: REMOVED: chr20:25915919 A>T — not in accessible region
2026-06-02 15:36:14,720 [accessibility_filter] DEBUG: REMOVED: chr20:25917299 C>T — not in accessible region
2026-06-02 15:36:14,720 [accessibility_filter] DEBUG: REMOVED: chr20:25917359 A>C — not in accessible region
2026-06-02 15:36:14,720 [accessibility_filter] DEBUG: REMOVED: chr20:25918130 C>T — not in accessible region
2026-06-02 15:36:14,720 [accessibility_filter] DEBUG: REMOVED: chr20:25918302 A>G — not in accessible region
2026-06-02 15:36:14,720 [accessibility_filter] DEBUG: REMOVED: chr20:25919640 G>T — not in accessible region
2026-06-02 15:36:14,720 [accessibility_filter] DEBUG: REMOVED: chr20:25919650 G>T — not in accessible region
2026-06-02 15:36:14,720 [accessibility_filter] DEBUG: REMOVED: chr20:25919811 A>G — not in accessible region
2026-06-02 15:36:14,720 [accessibility_filter] DEBUG: REMOVED: chr20:25919929 G>A — not in accessible region
2026-06-02 15:36:14,720 [accessibility_filter] DEBUG: REMOVED: chr20:25921269 G>A — not in accessible region
2026-06-02 15:36:14,720 [accessibility_filter] DEBUG: REMOVED: chr20:25925743 T>A — not in accessible region
2026-06-02 15:36:14,720 [accessibility_filter] DEBUG: REMOVED: chr20:25925780 T>C — not in accessible region
2026-06-02 15:36:14,720 [accessibility_filter] DEBUG: REMOVED: chr20:25926847 T>C — not in accessible region
2026-06-02 15:36:14,720 [accessibility_filter] DEBUG: REMOVED: chr20:25926941 A>G — not in accessible region
2026-06-02 15:36:14,720 [accessibility_filter] DEBUG: REMOVED: chr20:25931820 G>A — not in accessible region
2026-06-02 15:36:14,720 [accessibility_filter] DEBUG: KEPT: chr20:25933256 G>A
2026-06-02 15:36:14,720 [accessibility_filter] DEBUG: REMOVED: chr20:25934275 G>T — not in accessible region
2026-06-02 15:36:14,720 [accessibility_filter] DEBUG: REMOVED: chr20:25934544 A>T — not in accessible region
2026-06-02 15:36:14,720 [accessibility_filter] DEBUG: REMOVED: chr20:25934581 G>A — not in accessible region
2026-06-02 15:36:14,720 [accessibility_filter] DEBUG: REMOVED: chr20:25935235 G>A — not in accessible region
2026-06-02 15:36:14,720 [accessibility_filter] DEBUG: REMOVED: chr20:25935496 T>C — not in accessible region
2026-06-02 15:36:14,720 [accessibility_filter] DEBUG: REMOVED: chr20:25936019 C>T — not in accessible region
2026-06-02 15:36:14,720 [accessibility_filter] DEBUG: REMOVED: chr20:25936113 T>A — not in accessible region
2026-06-02 15:36:14,720 [accessibility_filter] DEBUG: REMOVED: chr20:25936415 A>G — not in accessible region
2026-06-02 15:36:14,720 [accessibility_filter] DEBUG: REMOVED: chr20:25937955 G>A — not in accessible region
2026-06-02 15:36:14,720 [accessibility_filter] DEBUG: KEPT: chr20:25938614 C>G
2026-06-02 15:36:14,720 [accessibility_filter] DEBUG: KEPT: chr20:25939181 A>T
2026-06-02 15:36:14,720 [accessibility_filter] DEBUG: REMOVED: chr20:25939908 C>T — not in accessible region
2026-06-02 15:36:14,720 [accessibility_filter] DEBUG: REMOVED: chr20:25940253 A>G — not in accessible region
2026-06-02 15:36:14,720 [accessibility_filter] DEBUG: KEPT: chr20:25940687 T>C
2026-06-02 15:36:14,720 [accessibility_filter] DEBUG: REMOVED: chr20:25940711 G>T — not in accessible region
2026-06-02 15:36:14,720 [accessibility_filter] DEBUG: REMOVED: chr20:25942551 G>A — not in accessible region
2026-06-02 15:36:14,720 [accessibility_filter] DEBUG: REMOVED: chr20:25942926 G>A — not in accessible region
2026-06-02 15:36:14,720 [accessibility_filter] DEBUG: REMOVED: chr20:25943740 A>C — not in accessible region
2026-06-02 15:36:14,720 [accessibility_filter] DEBUG: REMOVED: chr20:25944229 A>C — not in accessible region
2026-06-02 15:36:14,720 [accessibility_filter] DEBUG: REMOVED: chr20:25944414 C>T — not in accessible region
2026-06-02 15:36:14,720 [accessibility_filter] DEBUG: REMOVED: chr20:25944485 A>T — not in accessible region
2026-06-02 15:36:14,720 [accessibility_filter] DEBUG: REMOVED: chr20:25945414 T>C — not in accessible region
2026-06-02 15:36:14,720 [accessibility_filter] DEBUG: REMOVED: chr20:25947114 A>T — not in accessible region
2026-06-02 15:36:14,720 [accessibility_filter] DEBUG: REMOVED: chr20:25948357 A>G — not in accessible region
2026-06-02 15:36:14,720 [accessibility_filter] DEBUG: REMOVED: chr20:25948431 C>T — not in accessible region
2026-06-02 15:36:14,720 [accessibility_filter] DEBUG: REMOVED: chr20:25949283 G>C — not in accessible region
2026-06-02 15:36:14,720 [accessibility_filter] DEBUG: REMOVED: chr20:25949563 C>T — not in accessible region
2026-06-02 15:36:14,720 [accessibility_filter] DEBUG: REMOVED: chr20:25949931 A>C — not in accessible region
2026-06-02 15:36:14,720 [accessibility_filter] DEBUG: KEPT: chr20:25950120 A>G
2026-06-02 15:36:14,720 [accessibility_filter] DEBUG: KEPT: chr20:25950722 A>G
2026-06-02 15:36:14,720 [accessibility_filter] DEBUG: REMOVED: chr20:25951002 T>G — not in accessible region
2026-06-02 15:36:14,720 [accessibility_filter] DEBUG: REMOVED: chr20:25951567 A>G — not in accessible region
2026-06-02 15:36:14,720 [accessibility_filter] DEBUG: REMOVED: chr20:25952835 C>G — not in accessible region
2026-06-02 15:36:14,720 [accessibility_filter] DEBUG: REMOVED: chr20:25953225 G>A — not in accessible region
2026-06-02 15:36:14,720 [accessibility_filter] DEBUG: REMOVED: chr20:25953335 G>A — not in accessible region
2026-06-02 15:36:14,721 [accessibility_filter] DEBUG: REMOVED: chr20:25953716 C>G — not in accessible region
2026-06-02 15:36:14,721 [accessibility_filter] DEBUG: REMOVED: chr20:25954024 A>G — not in accessible region
2026-06-02 15:36:14,721 [accessibility_filter] DEBUG: KEPT: chr20:25954916 C>A
2026-06-02 15:36:14,721 [accessibility_filter] DEBUG: KEPT: chr20:25955065 G>T
2026-06-02 15:36:14,721 [accessibility_filter] DEBUG: REMOVED: chr20:25955229 A>T — not in accessible region
2026-06-02 15:36:14,721 [accessibility_filter] DEBUG: REMOVED: chr20:25955816 A>G — not in accessible region
2026-06-02 15:36:14,721 [accessibility_filter] DEBUG: REMOVED: chr20:25955858 T>C — not in accessible region
2026-06-02 15:36:14,721 [accessibility_filter] DEBUG: REMOVED: chr20:25956490 C>A — not in accessible region
2026-06-02 15:36:14,721 [accessibility_filter] DEBUG: REMOVED: chr20:25956634 T>C — not in accessible region
2026-06-02 15:36:14,721 [accessibility_filter] DEBUG: REMOVED: chr20:25958256 T>G — not in accessible region
2026-06-02 15:36:14,721 [accessibility_filter] DEBUG: REMOVED: chr20:25959171 G>T — not in accessible region
2026-06-02 15:36:14,721 [accessibility_filter] DEBUG: KEPT: chr20:25959418 T>G
2026-06-02 15:36:14,721 [accessibility_filter] DEBUG: KEPT: chr20:25959443 A>G
2026-06-02 15:36:14,721 [accessibility_filter] DEBUG: REMOVED: chr20:25960327 T>C — not in accessible region
2026-06-02 15:36:14,721 [accessibility_filter] DEBUG: REMOVED: chr20:26001917 T>G — not in accessible region
2026-06-02 15:36:14,721 [accessibility_filter] DEBUG: REMOVED: chr20:26080809 C>G — not in accessible region
2026-06-02 15:36:14,721 [accessibility_filter] DEBUG: REMOVED: chr20:26082073 A>G — not in accessible region
2026-06-02 15:36:14,721 [accessibility_filter] DEBUG: REMOVED: chr20:26082081 G>A — not in accessible region
2026-06-02 15:36:14,721 [accessibility_filter] DEBUG: REMOVED: chr20:26089011 T>G — not in accessible region
2026-06-02 15:36:14,721 [accessibility_filter] DEBUG: REMOVED: chr20:26090373 T>C — not in accessible region
2026-06-02 15:36:14,721 [accessibility_filter] DEBUG: REMOVED: chr20:26093428 C>A — not in accessible region
2026-06-02 15:36:14,721 [accessibility_filter] DEBUG: REMOVED: chr20:26095344 C>T — not in accessible region
2026-06-02 15:36:14,721 [accessibility_filter] DEBUG: REMOVED: chr20:26095804 A>C — not in accessible region
2026-06-02 15:36:14,721 [accessibility_filter] DEBUG: REMOVED: chr20:26096163 T>C — not in accessible region
2026-06-02 15:36:14,721 [accessibility_filter] DEBUG: REMOVED: chr20:26096170 G>A — not in accessible region
2026-06-02 15:36:14,721 [accessibility_filter] DEBUG: REMOVED: chr20:26098259 C>T — not in accessible region
2026-06-02 15:36:14,721 [accessibility_filter] DEBUG: REMOVED: chr20:26098920 G>A — not in accessible region
2026-06-02 15:36:14,721 [accessibility_filter] DEBUG: REMOVED: chr20:26099019 T>C — not in accessible region
2026-06-02 15:36:14,721 [accessibility_filter] DEBUG: REMOVED: chr20:26099334 A>G — not in accessible region
2026-06-02 15:36:14,721 [accessibility_filter] DEBUG: REMOVED: chr20:26100246 G>C — not in accessible region
2026-06-02 15:36:14,721 [accessibility_filter] DEBUG: REMOVED: chr20:26100352 A>T — not in accessible region
2026-06-02 15:36:14,721 [accessibility_filter] DEBUG: REMOVED: chr20:26101132 T>C — not in accessible region
2026-06-02 15:36:14,721 [accessibility_filter] DEBUG: REMOVED: chr20:26102080 A>C — not in accessible region
2026-06-02 15:36:14,721 [accessibility_filter] DEBUG: KEPT: chr20:26104702 T>C
2026-06-02 15:36:14,721 [accessibility_filter] DEBUG: REMOVED: chr20:26105189 G>A — not in accessible region
2026-06-02 15:36:14,721 [accessibility_filter] DEBUG: REMOVED: chr20:26106819 A>C — not in accessible region
2026-06-02 15:36:14,721 [accessibility_filter] DEBUG: KEPT: chr20:26107054 A>T
2026-06-02 15:36:14,721 [accessibility_filter] DEBUG: KEPT: chr20:26108443 T>C
2026-06-02 15:36:14,721 [accessibility_filter] DEBUG: REMOVED: chr20:26108948 G>A — not in accessible region
2026-06-02 15:36:14,721 [accessibility_filter] DEBUG: REMOVED: chr20:26109783 G>A — not in accessible region
2026-06-02 15:36:14,721 [accessibility_filter] DEBUG: REMOVED: chr20:26110255 T>G — not in accessible region
2026-06-02 15:36:14,721 [accessibility_filter] DEBUG: REMOVED: chr20:26111560 G>A — not in accessible region
2026-06-02 15:36:14,721 [accessibility_filter] DEBUG: KEPT: chr20:26112496 G>A
2026-06-02 15:36:14,721 [accessibility_filter] DEBUG: REMOVED: chr20:26112722 C>T — not in accessible region
2026-06-02 15:36:14,721 [accessibility_filter] DEBUG: REMOVED: chr20:26124407 C>G — not in accessible region
2026-06-02 15:36:14,721 [accessibility_filter] DEBUG: KEPT: chr20:26125809 G>A
2026-06-02 15:36:14,721 [accessibility_filter] DEBUG: REMOVED: chr20:26126366 C>T — not in accessible region
2026-06-02 15:36:14,721 [accessibility_filter] DEBUG: REMOVED: chr20:26127961 T>C — not in accessible region
2026-06-02 15:36:14,721 [accessibility_filter] DEBUG: KEPT: chr20:26143403 G>A
2026-06-02 15:36:14,721 [accessibility_filter] DEBUG: REMOVED: chr20:26143521 T>C — not in accessible region
2026-06-02 15:36:14,721 [accessibility_filter] DEBUG: KEPT: chr20:26144958 A>G
2026-06-02 15:36:14,721 [accessibility_filter] DEBUG: REMOVED: chr20:26147534 A>G — not in accessible region
2026-06-02 15:36:14,721 [accessibility_filter] DEBUG: KEPT: chr20:26148044 T>C
2026-06-02 15:36:14,721 [accessibility_filter] DEBUG: KEPT: chr20:26148811 T>A
2026-06-02 15:36:14,721 [accessibility_filter] DEBUG: REMOVED: chr20:26149309 A>G — not in accessible region
2026-06-02 15:36:14,721 [accessibility_filter] DEBUG: REMOVED: chr20:26149429 G>A — not in accessible region
2026-06-02 15:36:14,721 [accessibility_filter] DEBUG: KEPT: chr20:26150574 G>A
2026-06-02 15:36:14,721 [accessibility_filter] DEBUG: KEPT: chr20:26151195 T>C
2026-06-02 15:36:14,721 [accessibility_filter] DEBUG: REMOVED: chr20:26152180 G>T — not in accessible region
2026-06-02 15:36:14,721 [accessibility_filter] DEBUG: KEPT: chr20:26154006 A>G
2026-06-02 15:36:14,722 [accessibility_filter] DEBUG: KEPT: chr20:26154769 A>G
2026-06-02 15:36:14,722 [accessibility_filter] DEBUG: REMOVED: chr20:26156525 G>A — not in accessible region
2026-06-02 15:36:14,722 [accessibility_filter] DEBUG: REMOVED: chr20:26157157 T>C — not in accessible region
2026-06-02 15:36:14,722 [accessibility_filter] DEBUG: REMOVED: chr20:26157570 G>A — not in accessible region
2026-06-02 15:36:14,722 [accessibility_filter] DEBUG: REMOVED: chr20:26158671 T>C — not in accessible region
2026-06-02 15:36:14,722 [accessibility_filter] DEBUG: KEPT: chr20:26159533 A>G
2026-06-02 15:36:14,722 [accessibility_filter] DEBUG: REMOVED: chr20:26159942 T>G — not in accessible region
2026-06-02 15:36:14,722 [accessibility_filter] DEBUG: KEPT: chr20:26160690 T>A
2026-06-02 15:36:14,722 [accessibility_filter] DEBUG: KEPT: chr20:26160727 T>C
2026-06-02 15:36:14,722 [accessibility_filter] DEBUG: KEPT: chr20:26161450 G>T
2026-06-02 15:36:14,722 [accessibility_filter] DEBUG: REMOVED: chr20:26165479 G>A — not in accessible region
2026-06-02 15:36:14,722 [accessibility_filter] DEBUG: REMOVED: chr20:26165527 C>T — not in accessible region
2026-06-02 15:36:14,722 [accessibility_filter] DEBUG: REMOVED: chr20:26168423 C>T — not in accessible region
2026-06-02 15:36:14,722 [accessibility_filter] DEBUG: KEPT: chr20:26219007 C>A
2026-06-02 15:36:14,722 [accessibility_filter] DEBUG: REMOVED: chr20:26219392 C>A — not in accessible region
2026-06-02 15:36:14,722 [accessibility_filter] DEBUG: REMOVED: chr20:26220508 G>T — not in accessible region
2026-06-02 15:36:14,722 [accessibility_filter] DEBUG: REMOVED: chr20:26222462 C>T — not in accessible region
2026-06-02 15:36:14,722 [accessibility_filter] DEBUG: REMOVED: chr20:26222982 A>G — not in accessible region
2026-06-02 15:36:14,722 [accessibility_filter] DEBUG: REMOVED: chr20:26223877 G>T — not in accessible region
2026-06-02 15:36:14,722 [accessibility_filter] DEBUG: KEPT: chr20:26226197 T>C
2026-06-02 15:36:14,722 [accessibility_filter] DEBUG: KEPT: chr20:26228204 A>T
2026-06-02 15:36:14,722 [accessibility_filter] DEBUG: REMOVED: chr20:26228282 T>C — not in accessible region
2026-06-02 15:36:14,722 [accessibility_filter] DEBUG: REMOVED: chr20:26228622 T>A — not in accessible region
2026-06-02 15:36:14,722 [accessibility_filter] DEBUG: REMOVED: chr20:26230720 T>C — not in accessible region
2026-06-02 15:36:14,722 [accessibility_filter] DEBUG: KEPT: chr20:26232794 C>T
2026-06-02 15:36:14,722 [accessibility_filter] DEBUG: KEPT: chr20:26232798 C>A
2026-06-02 15:36:14,722 [accessibility_filter] DEBUG: REMOVED: chr20:26232896 G>A — not in accessible region
2026-06-02 15:36:14,722 [accessibility_filter] DEBUG: REMOVED: chr20:26233883 T>C — not in accessible region
2026-06-02 15:36:14,722 [accessibility_filter] DEBUG: REMOVED: chr20:26258215 T>A — not in accessible region
2026-06-02 15:36:14,722 [accessibility_filter] DEBUG: REMOVED: chr20:26258217 G>A — not in accessible region
2026-06-02 15:36:14,722 [accessibility_filter] DEBUG: REMOVED: chr20:26258794 A>G — not in accessible region
2026-06-02 15:36:14,722 [accessibility_filter] DEBUG: REMOVED: chr20:26258830 T>C — not in accessible region
2026-06-02 15:36:14,722 [accessibility_filter] DEBUG: REMOVED: chr20:26259202 A>G — not in accessible region
2026-06-02 15:36:14,722 [accessibility_filter] DEBUG: REMOVED: chr20:26262172 G>A — not in accessible region
2026-06-02 15:36:14,722 [accessibility_filter] DEBUG: KEPT: chr20:26262196 A>T
2026-06-02 15:36:14,722 [accessibility_filter] DEBUG: REMOVED: chr20:26262551 A>G — not in accessible region
2026-06-02 15:36:14,722 [accessibility_filter] DEBUG: REMOVED: chr20:26264679 T>C — not in accessible region
2026-06-02 15:36:14,722 [accessibility_filter] DEBUG: REMOVED: chr20:26265273 G>T — not in accessible region
2026-06-02 15:36:14,722 [accessibility_filter] DEBUG: REMOVED: chr20:26265278 C>T — not in accessible region
2026-06-02 15:36:14,722 [accessibility_filter] DEBUG: REMOVED: chr20:26265655 C>T — not in accessible region
2026-06-02 15:36:14,722 [accessibility_filter] DEBUG: REMOVED: chr20:26266800 A>G — not in accessible region
2026-06-02 15:36:14,722 [accessibility_filter] DEBUG: REMOVED: chr20:26270325 G>A — not in accessible region
2026-06-02 15:36:14,722 [accessibility_filter] DEBUG: REMOVED: chr20:26271468 T>C — not in accessible region
2026-06-02 15:36:14,722 [accessibility_filter] DEBUG: REMOVED: chr20:26273046 T>G — not in accessible region
2026-06-02 15:36:14,722 [accessibility_filter] DEBUG: REMOVED: chr20:26274937 A>T — not in accessible region
2026-06-02 15:36:14,722 [accessibility_filter] DEBUG: REMOVED: chr20:26275376 C>T — not in accessible region
2026-06-02 15:36:14,722 [accessibility_filter] DEBUG: REMOVED: chr20:26275929 G>A — not in accessible region
2026-06-02 15:36:14,722 [accessibility_filter] DEBUG: REMOVED: chr20:26337643 A>G — not in accessible region
2026-06-02 15:36:14,722 [accessibility_filter] DEBUG: REMOVED: chr20:26339863 G>C — not in accessible region
2026-06-02 15:36:14,722 [accessibility_filter] DEBUG: REMOVED: chr20:26339944 C>T — not in accessible region
2026-06-02 15:36:14,722 [accessibility_filter] DEBUG: REMOVED: chr20:26341254 C>T — not in accessible region
2026-06-02 15:36:14,722 [accessibility_filter] DEBUG: REMOVED: chr20:26341296 G>A — not in accessible region
2026-06-02 15:36:14,722 [accessibility_filter] DEBUG: REMOVED: chr20:26341494 C>T — not in accessible region
2026-06-02 15:36:14,722 [accessibility_filter] DEBUG: REMOVED: chr20:26343425 T>C — not in accessible region
2026-06-02 15:36:14,722 [accessibility_filter] DEBUG: REMOVED: chr20:26343477 C>T — not in accessible region
2026-06-02 15:36:14,722 [accessibility_filter] DEBUG: REMOVED: chr20:26343619 G>T — not in accessible region
2026-06-02 15:36:14,722 [accessibility_filter] DEBUG: REMOVED: chr20:26344268 A>G — not in accessible region
2026-06-02 15:36:14,722 [accessibility_filter] DEBUG: REMOVED: chr20:26345092 A>T — not in accessible region
2026-06-02 15:36:14,722 [accessibility_filter] DEBUG: REMOVED: chr20:26345332 A>G — not in accessible region
2026-06-02 15:36:14,722 [accessibility_filter] DEBUG: REMOVED: chr20:26346491 A>T — not in accessible region
2026-06-02 15:36:14,723 [accessibility_filter] DEBUG: REMOVED: chr20:26346991 A>C — not in accessible region
2026-06-02 15:36:14,723 [accessibility_filter] DEBUG: REMOVED: chr20:26347953 A>T — not in accessible region
2026-06-02 15:36:14,723 [accessibility_filter] DEBUG: REMOVED: chr20:26347985 C>T — not in accessible region
2026-06-02 15:36:14,723 [accessibility_filter] DEBUG: REMOVED: chr20:26348083 G>A — not in accessible region
2026-06-02 15:36:14,723 [accessibility_filter] DEBUG: REMOVED: chr20:26348990 T>C — not in accessible region
2026-06-02 15:36:14,723 [accessibility_filter] DEBUG: REMOVED: chr20:26349208 G>A — not in accessible region
2026-06-02 15:36:14,723 [accessibility_filter] DEBUG: REMOVED: chr20:26349742 G>A — not in accessible region
2026-06-02 15:36:14,723 [accessibility_filter] DEBUG: REMOVED: chr20:26349898 C>T — not in accessible region
2026-06-02 15:36:14,723 [accessibility_filter] DEBUG: REMOVED: chr20:26351031 G>T — not in accessible region
2026-06-02 15:36:14,723 [accessibility_filter] DEBUG: REMOVED: chr20:26351922 G>T — not in accessible region
2026-06-02 15:36:14,723 [accessibility_filter] DEBUG: REMOVED: chr20:26352297 C>T — not in accessible region
2026-06-02 15:36:14,723 [accessibility_filter] DEBUG: REMOVED: chr20:26353067 G>A — not in accessible region
2026-06-02 15:36:14,723 [accessibility_filter] DEBUG: REMOVED: chr20:26353739 A>T — not in accessible region
2026-06-02 15:36:14,723 [accessibility_filter] DEBUG: REMOVED: chr20:26353786 G>T — not in accessible region
2026-06-02 15:36:14,723 [accessibility_filter] DEBUG: REMOVED: chr20:26354255 T>A — not in accessible region
2026-06-02 15:36:14,723 [accessibility_filter] DEBUG: KEPT: chr20:26354476 G>A
2026-06-02 15:36:14,723 [accessibility_filter] DEBUG: REMOVED: chr20:26355062 A>T — not in accessible region
2026-06-02 15:36:14,723 [accessibility_filter] DEBUG: REMOVED: chr20:26356093 T>C — not in accessible region
2026-06-02 15:36:14,723 [accessibility_filter] DEBUG: REMOVED: chr20:26356288 T>G — not in accessible region
2026-06-02 15:36:14,723 [accessibility_filter] DEBUG: REMOVED: chr20:26356736 T>A — not in accessible region
2026-06-02 15:36:14,723 [accessibility_filter] DEBUG: KEPT: chr20:26357243 T>C
2026-06-02 15:36:14,723 [accessibility_filter] DEBUG: REMOVED: chr20:26357430 T>C — not in accessible region
2026-06-02 15:36:14,723 [accessibility_filter] DEBUG: REMOVED: chr20:26357514 C>T — not in accessible region
2026-06-02 15:36:14,723 [accessibility_filter] DEBUG: REMOVED: chr20:26357893 C>G — not in accessible region
2026-06-02 15:36:14,723 [accessibility_filter] DEBUG: REMOVED: chr20:26358599 G>A — not in accessible region
2026-06-02 15:36:14,723 [accessibility_filter] DEBUG: REMOVED: chr20:26358695 C>T — not in accessible region
2026-06-02 15:36:14,723 [accessibility_filter] DEBUG: REMOVED: chr20:26358924 T>C — not in accessible region
2026-06-02 15:36:14,723 [accessibility_filter] DEBUG: REMOVED: chr20:26359136 A>G — not in accessible region
2026-06-02 15:36:14,723 [accessibility_filter] DEBUG: REMOVED: chr20:26359167 A>G — not in accessible region
2026-06-02 15:36:14,723 [accessibility_filter] DEBUG: REMOVED: chr20:26359425 C>T — not in accessible region
2026-06-02 15:36:14,723 [accessibility_filter] DEBUG: REMOVED: chr20:26359567 G>A — not in accessible region
2026-06-02 15:36:14,723 [accessibility_filter] DEBUG: REMOVED: chr20:26359888 C>T — not in accessible region
2026-06-02 15:36:14,723 [accessibility_filter] DEBUG: REMOVED: chr20:26361822 G>T — not in accessible region
2026-06-02 15:36:14,723 [accessibility_filter] DEBUG: REMOVED: chr20:26361963 G>A — not in accessible region
2026-06-02 15:36:14,723 [accessibility_filter] DEBUG: KEPT: chr20:26362391 T>A
2026-06-02 15:36:14,723 [accessibility_filter] DEBUG: REMOVED: chr20:26362642 G>C — not in accessible region
2026-06-02 15:36:14,723 [accessibility_filter] DEBUG: REMOVED: chr20:26362908 C>T — not in accessible region
2026-06-02 15:36:14,723 [accessibility_filter] DEBUG: KEPT: chr20:26363175 A>G
2026-06-02 15:36:14,723 [accessibility_filter] DEBUG: KEPT: chr20:26363182 G>A
2026-06-02 15:36:14,723 [accessibility_filter] DEBUG: REMOVED: chr20:26363852 G>C — not in accessible region
2026-06-02 15:36:14,723 [accessibility_filter] DEBUG: REMOVED: chr20:26365811 A>C — not in accessible region
2026-06-02 15:36:14,723 [accessibility_filter] DEBUG: REMOVED: chr20:26365837 A>G — not in accessible region
2026-06-02 15:36:14,723 [accessibility_filter] DEBUG: REMOVED: chr20:26366419 G>C — not in accessible region
2026-06-02 15:36:14,723 [accessibility_filter] DEBUG: REMOVED: chr20:26367370 G>A — not in accessible region
2026-06-02 15:36:14,723 [accessibility_filter] DEBUG: KEPT: chr20:26367895 G>A
2026-06-02 15:36:14,723 [accessibility_filter] DEBUG: REMOVED: chr20:26368388 T>C — not in accessible region
2026-06-02 15:36:14,723 [accessibility_filter] DEBUG: REMOVED: chr20:26368670 G>A — not in accessible region
2026-06-02 15:36:14,723 [accessibility_filter] DEBUG: REMOVED: chr20:26369574 G>T — not in accessible region
2026-06-02 15:36:14,723 [accessibility_filter] DEBUG: REMOVED: chr20:26369661 C>A — not in accessible region
2026-06-02 15:36:14,723 [accessibility_filter] DEBUG: REMOVED: chr20:26370360 G>C — not in accessible region
2026-06-02 15:36:14,723 [accessibility_filter] DEBUG: REMOVED: chr20:26371116 T>C — not in accessible region
2026-06-02 15:36:14,723 [accessibility_filter] DEBUG: REMOVED: chr20:26371336 C>T — not in accessible region
2026-06-02 15:36:14,723 [accessibility_filter] DEBUG: REMOVED: chr20:26371766 C>T — not in accessible region
2026-06-02 15:36:14,723 [accessibility_filter] DEBUG: REMOVED: chr20:26372274 C>G — not in accessible region
2026-06-02 15:36:14,723 [accessibility_filter] DEBUG: REMOVED: chr20:26372340 C>A — not in accessible region
2026-06-02 15:36:14,723 [accessibility_filter] DEBUG: REMOVED: chr20:26372453 T>C — not in accessible region
2026-06-02 15:36:14,723 [accessibility_filter] DEBUG: REMOVED: chr20:26373648 T>C — not in accessible region
2026-06-02 15:36:14,723 [accessibility_filter] DEBUG: REMOVED: chr20:26374466 C>T — not in accessible region
2026-06-02 15:36:14,723 [accessibility_filter] DEBUG: REMOVED: chr20:26374472 T>C — not in accessible region
2026-06-02 15:36:14,724 [accessibility_filter] DEBUG: REMOVED: chr20:26374837 A>T — not in accessible region
2026-06-02 15:36:14,724 [accessibility_filter] DEBUG: REMOVED: chr20:26375053 T>G — not in accessible region
2026-06-02 15:36:14,724 [accessibility_filter] DEBUG: REMOVED: chr20:26375104 T>C — not in accessible region
2026-06-02 15:36:14,724 [accessibility_filter] DEBUG: REMOVED: chr20:26375652 G>A — not in accessible region
2026-06-02 15:36:14,724 [accessibility_filter] DEBUG: REMOVED: chr20:26375844 G>A — not in accessible region
2026-06-02 15:36:14,724 [accessibility_filter] DEBUG: REMOVED: chr20:26377021 G>C — not in accessible region
2026-06-02 15:36:14,724 [accessibility_filter] DEBUG: REMOVED: chr20:26377066 C>T — not in accessible region
2026-06-02 15:36:14,724 [accessibility_filter] DEBUG: REMOVED: chr20:26377344 C>T — not in accessible region
2026-06-02 15:36:14,724 [accessibility_filter] DEBUG: REMOVED: chr20:26377395 G>A — not in accessible region
2026-06-02 15:36:14,724 [accessibility_filter] DEBUG: REMOVED: chr20:26377634 A>G — not in accessible region
2026-06-02 15:36:14,724 [accessibility_filter] DEBUG: REMOVED: chr20:26377873 T>G — not in accessible region
2026-06-02 15:36:14,724 [accessibility_filter] DEBUG: REMOVED: chr20:26378198 T>C — not in accessible region
2026-06-02 15:36:14,724 [accessibility_filter] DEBUG: REMOVED: chr20:26378266 G>C — not in accessible region
2026-06-02 15:36:14,724 [accessibility_filter] DEBUG: REMOVED: chr20:26378384 C>T — not in accessible region
2026-06-02 15:36:14,724 [accessibility_filter] DEBUG: REMOVED: chr20:26378503 G>A — not in accessible region
2026-06-02 15:36:14,724 [accessibility_filter] DEBUG: REMOVED: chr20:26378939 T>C — not in accessible region
2026-06-02 15:36:14,724 [accessibility_filter] DEBUG: REMOVED: chr20:26379739 G>C — not in accessible region
2026-06-02 15:36:14,724 [accessibility_filter] DEBUG: REMOVED: chr20:26379934 A>T — not in accessible region
2026-06-02 15:36:14,724 [accessibility_filter] DEBUG: REMOVED: chr20:26380225 C>T — not in accessible region
2026-06-02 15:36:14,724 [accessibility_filter] DEBUG: REMOVED: chr20:26380359 T>A — not in accessible region
2026-06-02 15:36:14,724 [accessibility_filter] DEBUG: REMOVED: chr20:26380967 C>T — not in accessible region
2026-06-02 15:36:14,724 [accessibility_filter] DEBUG: REMOVED: chr20:26381006 C>A — not in accessible region
2026-06-02 15:36:14,724 [accessibility_filter] DEBUG: REMOVED: chr20:26381475 C>T — not in accessible region
2026-06-02 15:36:14,724 [accessibility_filter] DEBUG: REMOVED: chr20:26382642 T>A — not in accessible region
2026-06-02 15:36:14,724 [accessibility_filter] DEBUG: REMOVED: chr20:26383098 A>G — not in accessible region
2026-06-02 15:36:14,724 [accessibility_filter] DEBUG: REMOVED: chr20:26383216 C>A — not in accessible region
2026-06-02 15:36:14,724 [accessibility_filter] DEBUG: REMOVED: chr20:26383458 G>T — not in accessible region
2026-06-02 15:36:14,724 [accessibility_filter] DEBUG: REMOVED: chr20:26383481 T>C — not in accessible region
2026-06-02 15:36:14,724 [accessibility_filter] DEBUG: REMOVED: chr20:26383860 C>A — not in accessible region
2026-06-02 15:36:14,724 [accessibility_filter] DEBUG: REMOVED: chr20:26384060 G>T — not in accessible region
2026-06-02 15:36:14,724 [accessibility_filter] DEBUG: REMOVED: chr20:26384067 T>G — not in accessible region
2026-06-02 15:36:14,724 [accessibility_filter] DEBUG: REMOVED: chr20:26385043 T>C — not in accessible region
2026-06-02 15:36:14,724 [accessibility_filter] DEBUG: REMOVED: chr20:26385179 G>A — not in accessible region
2026-06-02 15:36:14,724 [accessibility_filter] DEBUG: REMOVED: chr20:26385553 T>A — not in accessible region
2026-06-02 15:36:14,724 [accessibility_filter] DEBUG: REMOVED: chr20:26385691 T>C — not in accessible region
2026-06-02 15:36:14,724 [accessibility_filter] DEBUG: REMOVED: chr20:26444360 C>A — not in accessible region
2026-06-02 15:36:14,724 [accessibility_filter] DEBUG: REMOVED: chr20:26452582 A>G — not in accessible region
2026-06-02 15:36:14,724 [accessibility_filter] DEBUG: REMOVED: chr20:26452623 G>T — not in accessible region
2026-06-02 15:36:14,724 [accessibility_filter] DEBUG: REMOVED: chr20:26460199 A>T — not in accessible region
2026-06-02 15:36:14,724 [accessibility_filter] DEBUG: REMOVED: chr20:26477836 A>G — not in accessible region
2026-06-02 15:36:14,724 [accessibility_filter] DEBUG: REMOVED: chr20:26486362 T>C — not in accessible region
2026-06-02 15:36:14,724 [accessibility_filter] DEBUG: REMOVED: chr20:26494838 A>G — not in accessible region
2026-06-02 15:36:14,724 [accessibility_filter] DEBUG: REMOVED: chr20:26515025 T>C — not in accessible region
2026-06-02 15:36:14,724 [accessibility_filter] DEBUG: REMOVED: chr20:26515906 T>C — not in accessible region
2026-06-02 15:36:14,724 [accessibility_filter] DEBUG: REMOVED: chr20:26516340 T>C — not in accessible region
2026-06-02 15:36:14,724 [accessibility_filter] DEBUG: REMOVED: chr20:26517462 G>A — not in accessible region
2026-06-02 15:36:14,724 [accessibility_filter] DEBUG: REMOVED: chr20:26517504 T>G — not in accessible region
2026-06-02 15:36:14,724 [accessibility_filter] DEBUG: REMOVED: chr20:26520721 C>A — not in accessible region
2026-06-02 15:36:14,724 [accessibility_filter] DEBUG: REMOVED: chr20:26521151 C>T — not in accessible region
2026-06-02 15:36:14,724 [accessibility_filter] DEBUG: REMOVED: chr20:26533913 G>A — not in accessible region
2026-06-02 15:36:14,724 [accessibility_filter] DEBUG: REMOVED: chr20:26540967 A>G — not in accessible region
2026-06-02 15:36:14,724 [accessibility_filter] DEBUG: REMOVED: chr20:26550535 C>T — not in accessible region
2026-06-02 15:36:14,724 [accessibility_filter] DEBUG: REMOVED: chr20:26553705 A>G — not in accessible region
2026-06-02 15:36:14,724 [accessibility_filter] DEBUG: REMOVED: chr20:26554822 T>C — not in accessible region
2026-06-02 15:36:14,724 [accessibility_filter] DEBUG: REMOVED: chr20:26559550 T>C — not in accessible region
2026-06-02 15:36:14,724 [accessibility_filter] DEBUG: REMOVED: chr20:26559571 G>A — not in accessible region
2026-06-02 15:36:14,724 [accessibility_filter] DEBUG: REMOVED: chr20:26567322 T>C — not in accessible region
2026-06-02 15:36:14,724 [accessibility_filter] DEBUG: REMOVED: chr20:26568218 G>A — not in accessible region
2026-06-02 15:36:14,724 [accessibility_filter] DEBUG: REMOVED: chr20:26570839 A>T — not in accessible region
2026-06-02 15:36:14,724 [accessibility_filter] DEBUG: REMOVED: chr20:26586131 T>A — not in accessible region
2026-06-02 15:36:14,725 [accessibility_filter] DEBUG: REMOVED: chr20:26586814 G>T — not in accessible region
2026-06-02 15:36:14,725 [accessibility_filter] DEBUG: REMOVED: chr20:26587237 T>C — not in accessible region
2026-06-02 15:36:14,725 [accessibility_filter] DEBUG: REMOVED: chr20:26587247 C>T — not in accessible region
2026-06-02 15:36:14,725 [accessibility_filter] DEBUG: REMOVED: chr20:26587911 A>G — not in accessible region
2026-06-02 15:36:14,725 [accessibility_filter] DEBUG: REMOVED: chr20:26587996 A>G — not in accessible region
2026-06-02 15:36:14,725 [accessibility_filter] DEBUG: REMOVED: chr20:26588115 G>C — not in accessible region
2026-06-02 15:36:14,725 [accessibility_filter] DEBUG: REMOVED: chr20:26588128 A>T — not in accessible region
2026-06-02 15:36:14,725 [accessibility_filter] DEBUG: REMOVED: chr20:26588383 C>T — not in accessible region
2026-06-02 15:36:14,725 [accessibility_filter] DEBUG: REMOVED: chr20:26588548 C>G — not in accessible region
2026-06-02 15:36:14,725 [accessibility_filter] DEBUG: REMOVED: chr20:26590139 G>C — not in accessible region
2026-06-02 15:36:14,725 [accessibility_filter] DEBUG: REMOVED: chr20:26596716 A>C — not in accessible region
2026-06-02 15:36:14,725 [accessibility_filter] DEBUG: REMOVED: chr20:26596740 A>C — not in accessible region
2026-06-02 15:36:14,725 [accessibility_filter] DEBUG: REMOVED: chr20:26596867 A>T — not in accessible region
2026-06-02 15:36:14,725 [accessibility_filter] DEBUG: REMOVED: chr20:26597052 A>G — not in accessible region
2026-06-02 15:36:14,725 [accessibility_filter] DEBUG: REMOVED: chr20:26597790 A>G — not in accessible region
2026-06-02 15:36:14,725 [accessibility_filter] DEBUG: REMOVED: chr20:26598139 T>G — not in accessible region
2026-06-02 15:36:14,725 [accessibility_filter] DEBUG: REMOVED: chr20:26598334 G>A — not in accessible region
2026-06-02 15:36:14,725 [accessibility_filter] DEBUG: REMOVED: chr20:26598336 C>T — not in accessible region
2026-06-02 15:36:14,725 [accessibility_filter] DEBUG: REMOVED: chr20:26614410 A>T — not in accessible region
2026-06-02 15:36:14,725 [accessibility_filter] DEBUG: REMOVED: chr20:26614691 T>G — not in accessible region
2026-06-02 15:36:14,725 [accessibility_filter] DEBUG: REMOVED: chr20:26620128 T>G — not in accessible region
2026-06-02 15:36:14,725 [accessibility_filter] DEBUG: REMOVED: chr20:26631496 T>A — not in accessible region
2026-06-02 15:36:14,725 [accessibility_filter] DEBUG: REMOVED: chr20:26631690 G>A — not in accessible region
2026-06-02 15:36:14,725 [accessibility_filter] DEBUG: REMOVED: chr20:26631728 G>A — not in accessible region
2026-06-02 15:36:14,725 [accessibility_filter] DEBUG: REMOVED: chr20:26750800 A>T — not in accessible region
2026-06-02 15:36:14,725 [accessibility_filter] DEBUG: REMOVED: chr20:26750804 A>C — not in accessible region
2026-06-02 15:36:14,725 [accessibility_filter] DEBUG: REMOVED: chr20:26758742 A>C — not in accessible region
2026-06-02 15:36:14,725 [accessibility_filter] DEBUG: REMOVED: chr20:26808643 T>C — not in accessible region
2026-06-02 15:36:14,725 [accessibility_filter] DEBUG: REMOVED: chr20:26917477 C>T — not in accessible region
2026-06-02 15:36:14,725 [accessibility_filter] DEBUG: REMOVED: chr20:26937348 A>T — not in accessible region
2026-06-02 15:36:14,725 [accessibility_filter] DEBUG: REMOVED: chr20:27006566 A>G — not in accessible region
2026-06-02 15:36:14,725 [accessibility_filter] DEBUG: REMOVED: chr20:27051114 T>A — not in accessible region
2026-06-02 15:36:14,725 [accessibility_filter] DEBUG: REMOVED: chr20:27065624 A>G — not in accessible region
2026-06-02 15:36:14,725 [accessibility_filter] DEBUG: REMOVED: chr20:27107100 C>G — not in accessible region
2026-06-02 15:36:14,725 [accessibility_filter] DEBUG: REMOVED: chr20:27107102 T>G — not in accessible region
2026-06-02 15:36:14,725 [accessibility_filter] DEBUG: REMOVED: chr20:27174434 C>T — not in accessible region
2026-06-02 15:36:14,725 [accessibility_filter] DEBUG: REMOVED: chr20:27225718 G>T — not in accessible region
2026-06-02 15:36:14,725 [accessibility_filter] DEBUG: REMOVED: chr20:27261383 T>A — not in accessible region
2026-06-02 15:36:14,725 [accessibility_filter] DEBUG: REMOVED: chr20:27261545 C>A — not in accessible region
2026-06-02 15:36:14,725 [accessibility_filter] DEBUG: REMOVED: chr20:27407647 G>C — not in accessible region
2026-06-02 15:36:14,725 [accessibility_filter] DEBUG: REMOVED: chr20:27461842 G>A — not in accessible region
2026-06-02 15:36:14,725 [accessibility_filter] DEBUG: REMOVED: chr20:27631342 A>C — not in accessible region
2026-06-02 15:36:14,725 [accessibility_filter] DEBUG: REMOVED: chr20:27739023 G>T — not in accessible region
2026-06-02 15:36:14,725 [accessibility_filter] DEBUG: REMOVED: chr20:27739032 T>G — not in accessible region
2026-06-02 15:36:14,725 [accessibility_filter] DEBUG: REMOVED: chr20:27743227 G>C — not in accessible region
2026-06-02 15:36:14,725 [accessibility_filter] DEBUG: REMOVED: chr20:27794271 G>A — not in accessible region
2026-06-02 15:36:14,725 [accessibility_filter] DEBUG: REMOVED: chr20:27827308 G>T — not in accessible region
2026-06-02 15:36:14,725 [accessibility_filter] DEBUG: REMOVED: chr20:27827336 C>G — not in accessible region
2026-06-02 15:36:14,725 [accessibility_filter] DEBUG: REMOVED: chr20:27909447 C>G — not in accessible region
2026-06-02 15:36:14,725 [accessibility_filter] DEBUG: REMOVED: chr20:27912844 T>A — not in accessible region
2026-06-02 15:36:14,725 [accessibility_filter] DEBUG: REMOVED: chr20:27917758 G>A — not in accessible region
2026-06-02 15:36:14,725 [accessibility_filter] DEBUG: REMOVED: chr20:28002155 A>G — not in accessible region
2026-06-02 15:36:14,725 [accessibility_filter] DEBUG: REMOVED: chr20:28009898 T>G — not in accessible region
2026-06-02 15:36:14,725 [accessibility_filter] DEBUG: REMOVED: chr20:28009992 A>G — not in accessible region
2026-06-02 15:36:14,725 [accessibility_filter] DEBUG: REMOVED: chr20:28044475 G>T — not in accessible region
2026-06-02 15:36:14,725 [accessibility_filter] DEBUG: REMOVED: chr20:28044519 T>C — not in accessible region
2026-06-02 15:36:14,725 [accessibility_filter] DEBUG: REMOVED: chr20:28129349 T>C — not in accessible region
2026-06-02 15:36:14,725 [accessibility_filter] DEBUG: REMOVED: chr20:28213786 C>T — not in accessible region
2026-06-02 15:36:14,725 [accessibility_filter] DEBUG: REMOVED: chr20:28213865 T>G — not in accessible region
2026-06-02 15:36:14,725 [accessibility_filter] DEBUG: REMOVED: chr20:28238053 C>T — not in accessible region
2026-06-02 15:36:14,726 [accessibility_filter] DEBUG: REMOVED: chr20:28321119 G>T — not in accessible region
2026-06-02 15:36:14,726 [accessibility_filter] DEBUG: REMOVED: chr20:28336442 T>G — not in accessible region
2026-06-02 15:36:14,726 [accessibility_filter] DEBUG: REMOVED: chr20:28336451 G>C — not in accessible region
2026-06-02 15:36:14,726 [accessibility_filter] DEBUG: REMOVED: chr20:28339243 C>T — not in accessible region
2026-06-02 15:36:14,726 [accessibility_filter] DEBUG: REMOVED: chr20:28385764 A>T — not in accessible region
2026-06-02 15:36:14,726 [accessibility_filter] DEBUG: REMOVED: chr20:28416720 T>C — not in accessible region
2026-06-02 15:36:14,726 [accessibility_filter] DEBUG: REMOVED: chr20:28416861 T>A — not in accessible region
2026-06-02 15:36:14,726 [accessibility_filter] DEBUG: REMOVED: chr20:28436956 T>A — not in accessible region
2026-06-02 15:36:14,726 [accessibility_filter] DEBUG: REMOVED: chr20:28447385 C>T — not in accessible region
2026-06-02 15:36:14,726 [accessibility_filter] DEBUG: REMOVED: chr20:28455416 A>C — not in accessible region
2026-06-02 15:36:14,726 [accessibility_filter] DEBUG: REMOVED: chr20:28506647 T>C — not in accessible region
2026-06-02 15:36:14,726 [accessibility_filter] DEBUG: REMOVED: chr20:28506668 G>A — not in accessible region
2026-06-02 15:36:14,726 [accessibility_filter] DEBUG: REMOVED: chr20:28560202 A>T — not in accessible region
2026-06-02 15:36:14,726 [accessibility_filter] DEBUG: REMOVED: chr20:28560204 T>A — not in accessible region
2026-06-02 15:36:14,726 [accessibility_filter] DEBUG: REMOVED: chr20:28561337 T>C — not in accessible region
2026-06-02 15:36:14,726 [accessibility_filter] DEBUG: REMOVED: chr20:28563792 T>C — not in accessible region
2026-06-02 15:36:14,726 [accessibility_filter] DEBUG: REMOVED: chr20:28564139 C>G — not in accessible region
2026-06-02 15:36:14,726 [accessibility_filter] DEBUG: REMOVED: chr20:28564271 T>C — not in accessible region
2026-06-02 15:36:14,726 [accessibility_filter] DEBUG: REMOVED: chr20:28569691 G>A — not in accessible region
2026-06-02 15:36:14,726 [accessibility_filter] DEBUG: REMOVED: chr20:28573126 T>A — not in accessible region
2026-06-02 15:36:14,726 [accessibility_filter] DEBUG: REMOVED: chr20:28576911 A>C — not in accessible region
2026-06-02 15:36:14,726 [accessibility_filter] DEBUG: REMOVED: chr20:28576929 A>G — not in accessible region
2026-06-02 15:36:14,726 [accessibility_filter] DEBUG: REMOVED: chr20:28577921 C>A — not in accessible region
2026-06-02 15:36:14,726 [accessibility_filter] DEBUG: REMOVED: chr20:28579273 G>A — not in accessible region
2026-06-02 15:36:14,726 [accessibility_filter] DEBUG: REMOVED: chr20:28579292 C>T — not in accessible region
2026-06-02 15:36:14,726 [accessibility_filter] DEBUG: REMOVED: chr20:28579837 T>G — not in accessible region
2026-06-02 15:36:14,726 [accessibility_filter] DEBUG: REMOVED: chr20:28579839 C>A — not in accessible region
2026-06-02 15:36:14,726 [accessibility_filter] DEBUG: REMOVED: chr20:28580281 C>T — not in accessible region
2026-06-02 15:36:14,726 [accessibility_filter] DEBUG: REMOVED: chr20:28580337 C>T — not in accessible region
2026-06-02 15:36:14,726 [accessibility_filter] DEBUG: REMOVED: chr20:28585339 C>T — not in accessible region
2026-06-02 15:36:14,726 [accessibility_filter] DEBUG: REMOVED: chr20:28587350 G>T — not in accessible region
2026-06-02 15:36:14,726 [accessibility_filter] DEBUG: REMOVED: chr20:28588146 T>C — not in accessible region
2026-06-02 15:36:14,726 [accessibility_filter] DEBUG: REMOVED: chr20:28590279 C>A — not in accessible region
2026-06-02 15:36:14,726 [accessibility_filter] DEBUG: REMOVED: chr20:28590792 C>T — not in accessible region
2026-06-02 15:36:14,726 [accessibility_filter] DEBUG: REMOVED: chr20:28590889 G>A — not in accessible region
2026-06-02 15:36:14,726 [accessibility_filter] DEBUG: REMOVED: chr20:28598227 T>G — not in accessible region
2026-06-02 15:36:14,726 [accessibility_filter] DEBUG: REMOVED: chr20:28599069 G>A — not in accessible region
2026-06-02 15:36:14,726 [accessibility_filter] DEBUG: REMOVED: chr20:28599591 A>G — not in accessible region
2026-06-02 15:36:14,726 [accessibility_filter] DEBUG: REMOVED: chr20:28600376 T>C — not in accessible region
2026-06-02 15:36:14,726 [accessibility_filter] DEBUG: REMOVED: chr20:28601423 G>T — not in accessible region
2026-06-02 15:36:14,726 [accessibility_filter] DEBUG: REMOVED: chr20:28602066 A>G — not in accessible region
2026-06-02 15:36:14,726 [accessibility_filter] DEBUG: REMOVED: chr20:28602083 T>C — not in accessible region
2026-06-02 15:36:14,726 [accessibility_filter] DEBUG: REMOVED: chr20:28602316 T>C — not in accessible region
2026-06-02 15:36:14,726 [accessibility_filter] DEBUG: KEPT: chr20:28602650 C>A
2026-06-02 15:36:14,726 [accessibility_filter] DEBUG: REMOVED: chr20:28602798 G>T — not in accessible region
2026-06-02 15:36:14,726 [accessibility_filter] DEBUG: REMOVED: chr20:28603190 C>A — not in accessible region
2026-06-02 15:36:14,726 [accessibility_filter] DEBUG: REMOVED: chr20:28603219 T>C — not in accessible region
2026-06-02 15:36:14,726 [accessibility_filter] DEBUG: REMOVED: chr20:28604677 A>G — not in accessible region
2026-06-02 15:36:14,726 [accessibility_filter] DEBUG: REMOVED: chr20:28605397 G>T — not in accessible region
2026-06-02 15:36:14,726 [accessibility_filter] DEBUG: REMOVED: chr20:28609810 C>G — not in accessible region
2026-06-02 15:36:14,726 [accessibility_filter] DEBUG: REMOVED: chr20:28609859 C>T — not in accessible region
2026-06-02 15:36:14,726 [accessibility_filter] DEBUG: REMOVED: chr20:28610752 T>C — not in accessible region
2026-06-02 15:36:14,726 [accessibility_filter] DEBUG: REMOVED: chr20:28611318 A>G — not in accessible region
2026-06-02 15:36:14,726 [accessibility_filter] DEBUG: REMOVED: chr20:28615155 G>A — not in accessible region
2026-06-02 15:36:14,726 [accessibility_filter] DEBUG: REMOVED: chr20:28615162 T>G — not in accessible region
2026-06-02 15:36:14,726 [accessibility_filter] DEBUG: REMOVED: chr20:28618462 C>A — not in accessible region
2026-06-02 15:36:14,726 [accessibility_filter] DEBUG: REMOVED: chr20:28619369 A>G — not in accessible region
2026-06-02 15:36:14,726 [accessibility_filter] DEBUG: REMOVED: chr20:28620752 A>C — not in accessible region
2026-06-02 15:36:14,726 [accessibility_filter] DEBUG: REMOVED: chr20:28620833 A>G — not in accessible region
2026-06-02 15:36:14,726 [accessibility_filter] DEBUG: REMOVED: chr20:28623226 A>G — not in accessible region
2026-06-02 15:36:14,727 [accessibility_filter] DEBUG: REMOVED: chr20:28625135 T>C — not in accessible region
2026-06-02 15:36:14,727 [accessibility_filter] DEBUG: REMOVED: chr20:28625152 G>A — not in accessible region
2026-06-02 15:36:14,727 [accessibility_filter] DEBUG: REMOVED: chr20:28626625 C>T — not in accessible region
2026-06-02 15:36:14,727 [accessibility_filter] DEBUG: REMOVED: chr20:28628306 C>T — not in accessible region
2026-06-02 15:36:14,727 [accessibility_filter] DEBUG: REMOVED: chr20:28628858 G>A — not in accessible region
2026-06-02 15:36:14,727 [accessibility_filter] DEBUG: REMOVED: chr20:28628874 A>G — not in accessible region
2026-06-02 15:36:14,727 [accessibility_filter] DEBUG: REMOVED: chr20:28629510 A>T — not in accessible region
2026-06-02 15:36:14,727 [accessibility_filter] DEBUG: REMOVED: chr20:28629556 C>T — not in accessible region
2026-06-02 15:36:14,727 [accessibility_filter] DEBUG: REMOVED: chr20:28633218 G>A — not in accessible region
2026-06-02 15:36:14,727 [accessibility_filter] DEBUG: REMOVED: chr20:28633253 G>A — not in accessible region
2026-06-02 15:36:14,727 [accessibility_filter] DEBUG: REMOVED: chr20:28634808 G>A — not in accessible region
2026-06-02 15:36:14,727 [accessibility_filter] DEBUG: REMOVED: chr20:28634903 G>A — not in accessible region
2026-06-02 15:36:14,727 [accessibility_filter] DEBUG: REMOVED: chr20:28634913 C>T — not in accessible region
2026-06-02 15:36:14,727 [accessibility_filter] DEBUG: REMOVED: chr20:28635756 A>G — not in accessible region
2026-06-02 15:36:14,727 [accessibility_filter] DEBUG: REMOVED: chr20:28636613 C>G — not in accessible region
2026-06-02 15:36:14,727 [accessibility_filter] DEBUG: REMOVED: chr20:28638255 T>C — not in accessible region
2026-06-02 15:36:14,727 [accessibility_filter] DEBUG: REMOVED: chr20:28638273 G>A — not in accessible region
2026-06-02 15:36:14,727 [accessibility_filter] DEBUG: REMOVED: chr20:28640445 C>T — not in accessible region
2026-06-02 15:36:14,727 [accessibility_filter] DEBUG: REMOVED: chr20:28640768 T>C — not in accessible region
2026-06-02 15:36:14,727 [accessibility_filter] DEBUG: REMOVED: chr20:28640810 G>A — not in accessible region
2026-06-02 15:36:14,727 [accessibility_filter] DEBUG: REMOVED: chr20:28642195 A>T — not in accessible region
2026-06-02 15:36:14,727 [accessibility_filter] DEBUG: REMOVED: chr20:28642293 T>G — not in accessible region
2026-06-02 15:36:14,727 [accessibility_filter] DEBUG: REMOVED: chr20:28642514 T>C — not in accessible region
2026-06-02 15:36:14,727 [accessibility_filter] DEBUG: REMOVED: chr20:28642528 A>G — not in accessible region
2026-06-02 15:36:14,727 [accessibility_filter] DEBUG: KEPT: chr20:28643573 A>T
2026-06-02 15:36:14,727 [accessibility_filter] DEBUG: REMOVED: chr20:28713924 C>A — not in accessible region
2026-06-02 15:36:14,727 [accessibility_filter] DEBUG: REMOVED: chr20:28713967 G>C — not in accessible region
2026-06-02 15:36:14,727 [accessibility_filter] DEBUG: REMOVED: chr20:28723315 A>T — not in accessible region
2026-06-02 15:36:14,727 [accessibility_filter] DEBUG: REMOVED: chr20:28735981 G>A — not in accessible region
2026-06-02 15:36:14,727 [accessibility_filter] DEBUG: REMOVED: chr20:28736092 G>A — not in accessible region
2026-06-02 15:36:14,727 [accessibility_filter] DEBUG: REMOVED: chr20:28737963 T>A — not in accessible region
2026-06-02 15:36:14,727 [accessibility_filter] DEBUG: REMOVED: chr20:28738714 G>A — not in accessible region
2026-06-02 15:36:14,727 [accessibility_filter] DEBUG: REMOVED: chr20:28739104 T>G — not in accessible region
2026-06-02 15:36:14,727 [accessibility_filter] DEBUG: REMOVED: chr20:28740334 A>T — not in accessible region
2026-06-02 15:36:14,727 [accessibility_filter] DEBUG: REMOVED: chr20:28741266 C>T — not in accessible region
2026-06-02 15:36:14,727 [accessibility_filter] DEBUG: REMOVED: chr20:28741272 A>G — not in accessible region
2026-06-02 15:36:14,727 [accessibility_filter] DEBUG: REMOVED: chr20:28741710 A>T — not in accessible region
2026-06-02 15:36:14,727 [accessibility_filter] DEBUG: REMOVED: chr20:28750321 T>C — not in accessible region
2026-06-02 15:36:14,727 [accessibility_filter] DEBUG: REMOVED: chr20:28750330 C>T — not in accessible region
2026-06-02 15:36:14,727 [accessibility_filter] DEBUG: REMOVED: chr20:28750793 C>G — not in accessible region
2026-06-02 15:36:14,727 [accessibility_filter] DEBUG: REMOVED: chr20:28750948 C>T — not in accessible region
2026-06-02 15:36:14,727 [accessibility_filter] DEBUG: REMOVED: chr20:28750958 T>C — not in accessible region
2026-06-02 15:36:14,727 [accessibility_filter] DEBUG: REMOVED: chr20:28752837 C>G — not in accessible region
2026-06-02 15:36:14,727 [accessibility_filter] DEBUG: REMOVED: chr20:28754411 G>A — not in accessible region
2026-06-02 15:36:14,727 [accessibility_filter] DEBUG: REMOVED: chr20:28754569 G>T — not in accessible region
2026-06-02 15:36:14,727 [accessibility_filter] DEBUG: REMOVED: chr20:28756037 C>G — not in accessible region
2026-06-02 15:36:14,727 [accessibility_filter] DEBUG: REMOVED: chr20:28756329 A>G — not in accessible region
2026-06-02 15:36:14,727 [accessibility_filter] DEBUG: REMOVED: chr20:28756714 C>T — not in accessible region
2026-06-02 15:36:14,727 [accessibility_filter] DEBUG: REMOVED: chr20:28757673 A>T — not in accessible region
2026-06-02 15:36:14,727 [accessibility_filter] DEBUG: REMOVED: chr20:28758025 C>A — not in accessible region
2026-06-02 15:36:14,727 [accessibility_filter] DEBUG: REMOVED: chr20:28758482 C>G — not in accessible region
2026-06-02 15:36:14,727 [accessibility_filter] DEBUG: REMOVED: chr20:28758559 A>C — not in accessible region
2026-06-02 15:36:14,727 [accessibility_filter] DEBUG: REMOVED: chr20:28758700 T>C — not in accessible region
2026-06-02 15:36:14,727 [accessibility_filter] DEBUG: REMOVED: chr20:28759077 G>C — not in accessible region
2026-06-02 15:36:14,727 [accessibility_filter] DEBUG: KEPT: chr20:28759873 G>C
2026-06-02 15:36:14,727 [accessibility_filter] DEBUG: REMOVED: chr20:28759930 G>A — not in accessible region
2026-06-02 15:36:14,727 [accessibility_filter] DEBUG: REMOVED: chr20:28760542 G>A — not in accessible region
2026-06-02 15:36:14,727 [accessibility_filter] DEBUG: REMOVED: chr20:28760870 C>T — not in accessible region
2026-06-02 15:36:14,727 [accessibility_filter] DEBUG: REMOVED: chr20:28760933 A>T — not in accessible region
2026-06-02 15:36:14,727 [accessibility_filter] DEBUG: REMOVED: chr20:28761562 G>A — not in accessible region
2026-06-02 15:36:14,727 [accessibility_filter] DEBUG: REMOVED: chr20:28761575 A>C — not in accessible region
2026-06-02 15:36:14,728 [accessibility_filter] DEBUG: REMOVED: chr20:28762587 G>A — not in accessible region
2026-06-02 15:36:14,728 [accessibility_filter] DEBUG: REMOVED: chr20:28763310 A>G — not in accessible region
2026-06-02 15:36:14,728 [accessibility_filter] DEBUG: REMOVED: chr20:28763390 G>A — not in accessible region
2026-06-02 15:36:14,728 [accessibility_filter] DEBUG: REMOVED: chr20:28765493 C>T — not in accessible region
2026-06-02 15:36:14,728 [accessibility_filter] DEBUG: REMOVED: chr20:28765530 T>C — not in accessible region
2026-06-02 15:36:14,728 [accessibility_filter] DEBUG: REMOVED: chr20:28769756 C>T — not in accessible region
2026-06-02 15:36:14,728 [accessibility_filter] DEBUG: REMOVED: chr20:28769825 A>C — not in accessible region
2026-06-02 15:36:14,728 [accessibility_filter] DEBUG: REMOVED: chr20:28769979 C>G — not in accessible region
2026-06-02 15:36:14,728 [accessibility_filter] DEBUG: REMOVED: chr20:28770487 C>T — not in accessible region
2026-06-02 15:36:14,728 [accessibility_filter] DEBUG: REMOVED: chr20:28770680 C>A — not in accessible region
2026-06-02 15:36:14,728 [accessibility_filter] DEBUG: REMOVED: chr20:28771244 T>C — not in accessible region
2026-06-02 15:36:14,728 [accessibility_filter] DEBUG: REMOVED: chr20:28775919 G>C — not in accessible region
2026-06-02 15:36:14,728 [accessibility_filter] DEBUG: REMOVED: chr20:28776433 G>A — not in accessible region
2026-06-02 15:36:14,728 [accessibility_filter] DEBUG: REMOVED: chr20:28776622 T>C — not in accessible region
2026-06-02 15:36:14,728 [accessibility_filter] DEBUG: REMOVED: chr20:28777241 C>T — not in accessible region
2026-06-02 15:36:14,728 [accessibility_filter] DEBUG: REMOVED: chr20:28777873 A>T — not in accessible region
2026-06-02 15:36:14,728 [accessibility_filter] DEBUG: REMOVED: chr20:28778083 G>T — not in accessible region
2026-06-02 15:36:14,728 [accessibility_filter] DEBUG: REMOVED: chr20:28778267 G>T — not in accessible region
2026-06-02 15:36:14,728 [accessibility_filter] DEBUG: REMOVED: chr20:28778395 C>T — not in accessible region
2026-06-02 15:36:14,728 [accessibility_filter] DEBUG: REMOVED: chr20:28779156 A>G — not in accessible region
2026-06-02 15:36:14,728 [accessibility_filter] DEBUG: REMOVED: chr20:28779570 A>G — not in accessible region
2026-06-02 15:36:14,728 [accessibility_filter] DEBUG: REMOVED: chr20:28779672 G>A — not in accessible region
2026-06-02 15:36:14,728 [accessibility_filter] DEBUG: KEPT: chr20:28779763 G>C
2026-06-02 15:36:14,728 [accessibility_filter] DEBUG: REMOVED: chr20:28781213 C>A — not in accessible region
2026-06-02 15:36:14,728 [accessibility_filter] DEBUG: REMOVED: chr20:28781302 A>T — not in accessible region
2026-06-02 15:36:14,728 [accessibility_filter] DEBUG: REMOVED: chr20:28786443 T>C — not in accessible region
2026-06-02 15:36:14,728 [accessibility_filter] DEBUG: REMOVED: chr20:28786453 C>G — not in accessible region
2026-06-02 15:36:14,728 [accessibility_filter] DEBUG: REMOVED: chr20:28787649 C>T — not in accessible region
2026-06-02 15:36:14,728 [accessibility_filter] DEBUG: REMOVED: chr20:28790356 A>G — not in accessible region
2026-06-02 15:36:14,728 [accessibility_filter] DEBUG: REMOVED: chr20:28790577 T>C — not in accessible region
2026-06-02 15:36:14,728 [accessibility_filter] DEBUG: REMOVED: chr20:28790579 T>C — not in accessible region
2026-06-02 15:36:14,728 [accessibility_filter] DEBUG: REMOVED: chr20:28792075 G>A — not in accessible region
2026-06-02 15:36:14,728 [accessibility_filter] DEBUG: KEPT: chr20:28793646 G>A
2026-06-02 15:36:14,728 [accessibility_filter] DEBUG: KEPT: chr20:28796680 C>T
2026-06-02 15:36:14,728 [accessibility_filter] DEBUG: REMOVED: chr20:28797826 T>C — not in accessible region
2026-06-02 15:36:14,728 [accessibility_filter] DEBUG: REMOVED: chr20:28798574 A>G — not in accessible region
2026-06-02 15:36:14,728 [accessibility_filter] DEBUG: REMOVED: chr20:28800867 G>T — not in accessible region
2026-06-02 15:36:14,728 [accessibility_filter] DEBUG: REMOVED: chr20:28801370 A>G — not in accessible region
2026-06-02 15:36:14,728 [accessibility_filter] DEBUG: REMOVED: chr20:28801740 C>T — not in accessible region
2026-06-02 15:36:14,728 [accessibility_filter] DEBUG: REMOVED: chr20:28801882 G>A — not in accessible region
2026-06-02 15:36:14,728 [accessibility_filter] DEBUG: REMOVED: chr20:28802064 C>T — not in accessible region
2026-06-02 15:36:14,728 [accessibility_filter] DEBUG: REMOVED: chr20:28802162 T>A — not in accessible region
2026-06-02 15:36:14,728 [accessibility_filter] DEBUG: REMOVED: chr20:28802845 C>T — not in accessible region
2026-06-02 15:36:14,728 [accessibility_filter] DEBUG: REMOVED: chr20:28803421 G>A — not in accessible region
2026-06-02 15:36:14,728 [accessibility_filter] DEBUG: REMOVED: chr20:28806578 T>C — not in accessible region
2026-06-02 15:36:14,728 [accessibility_filter] DEBUG: REMOVED: chr20:28807186 G>A — not in accessible region
2026-06-02 15:36:14,728 [accessibility_filter] DEBUG: REMOVED: chr20:28807663 A>G — not in accessible region
2026-06-02 15:36:14,728 [accessibility_filter] DEBUG: REMOVED: chr20:28807749 C>T — not in accessible region
2026-06-02 15:36:14,728 [accessibility_filter] DEBUG: REMOVED: chr20:28809174 T>C — not in accessible region
2026-06-02 15:36:14,728 [accessibility_filter] DEBUG: REMOVED: chr20:28812333 T>C — not in accessible region
2026-06-02 15:36:14,728 [accessibility_filter] DEBUG: REMOVED: chr20:28813549 G>A — not in accessible region
2026-06-02 15:36:14,728 [accessibility_filter] DEBUG: REMOVED: chr20:28813561 T>C — not in accessible region
2026-06-02 15:36:14,728 [accessibility_filter] DEBUG: REMOVED: chr20:28817353 T>C — not in accessible region
2026-06-02 15:36:14,728 [accessibility_filter] DEBUG: REMOVED: chr20:28817711 A>G — not in accessible region
2026-06-02 15:36:14,728 [accessibility_filter] DEBUG: REMOVED: chr20:28817732 G>C — not in accessible region
2026-06-02 15:36:14,728 [accessibility_filter] DEBUG: REMOVED: chr20:28818150 G>A — not in accessible region
2026-06-02 15:36:14,728 [accessibility_filter] DEBUG: REMOVED: chr20:28819274 A>T — not in accessible region
2026-06-02 15:36:14,728 [accessibility_filter] DEBUG: REMOVED: chr20:28819909 T>C — not in accessible region
2026-06-02 15:36:14,728 [accessibility_filter] DEBUG: REMOVED: chr20:28820003 G>C — not in accessible region
2026-06-02 15:36:14,728 [accessibility_filter] DEBUG: REMOVED: chr20:28820011 C>T — not in accessible region
2026-06-02 15:36:14,729 [accessibility_filter] DEBUG: REMOVED: chr20:28820112 A>T — not in accessible region
2026-06-02 15:36:14,729 [accessibility_filter] DEBUG: REMOVED: chr20:28820928 C>T — not in accessible region
2026-06-02 15:36:14,729 [accessibility_filter] DEBUG: REMOVED: chr20:28821558 T>A — not in accessible region
2026-06-02 15:36:14,729 [accessibility_filter] DEBUG: REMOVED: chr20:28822113 A>G — not in accessible region
2026-06-02 15:36:14,729 [accessibility_filter] DEBUG: REMOVED: chr20:28825417 G>C — not in accessible region
2026-06-02 15:36:14,729 [accessibility_filter] DEBUG: REMOVED: chr20:28825424 G>A — not in accessible region
2026-06-02 15:36:14,729 [accessibility_filter] DEBUG: REMOVED: chr20:28826956 T>C — not in accessible region
2026-06-02 15:36:14,729 [accessibility_filter] DEBUG: REMOVED: chr20:28827215 A>G — not in accessible region
2026-06-02 15:36:14,729 [accessibility_filter] DEBUG: REMOVED: chr20:28827649 A>C — not in accessible region
2026-06-02 15:36:14,729 [accessibility_filter] DEBUG: REMOVED: chr20:28828033 T>A — not in accessible region
2026-06-02 15:36:14,729 [accessibility_filter] DEBUG: REMOVED: chr20:28828248 A>T — not in accessible region
2026-06-02 15:36:14,729 [accessibility_filter] DEBUG: REMOVED: chr20:28828351 G>A — not in accessible region
2026-06-02 15:36:14,729 [accessibility_filter] DEBUG: REMOVED: chr20:28828573 G>A — not in accessible region
2026-06-02 15:36:14,729 [accessibility_filter] DEBUG: REMOVED: chr20:28829146 T>C — not in accessible region
2026-06-02 15:36:14,729 [accessibility_filter] DEBUG: REMOVED: chr20:28829455 C>G — not in accessible region
2026-06-02 15:36:14,729 [accessibility_filter] DEBUG: REMOVED: chr20:28831455 G>A — not in accessible region
2026-06-02 15:36:14,729 [accessibility_filter] DEBUG: REMOVED: chr20:28831472 C>T — not in accessible region
2026-06-02 15:36:14,729 [accessibility_filter] DEBUG: KEPT: chr20:28832757 A>G
2026-06-02 15:36:14,729 [accessibility_filter] DEBUG: REMOVED: chr20:28836054 A>G — not in accessible region
2026-06-02 15:36:14,729 [accessibility_filter] DEBUG: REMOVED: chr20:28838622 C>T — not in accessible region
2026-06-02 15:36:14,729 [accessibility_filter] DEBUG: REMOVED: chr20:28838739 A>G — not in accessible region
2026-06-02 15:36:14,729 [accessibility_filter] DEBUG: REMOVED: chr20:28838764 A>C — not in accessible region
2026-06-02 15:36:14,729 [accessibility_filter] DEBUG: REMOVED: chr20:28840818 C>G — not in accessible region
2026-06-02 15:36:14,729 [accessibility_filter] DEBUG: REMOVED: chr20:28861208 T>A — not in accessible region
2026-06-02 15:36:14,729 [accessibility_filter] DEBUG: REMOVED: chr20:28862489 T>A — not in accessible region
2026-06-02 15:36:14,729 [accessibility_filter] DEBUG: REMOVED: chr20:28863140 G>A — not in accessible region
2026-06-02 15:36:14,729 [accessibility_filter] DEBUG: REMOVED: chr20:28863170 C>T — not in accessible region
2026-06-02 15:36:14,729 [accessibility_filter] DEBUG: KEPT: chr20:28863404 T>A
2026-06-02 15:36:14,729 [accessibility_filter] DEBUG: REMOVED: chr20:28863774 T>G — not in accessible region
2026-06-02 15:36:14,729 [accessibility_filter] DEBUG: REMOVED: chr20:28863803 C>T — not in accessible region
2026-06-02 15:36:14,729 [accessibility_filter] DEBUG: REMOVED: chr20:28864103 G>A — not in accessible region
2026-06-02 15:36:14,729 [accessibility_filter] DEBUG: REMOVED: chr20:28865162 G>A — not in accessible region
2026-06-02 15:36:14,729 [accessibility_filter] DEBUG: REMOVED: chr20:28865474 G>A — not in accessible region
2026-06-02 15:36:14,729 [accessibility_filter] DEBUG: REMOVED: chr20:28865571 A>G — not in accessible region
2026-06-02 15:36:14,729 [accessibility_filter] DEBUG: REMOVED: chr20:28866083 A>T — not in accessible region
2026-06-02 15:36:14,729 [accessibility_filter] DEBUG: REMOVED: chr20:28867127 C>A — not in accessible region
2026-06-02 15:36:14,729 [accessibility_filter] DEBUG: REMOVED: chr20:28867156 T>C — not in accessible region
2026-06-02 15:36:14,729 [accessibility_filter] DEBUG: REMOVED: chr20:28867387 G>T — not in accessible region
2026-06-02 15:36:14,729 [accessibility_filter] DEBUG: REMOVED: chr20:28869442 G>A — not in accessible region
2026-06-02 15:36:14,729 [accessibility_filter] DEBUG: REMOVED: chr20:28873370 A>G — not in accessible region
2026-06-02 15:36:14,729 [accessibility_filter] DEBUG: REMOVED: chr20:28873895 C>G — not in accessible region
2026-06-02 15:36:14,729 [accessibility_filter] DEBUG: REMOVED: chr20:28874264 T>C — not in accessible region
2026-06-02 15:36:14,729 [accessibility_filter] DEBUG: REMOVED: chr20:28874410 G>A — not in accessible region
2026-06-02 15:36:14,729 [accessibility_filter] DEBUG: REMOVED: chr20:28875421 C>T — not in accessible region
2026-06-02 15:36:14,729 [accessibility_filter] DEBUG: REMOVED: chr20:28877404 G>A — not in accessible region
2026-06-02 15:36:14,729 [accessibility_filter] DEBUG: REMOVED: chr20:28877507 G>A — not in accessible region
2026-06-02 15:36:14,729 [accessibility_filter] DEBUG: REMOVED: chr20:28877565 C>G — not in accessible region
2026-06-02 15:36:14,729 [accessibility_filter] DEBUG: REMOVED: chr20:28877755 G>A — not in accessible region
2026-06-02 15:36:14,729 [accessibility_filter] DEBUG: REMOVED: chr20:28879227 G>A — not in accessible region
2026-06-02 15:36:14,729 [accessibility_filter] DEBUG: REMOVED: chr20:28879601 C>T — not in accessible region
2026-06-02 15:36:14,729 [accessibility_filter] DEBUG: REMOVED: chr20:28879937 G>C — not in accessible region
2026-06-02 15:36:14,729 [accessibility_filter] DEBUG: REMOVED: chr20:28880571 T>G — not in accessible region
2026-06-02 15:36:14,729 [accessibility_filter] DEBUG: REMOVED: chr20:28880840 A>G — not in accessible region
2026-06-02 15:36:14,729 [accessibility_filter] DEBUG: KEPT: chr20:28882448 G>A
2026-06-02 15:36:14,729 [accessibility_filter] DEBUG: REMOVED: chr20:28882723 G>C — not in accessible region
2026-06-02 15:36:14,729 [accessibility_filter] DEBUG: REMOVED: chr20:28884980 T>C — not in accessible region
2026-06-02 15:36:14,729 [accessibility_filter] DEBUG: REMOVED: chr20:28884990 C>T — not in accessible region
2026-06-02 15:36:14,729 [accessibility_filter] DEBUG: REMOVED: chr20:28886169 G>A — not in accessible region
2026-06-02 15:36:14,729 [accessibility_filter] DEBUG: REMOVED: chr20:28886186 A>G — not in accessible region
2026-06-02 15:36:14,729 [accessibility_filter] DEBUG: REMOVED: chr20:28896463 G>A — not in accessible region
2026-06-02 15:36:14,729 [accessibility_filter] DEBUG: REMOVED: chr20:28897257 A>C — not in accessible region
2026-06-02 15:36:14,730 [accessibility_filter] DEBUG: REMOVED: chr20:28897271 T>C — not in accessible region
2026-06-02 15:36:14,730 [accessibility_filter] DEBUG: REMOVED: chr20:28899312 T>C — not in accessible region
2026-06-02 15:36:14,730 [accessibility_filter] DEBUG: REMOVED: chr20:28899329 C>T — not in accessible region
2026-06-02 15:36:14,730 [accessibility_filter] DEBUG: REMOVED: chr20:28902320 G>C — not in accessible region
2026-06-02 15:36:14,730 [accessibility_filter] DEBUG: REMOVED: chr20:28902327 T>G — not in accessible region
2026-06-02 15:36:14,730 [accessibility_filter] DEBUG: REMOVED: chr20:28903123 A>G — not in accessible region
2026-06-02 15:36:14,730 [accessibility_filter] DEBUG: REMOVED: chr20:28903813 T>G — not in accessible region
2026-06-02 15:36:14,730 [accessibility_filter] DEBUG: REMOVED: chr20:28903815 C>G — not in accessible region
2026-06-02 15:36:14,730 [accessibility_filter] DEBUG: REMOVED: chr20:28907112 C>T — not in accessible region
2026-06-02 15:36:14,730 [accessibility_filter] DEBUG: REMOVED: chr20:28907812 A>G — not in accessible region
2026-06-02 15:36:14,730 [accessibility_filter] DEBUG: REMOVED: chr20:28907943 G>C — not in accessible region
2026-06-02 15:36:14,730 [accessibility_filter] DEBUG: REMOVED: chr20:28908202 A>G — not in accessible region
2026-06-02 15:36:14,730 [accessibility_filter] DEBUG: REMOVED: chr20:28912977 A>G — not in accessible region
2026-06-02 15:36:14,730 [accessibility_filter] DEBUG: REMOVED: chr20:28913310 A>G — not in accessible region
2026-06-02 15:36:14,730 [accessibility_filter] DEBUG: REMOVED: chr20:28913518 A>G — not in accessible region
2026-06-02 15:36:14,730 [accessibility_filter] DEBUG: REMOVED: chr20:28913539 G>A — not in accessible region
2026-06-02 15:36:14,730 [accessibility_filter] DEBUG: REMOVED: chr20:28913930 T>C — not in accessible region
2026-06-02 15:36:14,730 [accessibility_filter] DEBUG: REMOVED: chr20:28915197 T>A — not in accessible region
2026-06-02 15:36:14,730 [accessibility_filter] DEBUG: REMOVED: chr20:28917124 G>A — not in accessible region
2026-06-02 15:36:14,730 [accessibility_filter] DEBUG: REMOVED: chr20:28917500 A>G — not in accessible region
2026-06-02 15:36:14,730 [accessibility_filter] DEBUG: REMOVED: chr20:28918732 G>A — not in accessible region
2026-06-02 15:36:14,730 [accessibility_filter] DEBUG: REMOVED: chr20:28918904 G>T — not in accessible region
2026-06-02 15:36:14,730 [accessibility_filter] DEBUG: REMOVED: chr20:28919291 T>C — not in accessible region
2026-06-02 15:36:14,730 [accessibility_filter] DEBUG: REMOVED: chr20:28920094 G>A — not in accessible region
2026-06-02 15:36:14,730 [accessibility_filter] DEBUG: REMOVED: chr20:28920611 G>T — not in accessible region
2026-06-02 15:36:14,730 [accessibility_filter] DEBUG: REMOVED: chr20:28920643 T>A — not in accessible region
2026-06-02 15:36:14,730 [accessibility_filter] DEBUG: REMOVED: chr20:28921653 C>T — not in accessible region
2026-06-02 15:36:14,730 [accessibility_filter] DEBUG: REMOVED: chr20:28922070 A>C — not in accessible region
2026-06-02 15:36:14,730 [accessibility_filter] DEBUG: REMOVED: chr20:28922461 A>G — not in accessible region
2026-06-02 15:36:14,730 [accessibility_filter] DEBUG: REMOVED: chr20:28922474 G>A — not in accessible region
2026-06-02 15:36:14,730 [accessibility_filter] DEBUG: REMOVED: chr20:28922787 C>T — not in accessible region
2026-06-02 15:36:14,730 [accessibility_filter] DEBUG: REMOVED: chr20:28922791 G>A — not in accessible region
2026-06-02 15:36:14,730 [accessibility_filter] DEBUG: KEPT: chr20:28923525 A>G
2026-06-02 15:36:14,730 [accessibility_filter] DEBUG: REMOVED: chr20:28924374 G>A — not in accessible region
2026-06-02 15:36:14,730 [accessibility_filter] DEBUG: REMOVED: chr20:28924461 T>G — not in accessible region
2026-06-02 15:36:14,730 [accessibility_filter] DEBUG: REMOVED: chr20:28925307 T>G — not in accessible region
2026-06-02 15:36:14,730 [accessibility_filter] DEBUG: REMOVED: chr20:28925664 T>A — not in accessible region
2026-06-02 15:36:14,730 [accessibility_filter] DEBUG: REMOVED: chr20:28925726 G>A — not in accessible region
2026-06-02 15:36:14,730 [accessibility_filter] DEBUG: REMOVED: chr20:28926889 G>A — not in accessible region
2026-06-02 15:36:14,730 [accessibility_filter] DEBUG: REMOVED: chr20:28928833 C>T — not in accessible region
2026-06-02 15:36:14,730 [accessibility_filter] DEBUG: REMOVED: chr20:28928971 T>C — not in accessible region
2026-06-02 15:36:14,730 [accessibility_filter] DEBUG: REMOVED: chr20:28929006 T>C — not in accessible region
2026-06-02 15:36:14,730 [accessibility_filter] DEBUG: REMOVED: chr20:28929214 A>C — not in accessible region
2026-06-02 15:36:14,730 [accessibility_filter] DEBUG: REMOVED: chr20:28930053 C>A — not in accessible region
2026-06-02 15:36:14,730 [accessibility_filter] DEBUG: REMOVED: chr20:28931002 C>A — not in accessible region
2026-06-02 15:36:14,730 [accessibility_filter] DEBUG: REMOVED: chr20:28931412 G>T — not in accessible region
2026-06-02 15:36:14,730 [accessibility_filter] DEBUG: REMOVED: chr20:28932354 A>G — not in accessible region
2026-06-02 15:36:14,730 [accessibility_filter] DEBUG: REMOVED: chr20:28932393 G>A — not in accessible region
2026-06-02 15:36:14,730 [accessibility_filter] DEBUG: REMOVED: chr20:28932535 C>T — not in accessible region
2026-06-02 15:36:14,730 [accessibility_filter] DEBUG: REMOVED: chr20:28934099 G>A — not in accessible region
2026-06-02 15:36:14,730 [accessibility_filter] DEBUG: REMOVED: chr20:28934233 A>G — not in accessible region
2026-06-02 15:36:14,730 [accessibility_filter] DEBUG: REMOVED: chr20:28934866 C>T — not in accessible region
2026-06-02 15:36:14,730 [accessibility_filter] DEBUG: REMOVED: chr20:28935153 A>T — not in accessible region
2026-06-02 15:36:14,730 [accessibility_filter] DEBUG: REMOVED: chr20:28935205 T>C — not in accessible region
2026-06-02 15:36:14,730 [accessibility_filter] DEBUG: REMOVED: chr20:28935774 G>C — not in accessible region
2026-06-02 15:36:14,730 [accessibility_filter] DEBUG: REMOVED: chr20:28935992 G>A — not in accessible region
2026-06-02 15:36:14,730 [accessibility_filter] DEBUG: REMOVED: chr20:28936129 C>T — not in accessible region
2026-06-02 15:36:14,730 [accessibility_filter] DEBUG: REMOVED: chr20:28936386 C>T — not in accessible region
2026-06-02 15:36:14,730 [accessibility_filter] DEBUG: REMOVED: chr20:28936440 G>A — not in accessible region
2026-06-02 15:36:14,730 [accessibility_filter] DEBUG: KEPT: chr20:28936627 G>A
2026-06-02 15:36:14,730 [accessibility_filter] DEBUG: REMOVED: chr20:28936875 T>A — not in accessible region
2026-06-02 15:36:14,731 [accessibility_filter] DEBUG: REMOVED: chr20:28939659 A>G — not in accessible region
2026-06-02 15:36:14,731 [accessibility_filter] DEBUG: REMOVED: chr20:28941497 T>A — not in accessible region
2026-06-02 15:36:14,731 [accessibility_filter] DEBUG: REMOVED: chr20:28943643 T>A — not in accessible region
2026-06-02 15:36:14,731 [accessibility_filter] DEBUG: REMOVED: chr20:28943947 G>T — not in accessible region
2026-06-02 15:36:14,731 [accessibility_filter] DEBUG: REMOVED: chr20:28944459 A>C — not in accessible region
2026-06-02 15:36:14,731 [accessibility_filter] DEBUG: REMOVED: chr20:28944601 C>T — not in accessible region
2026-06-02 15:36:14,731 [accessibility_filter] DEBUG: REMOVED: chr20:28945626 A>C — not in accessible region
2026-06-02 15:36:14,731 [accessibility_filter] DEBUG: REMOVED: chr20:28945863 C>T — not in accessible region
2026-06-02 15:36:14,731 [accessibility_filter] DEBUG: REMOVED: chr20:28948198 T>G — not in accessible region
2026-06-02 15:36:14,731 [accessibility_filter] DEBUG: REMOVED: chr20:28948224 T>G — not in accessible region
2026-06-02 15:36:14,731 [accessibility_filter] DEBUG: REMOVED: chr20:28948308 C>G — not in accessible region
2026-06-02 15:36:14,731 [accessibility_filter] DEBUG: REMOVED: chr20:28948383 T>C — not in accessible region
2026-06-02 15:36:14,731 [accessibility_filter] DEBUG: REMOVED: chr20:28951746 A>T — not in accessible region
2026-06-02 15:36:14,731 [accessibility_filter] DEBUG: REMOVED: chr20:28952231 C>T — not in accessible region
2026-06-02 15:36:14,731 [accessibility_filter] DEBUG: REMOVED: chr20:28953020 T>C — not in accessible region
2026-06-02 15:36:14,731 [accessibility_filter] DEBUG: REMOVED: chr20:28960352 C>T — not in accessible region
2026-06-02 15:36:14,731 [accessibility_filter] DEBUG: REMOVED: chr20:29013970 G>C — not in accessible region
2026-06-02 15:36:14,731 [accessibility_filter] DEBUG: REMOVED: chr20:29014304 C>T — not in accessible region
2026-06-02 15:36:14,731 [accessibility_filter] DEBUG: REMOVED: chr20:29014454 G>T — not in accessible region
2026-06-02 15:36:14,731 [accessibility_filter] DEBUG: REMOVED: chr20:29014477 A>G — not in accessible region
2026-06-02 15:36:14,731 [accessibility_filter] DEBUG: REMOVED: chr20:29014659 C>T — not in accessible region
2026-06-02 15:36:14,731 [accessibility_filter] DEBUG: REMOVED: chr20:29014670 A>G — not in accessible region
2026-06-02 15:36:14,731 [accessibility_filter] DEBUG: REMOVED: chr20:29015057 A>T — not in accessible region
2026-06-02 15:36:14,731 [accessibility_filter] DEBUG: REMOVED: chr20:29015367 G>C — not in accessible region
2026-06-02 15:36:14,731 [accessibility_filter] DEBUG: REMOVED: chr20:29016157 C>T — not in accessible region
2026-06-02 15:36:14,731 [accessibility_filter] DEBUG: REMOVED: chr20:29018504 G>A — not in accessible region
2026-06-02 15:36:14,731 [accessibility_filter] DEBUG: REMOVED: chr20:29018518 A>G — not in accessible region
2026-06-02 15:36:14,731 [accessibility_filter] DEBUG: REMOVED: chr20:29020468 C>T — not in accessible region
2026-06-02 15:36:14,731 [accessibility_filter] DEBUG: REMOVED: chr20:29020677 C>A — not in accessible region
2026-06-02 15:36:14,731 [accessibility_filter] DEBUG: REMOVED: chr20:29020811 T>A — not in accessible region
2026-06-02 15:36:14,731 [accessibility_filter] DEBUG: REMOVED: chr20:29021036 G>A — not in accessible region
2026-06-02 15:36:14,731 [accessibility_filter] DEBUG: REMOVED: chr20:29025529 C>T — not in accessible region
2026-06-02 15:36:14,731 [accessibility_filter] DEBUG: REMOVED: chr20:29025776 C>G — not in accessible region
2026-06-02 15:36:14,731 [accessibility_filter] DEBUG: REMOVED: chr20:29026015 A>G — not in accessible region
2026-06-02 15:36:14,731 [accessibility_filter] DEBUG: REMOVED: chr20:29026766 G>A — not in accessible region
2026-06-02 15:36:14,731 [accessibility_filter] DEBUG: REMOVED: chr20:29028488 T>C — not in accessible region
2026-06-02 15:36:14,731 [accessibility_filter] DEBUG: REMOVED: chr20:29028743 A>C — not in accessible region
2026-06-02 15:36:14,731 [accessibility_filter] DEBUG: REMOVED: chr20:29028800 T>C — not in accessible region
2026-06-02 15:36:14,731 [accessibility_filter] DEBUG: REMOVED: chr20:29030215 G>A — not in accessible region
2026-06-02 15:36:14,731 [accessibility_filter] DEBUG: REMOVED: chr20:29030471 C>T — not in accessible region
2026-06-02 15:36:14,731 [accessibility_filter] DEBUG: REMOVED: chr20:29030497 C>G — not in accessible region
2026-06-02 15:36:14,731 [accessibility_filter] DEBUG: REMOVED: chr20:29030994 G>A — not in accessible region
2026-06-02 15:36:14,731 [accessibility_filter] DEBUG: REMOVED: chr20:29032964 C>T — not in accessible region
2026-06-02 15:36:14,731 [accessibility_filter] DEBUG: REMOVED: chr20:29035297 A>G — not in accessible region
2026-06-02 15:36:14,731 [accessibility_filter] DEBUG: REMOVED: chr20:29039583 C>T — not in accessible region
2026-06-02 15:36:14,731 [accessibility_filter] DEBUG: REMOVED: chr20:29039672 G>T — not in accessible region
2026-06-02 15:36:14,731 [accessibility_filter] DEBUG: REMOVED: chr20:29040482 T>C — not in accessible region
2026-06-02 15:36:14,731 [accessibility_filter] DEBUG: REMOVED: chr20:29041213 G>A — not in accessible region
2026-06-02 15:36:14,731 [accessibility_filter] DEBUG: REMOVED: chr20:29041876 G>A — not in accessible region
2026-06-02 15:36:14,731 [accessibility_filter] DEBUG: REMOVED: chr20:29041880 G>A — not in accessible region
2026-06-02 15:36:14,731 [accessibility_filter] DEBUG: REMOVED: chr20:29042961 T>C — not in accessible region
2026-06-02 15:36:14,731 [accessibility_filter] DEBUG: REMOVED: chr20:29042983 C>T — not in accessible region
2026-06-02 15:36:14,731 [accessibility_filter] DEBUG: REMOVED: chr20:29052056 T>C — not in accessible region
2026-06-02 15:36:14,731 [accessibility_filter] DEBUG: REMOVED: chr20:29052462 C>A — not in accessible region
2026-06-02 15:36:14,731 [accessibility_filter] DEBUG: REMOVED: chr20:29052475 T>A — not in accessible region
2026-06-02 15:36:14,731 [accessibility_filter] DEBUG: REMOVED: chr20:29059792 C>T — not in accessible region
2026-06-02 15:36:14,731 [accessibility_filter] DEBUG: REMOVED: chr20:29071400 A>T — not in accessible region
2026-06-02 15:36:14,731 [accessibility_filter] DEBUG: REMOVED: chr20:29072811 C>A — not in accessible region
2026-06-02 15:36:14,731 [accessibility_filter] DEBUG: REMOVED: chr20:29078702 A>G — not in accessible region
2026-06-02 15:36:14,731 [accessibility_filter] DEBUG: REMOVED: chr20:29081683 G>A — not in accessible region
2026-06-02 15:36:14,731 [accessibility_filter] DEBUG: REMOVED: chr20:29081701 C>T — not in accessible region
2026-06-02 15:36:14,732 [accessibility_filter] DEBUG: REMOVED: chr20:29083351 G>A — not in accessible region
2026-06-02 15:36:14,732 [accessibility_filter] DEBUG: REMOVED: chr20:29083391 G>A — not in accessible region
2026-06-02 15:36:14,732 [accessibility_filter] DEBUG: REMOVED: chr20:29083441 G>C — not in accessible region
2026-06-02 15:36:14,732 [accessibility_filter] DEBUG: REMOVED: chr20:29083447 G>T — not in accessible region
2026-06-02 15:36:14,732 [accessibility_filter] DEBUG: REMOVED: chr20:29095696 G>A — not in accessible region
2026-06-02 15:36:14,732 [accessibility_filter] DEBUG: REMOVED: chr20:29097674 T>A — not in accessible region
2026-06-02 15:36:14,732 [accessibility_filter] DEBUG: REMOVED: chr20:29098214 C>A — not in accessible region
2026-06-02 15:36:14,732 [accessibility_filter] DEBUG: REMOVED: chr20:29098278 G>A — not in accessible region
2026-06-02 15:36:14,732 [accessibility_filter] DEBUG: REMOVED: chr20:29100061 T>C — not in accessible region
2026-06-02 15:36:14,732 [accessibility_filter] DEBUG: REMOVED: chr20:29100243 C>T — not in accessible region
2026-06-02 15:36:14,732 [accessibility_filter] DEBUG: REMOVED: chr20:29100910 C>G — not in accessible region
2026-06-02 15:36:14,732 [accessibility_filter] DEBUG: REMOVED: chr20:29101173 G>A — not in accessible region
2026-06-02 15:36:14,732 [accessibility_filter] DEBUG: REMOVED: chr20:29101738 A>G — not in accessible region
2026-06-02 15:36:14,732 [accessibility_filter] DEBUG: REMOVED: chr20:29103416 A>G — not in accessible region
2026-06-02 15:36:14,732 [accessibility_filter] DEBUG: REMOVED: chr20:29108078 A>C — not in accessible region
2026-06-02 15:36:14,732 [accessibility_filter] DEBUG: REMOVED: chr20:29108144 T>A — not in accessible region
2026-06-02 15:36:14,732 [accessibility_filter] DEBUG: REMOVED: chr20:29108152 C>T — not in accessible region
2026-06-02 15:36:14,732 [accessibility_filter] DEBUG: REMOVED: chr20:29116661 G>T — not in accessible region
2026-06-02 15:36:14,732 [accessibility_filter] DEBUG: REMOVED: chr20:29116674 A>G — not in accessible region
2026-06-02 15:36:14,732 [accessibility_filter] DEBUG: REMOVED: chr20:29118144 C>T — not in accessible region
2026-06-02 15:36:14,732 [accessibility_filter] DEBUG: REMOVED: chr20:29122030 G>A — not in accessible region
2026-06-02 15:36:14,732 [accessibility_filter] DEBUG: REMOVED: chr20:29122338 A>G — not in accessible region
2026-06-02 15:36:14,732 [accessibility_filter] DEBUG: REMOVED: chr20:29138917 G>C — not in accessible region
2026-06-02 15:36:14,732 [accessibility_filter] DEBUG: REMOVED: chr20:29138931 C>T — not in accessible region
2026-06-02 15:36:14,732 [accessibility_filter] DEBUG: REMOVED: chr20:29143918 G>C — not in accessible region
2026-06-02 15:36:14,732 [accessibility_filter] DEBUG: REMOVED: chr20:29144795 T>C — not in accessible region
2026-06-02 15:36:14,732 [accessibility_filter] DEBUG: REMOVED: chr20:29157177 C>T — not in accessible region
2026-06-02 15:36:14,732 [accessibility_filter] DEBUG: REMOVED: chr20:29163399 C>T — not in accessible region
2026-06-02 15:36:14,732 [accessibility_filter] DEBUG: REMOVED: chr20:29163628 A>G — not in accessible region
2026-06-02 15:36:14,732 [accessibility_filter] DEBUG: REMOVED: chr20:29164465 G>T — not in accessible region
2026-06-02 15:36:14,732 [accessibility_filter] DEBUG: REMOVED: chr20:29166224 T>C — not in accessible region
2026-06-02 15:36:14,732 [accessibility_filter] DEBUG: REMOVED: chr20:29174631 A>T — not in accessible region
2026-06-02 15:36:14,732 [accessibility_filter] DEBUG: REMOVED: chr20:29174692 T>C — not in accessible region
2026-06-02 15:36:14,732 [accessibility_filter] DEBUG: REMOVED: chr20:29176401 T>C — not in accessible region
2026-06-02 15:36:14,732 [accessibility_filter] DEBUG: REMOVED: chr20:29176732 G>C — not in accessible region
2026-06-02 15:36:14,732 [accessibility_filter] DEBUG: REMOVED: chr20:29187329 G>A — not in accessible region
2026-06-02 15:36:14,732 [accessibility_filter] DEBUG: REMOVED: chr20:29187827 T>G — not in accessible region
2026-06-02 15:36:14,732 [accessibility_filter] DEBUG: REMOVED: chr20:29190789 C>T — not in accessible region
2026-06-02 15:36:14,732 [accessibility_filter] DEBUG: REMOVED: chr20:29194217 A>G — not in accessible region
2026-06-02 15:36:14,732 [accessibility_filter] DEBUG: REMOVED: chr20:29198428 A>T — not in accessible region
2026-06-02 15:36:14,732 [accessibility_filter] DEBUG: REMOVED: chr20:29204826 G>A — not in accessible region
2026-06-02 15:36:14,732 [accessibility_filter] DEBUG: REMOVED: chr20:29205053 G>A — not in accessible region
2026-06-02 15:36:14,732 [accessibility_filter] DEBUG: REMOVED: chr20:29205388 C>T — not in accessible region
2026-06-02 15:36:14,732 [accessibility_filter] DEBUG: REMOVED: chr20:29205413 C>T — not in accessible region
2026-06-02 15:36:14,732 [accessibility_filter] DEBUG: REMOVED: chr20:29205633 G>C — not in accessible region
2026-06-02 15:36:14,732 [accessibility_filter] DEBUG: REMOVED: chr20:29206105 A>G — not in accessible region
2026-06-02 15:36:14,732 [accessibility_filter] DEBUG: REMOVED: chr20:29206248 G>T — not in accessible region
2026-06-02 15:36:14,732 [accessibility_filter] DEBUG: REMOVED: chr20:29206270 T>G — not in accessible region
2026-06-02 15:36:14,732 [accessibility_filter] DEBUG: REMOVED: chr20:29206364 T>C — not in accessible region
2026-06-02 15:36:14,732 [accessibility_filter] DEBUG: REMOVED: chr20:29206373 C>T — not in accessible region
2026-06-02 15:36:14,732 [accessibility_filter] DEBUG: REMOVED: chr20:29206682 T>G — not in accessible region
2026-06-02 15:36:14,732 [accessibility_filter] DEBUG: REMOVED: chr20:29206809 C>T — not in accessible region
2026-06-02 15:36:14,732 [accessibility_filter] DEBUG: REMOVED: chr20:29208038 C>T — not in accessible region
2026-06-02 15:36:14,732 [accessibility_filter] DEBUG: REMOVED: chr20:29208143 T>G — not in accessible region
2026-06-02 15:36:14,732 [accessibility_filter] DEBUG: REMOVED: chr20:29208322 C>T — not in accessible region
2026-06-02 15:36:14,732 [accessibility_filter] DEBUG: REMOVED: chr20:29208729 A>G — not in accessible region
2026-06-02 15:36:14,732 [accessibility_filter] DEBUG: REMOVED: chr20:29208750 G>T — not in accessible region
2026-06-02 15:36:14,732 [accessibility_filter] DEBUG: REMOVED: chr20:29210626 C>T — not in accessible region
2026-06-02 15:36:14,732 [accessibility_filter] DEBUG: REMOVED: chr20:29210700 G>A — not in accessible region
2026-06-02 15:36:14,732 [accessibility_filter] DEBUG: REMOVED: chr20:29210989 G>T — not in accessible region
2026-06-02 15:36:14,732 [accessibility_filter] DEBUG: REMOVED: chr20:29211258 A>G — not in accessible region
2026-06-02 15:36:14,733 [accessibility_filter] DEBUG: REMOVED: chr20:29211488 C>T — not in accessible region
2026-06-02 15:36:14,733 [accessibility_filter] DEBUG: REMOVED: chr20:29211672 T>G — not in accessible region
2026-06-02 15:36:14,733 [accessibility_filter] DEBUG: REMOVED: chr20:29211768 G>T — not in accessible region
2026-06-02 15:36:14,733 [accessibility_filter] DEBUG: REMOVED: chr20:29211953 G>T — not in accessible region
2026-06-02 15:36:14,733 [accessibility_filter] DEBUG: KEPT: chr20:29212034 T>C
2026-06-02 15:36:14,733 [accessibility_filter] DEBUG: REMOVED: chr20:29212670 A>G — not in accessible region
2026-06-02 15:36:14,733 [accessibility_filter] DEBUG: REMOVED: chr20:29212923 A>G — not in accessible region
2026-06-02 15:36:14,733 [accessibility_filter] DEBUG: REMOVED: chr20:29213090 A>G — not in accessible region
2026-06-02 15:36:14,733 [accessibility_filter] DEBUG: REMOVED: chr20:29213539 A>G — not in accessible region
2026-06-02 15:36:14,733 [accessibility_filter] DEBUG: REMOVED: chr20:29213872 C>T — not in accessible region
2026-06-02 15:36:14,733 [accessibility_filter] DEBUG: REMOVED: chr20:29214574 T>A — not in accessible region
2026-06-02 15:36:14,733 [accessibility_filter] DEBUG: REMOVED: chr20:29214888 T>C — not in accessible region
2026-06-02 15:36:14,733 [accessibility_filter] DEBUG: REMOVED: chr20:29215870 C>G — not in accessible region
2026-06-02 15:36:14,733 [accessibility_filter] DEBUG: REMOVED: chr20:29215885 T>C — not in accessible region
2026-06-02 15:36:14,733 [accessibility_filter] DEBUG: REMOVED: chr20:29217614 G>A — not in accessible region
2026-06-02 15:36:14,733 [accessibility_filter] DEBUG: REMOVED: chr20:29218061 C>T — not in accessible region
2026-06-02 15:36:14,733 [accessibility_filter] DEBUG: REMOVED: chr20:29218125 G>A — not in accessible region
2026-06-02 15:36:14,733 [accessibility_filter] DEBUG: REMOVED: chr20:29218403 C>T — not in accessible region
2026-06-02 15:36:14,733 [accessibility_filter] DEBUG: REMOVED: chr20:29218625 C>T — not in accessible region
2026-06-02 15:36:14,733 [accessibility_filter] DEBUG: REMOVED: chr20:29219161 T>C — not in accessible region
2026-06-02 15:36:14,733 [accessibility_filter] DEBUG: REMOVED: chr20:29219209 T>C — not in accessible region
2026-06-02 15:36:14,733 [accessibility_filter] DEBUG: REMOVED: chr20:29219896 C>A — not in accessible region
2026-06-02 15:36:14,733 [accessibility_filter] DEBUG: REMOVED: chr20:29220069 T>C — not in accessible region
2026-06-02 15:36:14,733 [accessibility_filter] DEBUG: REMOVED: chr20:29220243 C>A — not in accessible region
2026-06-02 15:36:14,733 [accessibility_filter] DEBUG: REMOVED: chr20:29220610 A>G — not in accessible region
2026-06-02 15:36:14,733 [accessibility_filter] DEBUG: REMOVED: chr20:29220612 G>A — not in accessible region
2026-06-02 15:36:14,733 [accessibility_filter] DEBUG: REMOVED: chr20:29220814 G>A — not in accessible region
2026-06-02 15:36:14,733 [accessibility_filter] DEBUG: REMOVED: chr20:29220943 T>A — not in accessible region
2026-06-02 15:36:14,733 [accessibility_filter] DEBUG: REMOVED: chr20:29220944 A>C — not in accessible region
2026-06-02 15:36:14,733 [accessibility_filter] DEBUG: REMOVED: chr20:29222485 T>C — not in accessible region
2026-06-02 15:36:14,733 [accessibility_filter] DEBUG: REMOVED: chr20:29225931 G>C — not in accessible region
2026-06-02 15:36:14,733 [accessibility_filter] DEBUG: REMOVED: chr20:29226006 C>T — not in accessible region
2026-06-02 15:36:14,733 [accessibility_filter] DEBUG: REMOVED: chr20:29227783 A>C — not in accessible region
2026-06-02 15:36:14,733 [accessibility_filter] DEBUG: REMOVED: chr20:29227970 A>C — not in accessible region
2026-06-02 15:36:14,733 [accessibility_filter] DEBUG: REMOVED: chr20:29230475 G>A — not in accessible region
2026-06-02 15:36:14,733 [accessibility_filter] DEBUG: REMOVED: chr20:29230635 T>G — not in accessible region
2026-06-02 15:36:14,733 [accessibility_filter] DEBUG: REMOVED: chr20:29232637 C>T — not in accessible region
2026-06-02 15:36:14,733 [accessibility_filter] DEBUG: REMOVED: chr20:29232758 T>C — not in accessible region
2026-06-02 15:36:14,733 [accessibility_filter] DEBUG: REMOVED: chr20:29232862 A>T — not in accessible region
2026-06-02 15:36:14,733 [accessibility_filter] DEBUG: REMOVED: chr20:29232996 A>T — not in accessible region
2026-06-02 15:36:14,733 [accessibility_filter] DEBUG: REMOVED: chr20:29233253 C>T — not in accessible region
2026-06-02 15:36:14,733 [accessibility_filter] DEBUG: REMOVED: chr20:29233608 G>A — not in accessible region
2026-06-02 15:36:14,733 [accessibility_filter] DEBUG: REMOVED: chr20:29233616 G>C — not in accessible region
2026-06-02 15:36:14,733 [accessibility_filter] DEBUG: REMOVED: chr20:29233703 C>A — not in accessible region
2026-06-02 15:36:14,733 [accessibility_filter] DEBUG: REMOVED: chr20:29235096 T>C — not in accessible region
2026-06-02 15:36:14,733 [accessibility_filter] DEBUG: REMOVED: chr20:29235350 A>G — not in accessible region
2026-06-02 15:36:14,733 [accessibility_filter] DEBUG: REMOVED: chr20:29235805 G>A — not in accessible region
2026-06-02 15:36:14,733 [accessibility_filter] DEBUG: REMOVED: chr20:29236144 A>C — not in accessible region
2026-06-02 15:36:14,733 [accessibility_filter] DEBUG: REMOVED: chr20:29236361 G>A — not in accessible region
2026-06-02 15:36:14,733 [accessibility_filter] DEBUG: REMOVED: chr20:29236922 A>G — not in accessible region
2026-06-02 15:36:14,733 [accessibility_filter] DEBUG: REMOVED: chr20:29236953 C>A — not in accessible region
2026-06-02 15:36:14,733 [accessibility_filter] DEBUG: REMOVED: chr20:29237162 G>T — not in accessible region
2026-06-02 15:36:14,733 [accessibility_filter] DEBUG: REMOVED: chr20:29237187 A>G — not in accessible region
2026-06-02 15:36:14,733 [accessibility_filter] DEBUG: REMOVED: chr20:29237902 G>A — not in accessible region
2026-06-02 15:36:14,733 [accessibility_filter] DEBUG: REMOVED: chr20:29238379 G>A — not in accessible region
2026-06-02 15:36:14,733 [accessibility_filter] DEBUG: REMOVED: chr20:29240317 A>G — not in accessible region
2026-06-02 15:36:14,733 [accessibility_filter] DEBUG: REMOVED: chr20:29240364 T>G — not in accessible region
2026-06-02 15:36:14,733 [accessibility_filter] DEBUG: REMOVED: chr20:29245792 T>C — not in accessible region
2026-06-02 15:36:14,733 [accessibility_filter] DEBUG: REMOVED: chr20:29245808 C>G — not in accessible region
2026-06-02 15:36:14,733 [accessibility_filter] DEBUG: REMOVED: chr20:29246618 C>A — not in accessible region
2026-06-02 15:36:14,734 [accessibility_filter] DEBUG: REMOVED: chr20:29246655 A>G — not in accessible region
2026-06-02 15:36:14,734 [accessibility_filter] DEBUG: REMOVED: chr20:29248843 T>C — not in accessible region
2026-06-02 15:36:14,734 [accessibility_filter] DEBUG: REMOVED: chr20:29248875 T>A — not in accessible region
2026-06-02 15:36:14,734 [accessibility_filter] DEBUG: REMOVED: chr20:29250806 A>G — not in accessible region
2026-06-02 15:36:14,734 [accessibility_filter] DEBUG: REMOVED: chr20:29251405 T>C — not in accessible region
2026-06-02 15:36:14,734 [accessibility_filter] DEBUG: REMOVED: chr20:29252255 A>G — not in accessible region
2026-06-02 15:36:14,734 [accessibility_filter] DEBUG: REMOVED: chr20:29252821 G>A — not in accessible region
2026-06-02 15:36:14,734 [accessibility_filter] DEBUG: REMOVED: chr20:29253157 C>T — not in accessible region
2026-06-02 15:36:14,734 [accessibility_filter] DEBUG: KEPT: chr20:29253892 T>C
2026-06-02 15:36:14,734 [accessibility_filter] DEBUG: KEPT: chr20:29253960 C>T
2026-06-02 15:36:14,734 [accessibility_filter] DEBUG: REMOVED: chr20:29254294 G>A — not in accessible region
2026-06-02 15:36:14,734 [accessibility_filter] DEBUG: REMOVED: chr20:29254632 A>G — not in accessible region
2026-06-02 15:36:14,734 [accessibility_filter] DEBUG: REMOVED: chr20:29254885 G>A — not in accessible region
2026-06-02 15:36:14,734 [accessibility_filter] DEBUG: REMOVED: chr20:29255062 G>T — not in accessible region
2026-06-02 15:36:14,734 [accessibility_filter] DEBUG: REMOVED: chr20:29258590 T>C — not in accessible region
2026-06-02 15:36:14,734 [accessibility_filter] DEBUG: REMOVED: chr20:29258938 A>G — not in accessible region
2026-06-02 15:36:14,734 [accessibility_filter] DEBUG: KEPT: chr20:29259116 C>T
2026-06-02 15:36:14,734 [accessibility_filter] DEBUG: REMOVED: chr20:29259852 T>G — not in accessible region
2026-06-02 15:36:14,734 [accessibility_filter] DEBUG: REMOVED: chr20:29260373 G>A — not in accessible region
2026-06-02 15:36:14,734 [accessibility_filter] DEBUG: REMOVED: chr20:29260544 G>A — not in accessible region
2026-06-02 15:36:14,734 [accessibility_filter] DEBUG: REMOVED: chr20:29268076 T>A — not in accessible region
2026-06-02 15:36:14,734 [accessibility_filter] DEBUG: REMOVED: chr20:29268096 T>C — not in accessible region
2026-06-02 15:36:14,734 [accessibility_filter] DEBUG: REMOVED: chr20:29268361 T>A — not in accessible region
2026-06-02 15:36:14,734 [accessibility_filter] DEBUG: REMOVED: chr20:29273010 G>A — not in accessible region
2026-06-02 15:36:14,734 [accessibility_filter] DEBUG: REMOVED: chr20:29273849 G>A — not in accessible region
2026-06-02 15:36:14,734 [accessibility_filter] DEBUG: KEPT: chr20:29274473 A>T
2026-06-02 15:36:14,734 [accessibility_filter] DEBUG: REMOVED: chr20:29274505 C>T — not in accessible region
2026-06-02 15:36:14,734 [accessibility_filter] DEBUG: REMOVED: chr20:29274661 G>A — not in accessible region
2026-06-02 15:36:14,734 [accessibility_filter] DEBUG: KEPT: chr20:29275022 A>C
2026-06-02 15:36:14,734 [accessibility_filter] DEBUG: REMOVED: chr20:29276277 T>A — not in accessible region
2026-06-02 15:36:14,734 [accessibility_filter] DEBUG: REMOVED: chr20:29276971 C>A — not in accessible region
2026-06-02 15:36:14,734 [accessibility_filter] DEBUG: REMOVED: chr20:29278681 T>C — not in accessible region
2026-06-02 15:36:14,734 [accessibility_filter] DEBUG: REMOVED: chr20:29278977 G>A — not in accessible region
2026-06-02 15:36:14,734 [accessibility_filter] DEBUG: REMOVED: chr20:29278979 T>C — not in accessible region
2026-06-02 15:36:14,734 [accessibility_filter] DEBUG: REMOVED: chr20:29281003 C>T — not in accessible region
2026-06-02 15:36:14,734 [accessibility_filter] DEBUG: REMOVED: chr20:29281150 C>A — not in accessible region
2026-06-02 15:36:14,734 [accessibility_filter] DEBUG: REMOVED: chr20:29281633 A>T — not in accessible region
2026-06-02 15:36:14,734 [accessibility_filter] DEBUG: REMOVED: chr20:29281994 C>G — not in accessible region
2026-06-02 15:36:14,734 [accessibility_filter] DEBUG: REMOVED: chr20:29282151 T>G — not in accessible region
2026-06-02 15:36:14,734 [accessibility_filter] DEBUG: REMOVED: chr20:29284396 C>G — not in accessible region
2026-06-02 15:36:14,734 [accessibility_filter] DEBUG: REMOVED: chr20:29285344 C>T — not in accessible region
2026-06-02 15:36:14,734 [accessibility_filter] DEBUG: REMOVED: chr20:29286116 C>G — not in accessible region
2026-06-02 15:36:14,734 [accessibility_filter] DEBUG: REMOVED: chr20:29286517 A>T — not in accessible region
2026-06-02 15:36:14,734 [accessibility_filter] DEBUG: REMOVED: chr20:29286664 A>C — not in accessible region
2026-06-02 15:36:14,734 [accessibility_filter] DEBUG: REMOVED: chr20:29286861 G>A — not in accessible region
2026-06-02 15:36:14,734 [accessibility_filter] DEBUG: REMOVED: chr20:29288584 G>A — not in accessible region
2026-06-02 15:36:14,734 [accessibility_filter] DEBUG: REMOVED: chr20:29288873 G>T — not in accessible region
2026-06-02 15:36:14,734 [accessibility_filter] DEBUG: REMOVED: chr20:29289365 T>C — not in accessible region
2026-06-02 15:36:14,734 [accessibility_filter] DEBUG: REMOVED: chr20:29290877 C>T — not in accessible region
2026-06-02 15:36:14,734 [accessibility_filter] DEBUG: REMOVED: chr20:29295083 A>G — not in accessible region
2026-06-02 15:36:14,734 [accessibility_filter] DEBUG: REMOVED: chr20:29295119 G>A — not in accessible region
2026-06-02 15:36:14,734 [accessibility_filter] DEBUG: REMOVED: chr20:29296356 C>T — not in accessible region
2026-06-02 15:36:14,734 [accessibility_filter] DEBUG: REMOVED: chr20:29296453 T>C — not in accessible region
2026-06-02 15:36:14,734 [accessibility_filter] DEBUG: REMOVED: chr20:29296540 G>A — not in accessible region
2026-06-02 15:36:14,734 [accessibility_filter] DEBUG: REMOVED: chr20:29296633 G>A — not in accessible region
2026-06-02 15:36:14,734 [accessibility_filter] DEBUG: REMOVED: chr20:29296663 A>G — not in accessible region
2026-06-02 15:36:14,734 [accessibility_filter] DEBUG: REMOVED: chr20:29296834 C>A — not in accessible region
2026-06-02 15:36:14,734 [accessibility_filter] DEBUG: REMOVED: chr20:29297062 C>T — not in accessible region
2026-06-02 15:36:14,734 [accessibility_filter] DEBUG: REMOVED: chr20:29297215 T>C — not in accessible region
2026-06-02 15:36:14,734 [accessibility_filter] DEBUG: REMOVED: chr20:29298418 T>C — not in accessible region
2026-06-02 15:36:14,734 [accessibility_filter] DEBUG: REMOVED: chr20:29299407 G>A — not in accessible region
2026-06-02 15:36:14,734 [accessibility_filter] DEBUG: REMOVED: chr20:29300295 G>A — not in accessible region
2026-06-02 15:36:14,735 [accessibility_filter] DEBUG: REMOVED: chr20:29300458 C>T — not in accessible region
2026-06-02 15:36:14,735 [accessibility_filter] DEBUG: REMOVED: chr20:29300571 A>G — not in accessible region
2026-06-02 15:36:14,735 [accessibility_filter] DEBUG: REMOVED: chr20:29300814 A>G — not in accessible region
2026-06-02 15:36:14,735 [accessibility_filter] DEBUG: REMOVED: chr20:29301078 A>T — not in accessible region
2026-06-02 15:36:14,735 [accessibility_filter] DEBUG: REMOVED: chr20:29301285 T>G — not in accessible region
2026-06-02 15:36:14,735 [accessibility_filter] DEBUG: REMOVED: chr20:29301340 G>T — not in accessible region
2026-06-02 15:36:14,735 [accessibility_filter] DEBUG: REMOVED: chr20:29301475 C>A — not in accessible region
2026-06-02 15:36:14,735 [accessibility_filter] DEBUG: REMOVED: chr20:29301809 C>A — not in accessible region
2026-06-02 15:36:14,735 [accessibility_filter] DEBUG: REMOVED: chr20:29303284 C>T — not in accessible region
2026-06-02 15:36:14,735 [accessibility_filter] DEBUG: REMOVED: chr20:29303298 A>T — not in accessible region
2026-06-02 15:36:14,735 [accessibility_filter] DEBUG: REMOVED: chr20:29304774 A>G — not in accessible region
2026-06-02 15:36:14,735 [accessibility_filter] DEBUG: REMOVED: chr20:29304783 T>G — not in accessible region
2026-06-02 15:36:14,735 [accessibility_filter] DEBUG: REMOVED: chr20:29305098 G>C — not in accessible region
2026-06-02 15:36:14,735 [accessibility_filter] DEBUG: REMOVED: chr20:29305474 C>A — not in accessible region
2026-06-02 15:36:14,735 [accessibility_filter] DEBUG: REMOVED: chr20:29305773 A>C — not in accessible region
2026-06-02 15:36:14,735 [accessibility_filter] DEBUG: REMOVED: chr20:29306790 T>C — not in accessible region
2026-06-02 15:36:14,735 [accessibility_filter] DEBUG: REMOVED: chr20:29307078 G>A — not in accessible region
2026-06-02 15:36:14,735 [accessibility_filter] DEBUG: REMOVED: chr20:29308257 C>G — not in accessible region
2026-06-02 15:36:14,735 [accessibility_filter] DEBUG: REMOVED: chr20:29308629 C>A — not in accessible region
2026-06-02 15:36:14,735 [accessibility_filter] DEBUG: REMOVED: chr20:29309301 G>T — not in accessible region
2026-06-02 15:36:14,735 [accessibility_filter] DEBUG: REMOVED: chr20:29309464 T>G — not in accessible region
2026-06-02 15:36:14,735 [accessibility_filter] DEBUG: REMOVED: chr20:29310784 A>G — not in accessible region
2026-06-02 15:36:14,735 [accessibility_filter] DEBUG: REMOVED: chr20:29310825 A>G — not in accessible region
2026-06-02 15:36:14,735 [accessibility_filter] DEBUG: REMOVED: chr20:29314812 C>G — not in accessible region
2026-06-02 15:36:14,735 [accessibility_filter] DEBUG: REMOVED: chr20:29314823 G>A — not in accessible region
2026-06-02 15:36:14,735 [accessibility_filter] DEBUG: REMOVED: chr20:29315834 C>A — not in accessible region
2026-06-02 15:36:14,735 [accessibility_filter] DEBUG: REMOVED: chr20:29317124 G>A — not in accessible region
2026-06-02 15:36:14,735 [accessibility_filter] DEBUG: REMOVED: chr20:29317242 T>G — not in accessible region
2026-06-02 15:36:14,735 [accessibility_filter] DEBUG: REMOVED: chr20:29317337 C>T — not in accessible region
2026-06-02 15:36:14,735 [accessibility_filter] DEBUG: KEPT: chr20:29322036 G>A
2026-06-02 15:36:14,735 [accessibility_filter] DEBUG: REMOVED: chr20:29323410 A>C — not in accessible region
2026-06-02 15:36:14,735 [accessibility_filter] DEBUG: REMOVED: chr20:29323760 T>G — not in accessible region
2026-06-02 15:36:14,735 [accessibility_filter] DEBUG: REMOVED: chr20:29323768 T>C — not in accessible region
2026-06-02 15:36:14,735 [accessibility_filter] DEBUG: REMOVED: chr20:29323884 A>C — not in accessible region
2026-06-02 15:36:14,735 [accessibility_filter] DEBUG: REMOVED: chr20:29327446 G>T — not in accessible region
2026-06-02 15:36:14,735 [accessibility_filter] DEBUG: REMOVED: chr20:29330923 A>T — not in accessible region
2026-06-02 15:36:14,735 [accessibility_filter] DEBUG: REMOVED: chr20:29330930 G>C — not in accessible region
2026-06-02 15:36:14,735 [accessibility_filter] DEBUG: REMOVED: chr20:29332037 A>G — not in accessible region
2026-06-02 15:36:14,735 [accessibility_filter] DEBUG: REMOVED: chr20:29332053 G>C — not in accessible region
2026-06-02 15:36:14,735 [accessibility_filter] DEBUG: REMOVED: chr20:29335679 T>A — not in accessible region
2026-06-02 15:36:14,735 [accessibility_filter] DEBUG: REMOVED: chr20:29335693 T>C — not in accessible region
2026-06-02 15:36:14,735 [accessibility_filter] DEBUG: REMOVED: chr20:29339605 A>C — not in accessible region
2026-06-02 15:36:14,735 [accessibility_filter] DEBUG: REMOVED: chr20:29340590 T>A — not in accessible region
2026-06-02 15:36:14,735 [accessibility_filter] DEBUG: REMOVED: chr20:29341447 G>C — not in accessible region
2026-06-02 15:36:14,735 [accessibility_filter] DEBUG: REMOVED: chr20:29342176 G>T — not in accessible region
2026-06-02 15:36:14,735 [accessibility_filter] DEBUG: REMOVED: chr20:29343878 A>G — not in accessible region
2026-06-02 15:36:14,735 [accessibility_filter] DEBUG: REMOVED: chr20:29344681 A>G — not in accessible region
2026-06-02 15:36:14,735 [accessibility_filter] DEBUG: REMOVED: chr20:29344749 T>C — not in accessible region
2026-06-02 15:36:14,735 [accessibility_filter] DEBUG: REMOVED: chr20:29346856 C>T — not in accessible region
2026-06-02 15:36:14,735 [accessibility_filter] DEBUG: REMOVED: chr20:29347146 C>T — not in accessible region
2026-06-02 15:36:14,735 [accessibility_filter] DEBUG: REMOVED: chr20:29347346 C>A — not in accessible region
2026-06-02 15:36:14,735 [accessibility_filter] DEBUG: REMOVED: chr20:29348754 G>A — not in accessible region
2026-06-02 15:36:14,735 [accessibility_filter] DEBUG: REMOVED: chr20:29348950 A>G — not in accessible region
2026-06-02 15:36:14,735 [accessibility_filter] DEBUG: REMOVED: chr20:29349089 C>A — not in accessible region
2026-06-02 15:36:14,735 [accessibility_filter] DEBUG: REMOVED: chr20:29349092 T>C — not in accessible region
2026-06-02 15:36:14,735 [accessibility_filter] DEBUG: REMOVED: chr20:29349271 C>T — not in accessible region
2026-06-02 15:36:14,735 [accessibility_filter] DEBUG: REMOVED: chr20:29349693 A>T — not in accessible region
2026-06-02 15:36:14,735 [accessibility_filter] DEBUG: REMOVED: chr20:29349744 C>T — not in accessible region
2026-06-02 15:36:14,735 [accessibility_filter] DEBUG: REMOVED: chr20:29350041 T>C — not in accessible region
2026-06-02 15:36:14,735 [accessibility_filter] DEBUG: REMOVED: chr20:29350835 T>C — not in accessible region
2026-06-02 15:36:14,735 [accessibility_filter] DEBUG: REMOVED: chr20:29350908 A>C — not in accessible region
2026-06-02 15:36:14,735 [accessibility_filter] DEBUG: REMOVED: chr20:29351369 A>G — not in accessible region
2026-06-02 15:36:14,736 [accessibility_filter] DEBUG: REMOVED: chr20:29351879 G>A — not in accessible region
2026-06-02 15:36:14,736 [accessibility_filter] DEBUG: REMOVED: chr20:29352326 A>G — not in accessible region
2026-06-02 15:36:14,736 [accessibility_filter] DEBUG: REMOVED: chr20:29352567 C>G — not in accessible region
2026-06-02 15:36:14,736 [accessibility_filter] DEBUG: REMOVED: chr20:29353926 T>C — not in accessible region
2026-06-02 15:36:14,736 [accessibility_filter] DEBUG: REMOVED: chr20:29357527 A>G — not in accessible region
2026-06-02 15:36:14,736 [accessibility_filter] DEBUG: REMOVED: chr20:29357841 T>C — not in accessible region
2026-06-02 15:36:14,736 [accessibility_filter] DEBUG: REMOVED: chr20:29357863 A>G — not in accessible region
2026-06-02 15:36:14,736 [accessibility_filter] DEBUG: KEPT: chr20:29358449 T>C
2026-06-02 15:36:14,736 [accessibility_filter] DEBUG: REMOVED: chr20:29359448 G>A — not in accessible region
2026-06-02 15:36:14,736 [accessibility_filter] DEBUG: REMOVED: chr20:29359540 C>T — not in accessible region
2026-06-02 15:36:14,736 [accessibility_filter] DEBUG: REMOVED: chr20:29362230 A>T — not in accessible region
2026-06-02 15:36:14,736 [accessibility_filter] DEBUG: REMOVED: chr20:29364401 A>G — not in accessible region
2026-06-02 15:36:14,736 [accessibility_filter] DEBUG: REMOVED: chr20:29364428 G>C — not in accessible region
2026-06-02 15:36:14,736 [accessibility_filter] DEBUG: REMOVED: chr20:29364979 G>C — not in accessible region
2026-06-02 15:36:14,736 [accessibility_filter] DEBUG: REMOVED: chr20:29365048 G>A — not in accessible region
2026-06-02 15:36:14,736 [accessibility_filter] DEBUG: KEPT: chr20:29366003 C>G
2026-06-02 15:36:14,736 [accessibility_filter] DEBUG: REMOVED: chr20:29366128 A>G — not in accessible region
2026-06-02 15:36:14,736 [accessibility_filter] DEBUG: REMOVED: chr20:29366269 T>C — not in accessible region
2026-06-02 15:36:14,736 [accessibility_filter] DEBUG: REMOVED: chr20:29366850 T>C — not in accessible region
2026-06-02 15:36:14,736 [accessibility_filter] DEBUG: REMOVED: chr20:29366982 T>C — not in accessible region
2026-06-02 15:36:14,736 [accessibility_filter] DEBUG: REMOVED: chr20:29367199 C>T — not in accessible region
2026-06-02 15:36:14,736 [accessibility_filter] DEBUG: REMOVED: chr20:29368072 C>G — not in accessible region
2026-06-02 15:36:14,736 [accessibility_filter] DEBUG: REMOVED: chr20:29368582 G>A — not in accessible region
2026-06-02 15:36:14,736 [accessibility_filter] DEBUG: REMOVED: chr20:29369005 C>A — not in accessible region
2026-06-02 15:36:14,736 [accessibility_filter] DEBUG: REMOVED: chr20:29369235 C>A — not in accessible region
2026-06-02 15:36:14,736 [accessibility_filter] DEBUG: REMOVED: chr20:29369307 T>G — not in accessible region
2026-06-02 15:36:14,736 [accessibility_filter] DEBUG: REMOVED: chr20:29370381 G>T — not in accessible region
2026-06-02 15:36:14,736 [accessibility_filter] DEBUG: REMOVED: chr20:29370747 C>T — not in accessible region
2026-06-02 15:36:14,736 [accessibility_filter] DEBUG: REMOVED: chr20:29371002 G>A — not in accessible region
2026-06-02 15:36:14,736 [accessibility_filter] DEBUG: REMOVED: chr20:29371235 G>C — not in accessible region
2026-06-02 15:36:14,736 [accessibility_filter] DEBUG: REMOVED: chr20:29371369 C>T — not in accessible region
2026-06-02 15:36:14,736 [accessibility_filter] DEBUG: REMOVED: chr20:29371783 T>C — not in accessible region
2026-06-02 15:36:14,736 [accessibility_filter] DEBUG: REMOVED: chr20:29372016 C>T — not in accessible region
2026-06-02 15:36:14,736 [accessibility_filter] DEBUG: REMOVED: chr20:29372269 A>T — not in accessible region
2026-06-02 15:36:14,736 [accessibility_filter] DEBUG: REMOVED: chr20:29372271 G>A — not in accessible region
2026-06-02 15:36:14,736 [accessibility_filter] DEBUG: REMOVED: chr20:29373637 C>A — not in accessible region
2026-06-02 15:36:14,736 [accessibility_filter] DEBUG: REMOVED: chr20:29374321 A>G — not in accessible region
2026-06-02 15:36:14,736 [accessibility_filter] DEBUG: REMOVED: chr20:29374797 T>G — not in accessible region
2026-06-02 15:36:14,736 [accessibility_filter] DEBUG: REMOVED: chr20:29374804 G>C — not in accessible region
2026-06-02 15:36:14,736 [accessibility_filter] DEBUG: REMOVED: chr20:29375350 T>C — not in accessible region
2026-06-02 15:36:14,736 [accessibility_filter] DEBUG: REMOVED: chr20:29379553 T>C — not in accessible region
2026-06-02 15:36:14,736 [accessibility_filter] DEBUG: REMOVED: chr20:29381083 A>C — not in accessible region
2026-06-02 15:36:14,736 [accessibility_filter] DEBUG: REMOVED: chr20:29381095 C>G — not in accessible region
2026-06-02 15:36:14,736 [accessibility_filter] DEBUG: REMOVED: chr20:29381281 T>G — not in accessible region
2026-06-02 15:36:14,736 [accessibility_filter] DEBUG: KEPT: chr20:29381683 T>C
2026-06-02 15:36:14,736 [accessibility_filter] DEBUG: REMOVED: chr20:29382288 T>C — not in accessible region
2026-06-02 15:36:14,736 [accessibility_filter] DEBUG: REMOVED: chr20:29382735 C>G — not in accessible region
2026-06-02 15:36:14,736 [accessibility_filter] DEBUG: REMOVED: chr20:29383922 A>G — not in accessible region
2026-06-02 15:36:14,736 [accessibility_filter] DEBUG: REMOVED: chr20:29384174 T>C — not in accessible region
2026-06-02 15:36:14,736 [accessibility_filter] DEBUG: REMOVED: chr20:29384292 T>C — not in accessible region
2026-06-02 15:36:14,736 [accessibility_filter] DEBUG: REMOVED: chr20:29384526 G>A — not in accessible region
2026-06-02 15:36:14,736 [accessibility_filter] DEBUG: REMOVED: chr20:29384626 G>A — not in accessible region
2026-06-02 15:36:14,736 [accessibility_filter] DEBUG: REMOVED: chr20:29388172 A>G — not in accessible region
2026-06-02 15:36:14,736 [accessibility_filter] DEBUG: REMOVED: chr20:29388275 A>G — not in accessible region
2026-06-02 15:36:14,736 [accessibility_filter] DEBUG: REMOVED: chr20:29394026 T>A — not in accessible region
2026-06-02 15:36:14,736 [accessibility_filter] DEBUG: REMOVED: chr20:29394109 T>G — not in accessible region
2026-06-02 15:36:14,736 [accessibility_filter] DEBUG: REMOVED: chr20:29398649 A>C — not in accessible region
2026-06-02 15:36:14,736 [accessibility_filter] DEBUG: REMOVED: chr20:29398668 T>A — not in accessible region
2026-06-02 15:36:14,736 [accessibility_filter] DEBUG: REMOVED: chr20:29399531 G>T — not in accessible region
2026-06-02 15:36:14,736 [accessibility_filter] DEBUG: REMOVED: chr20:29399649 T>A — not in accessible region
2026-06-02 15:36:14,736 [accessibility_filter] DEBUG: REMOVED: chr20:29399703 C>A — not in accessible region
2026-06-02 15:36:14,736 [accessibility_filter] DEBUG: REMOVED: chr20:29402415 A>G — not in accessible region
2026-06-02 15:36:14,736 [accessibility_filter] DEBUG: REMOVED: chr20:29402494 A>G — not in accessible region
2026-06-02 15:36:14,737 [accessibility_filter] DEBUG: REMOVED: chr20:29405914 C>T — not in accessible region
2026-06-02 15:36:14,737 [accessibility_filter] DEBUG: REMOVED: chr20:29405951 T>C — not in accessible region
2026-06-02 15:36:14,737 [accessibility_filter] DEBUG: REMOVED: chr20:29408099 G>A — not in accessible region
2026-06-02 15:36:14,737 [accessibility_filter] DEBUG: REMOVED: chr20:29408662 G>C — not in accessible region
2026-06-02 15:36:14,737 [accessibility_filter] DEBUG: REMOVED: chr20:29409194 G>T — not in accessible region
2026-06-02 15:36:14,737 [accessibility_filter] DEBUG: REMOVED: chr20:29410323 T>C — not in accessible region
2026-06-02 15:36:14,737 [accessibility_filter] DEBUG: REMOVED: chr20:29411008 T>A — not in accessible region
2026-06-02 15:36:14,737 [accessibility_filter] DEBUG: REMOVED: chr20:29411096 C>G — not in accessible region
2026-06-02 15:36:14,737 [accessibility_filter] DEBUG: REMOVED: chr20:29414257 A>T — not in accessible region
2026-06-02 15:36:14,737 [accessibility_filter] DEBUG: REMOVED: chr20:29414497 T>G — not in accessible region
2026-06-02 15:36:14,737 [accessibility_filter] DEBUG: REMOVED: chr20:29419584 C>T — not in accessible region
2026-06-02 15:36:14,737 [accessibility_filter] DEBUG: REMOVED: chr20:29421103 G>A — not in accessible region
2026-06-02 15:36:14,737 [accessibility_filter] DEBUG: REMOVED: chr20:29421409 G>A — not in accessible region
2026-06-02 15:36:14,737 [accessibility_filter] DEBUG: REMOVED: chr20:29422132 T>C — not in accessible region
2026-06-02 15:36:14,737 [accessibility_filter] DEBUG: REMOVED: chr20:29422136 C>T — not in accessible region
2026-06-02 15:36:14,737 [accessibility_filter] DEBUG: REMOVED: chr20:29422267 A>T — not in accessible region
2026-06-02 15:36:14,737 [accessibility_filter] DEBUG: REMOVED: chr20:29423797 C>T — not in accessible region
2026-06-02 15:36:14,737 [accessibility_filter] DEBUG: REMOVED: chr20:29424155 G>A — not in accessible region
2026-06-02 15:36:14,737 [accessibility_filter] DEBUG: REMOVED: chr20:29424909 C>T — not in accessible region
2026-06-02 15:36:14,737 [accessibility_filter] DEBUG: REMOVED: chr20:29425254 A>G — not in accessible region
2026-06-02 15:36:14,737 [accessibility_filter] DEBUG: REMOVED: chr20:29425535 A>G — not in accessible region
2026-06-02 15:36:14,737 [accessibility_filter] DEBUG: REMOVED: chr20:29427314 A>G — not in accessible region
2026-06-02 15:36:14,737 [accessibility_filter] DEBUG: KEPT: chr20:29428342 C>T
2026-06-02 15:36:14,737 [accessibility_filter] DEBUG: REMOVED: chr20:29428465 C>T — not in accessible region
2026-06-02 15:36:14,737 [accessibility_filter] DEBUG: KEPT: chr20:29430447 A>G
2026-06-02 15:36:14,737 [accessibility_filter] DEBUG: KEPT: chr20:29430495 C>G
2026-06-02 15:36:14,737 [accessibility_filter] DEBUG: KEPT: chr20:29431558 T>C
2026-06-02 15:36:14,737 [accessibility_filter] DEBUG: REMOVED: chr20:29432009 C>G — not in accessible region
2026-06-02 15:36:14,737 [accessibility_filter] DEBUG: REMOVED: chr20:29432218 G>T — not in accessible region
2026-06-02 15:36:14,737 [accessibility_filter] DEBUG: REMOVED: chr20:29432992 A>G — not in accessible region
2026-06-02 15:36:14,737 [accessibility_filter] DEBUG: REMOVED: chr20:29433637 T>A — not in accessible region
2026-06-02 15:36:14,737 [accessibility_filter] DEBUG: REMOVED: chr20:29433728 G>A — not in accessible region
2026-06-02 15:36:14,737 [accessibility_filter] DEBUG: KEPT: chr20:29435336 T>C
2026-06-02 15:36:14,737 [accessibility_filter] DEBUG: REMOVED: chr20:29436391 A>G — not in accessible region
2026-06-02 15:36:14,737 [accessibility_filter] DEBUG: REMOVED: chr20:29436449 G>A — not in accessible region
2026-06-02 15:36:14,737 [accessibility_filter] DEBUG: REMOVED: chr20:29436810 G>C — not in accessible region
2026-06-02 15:36:14,737 [accessibility_filter] DEBUG: REMOVED: chr20:29438421 A>G — not in accessible region
2026-06-02 15:36:14,737 [accessibility_filter] DEBUG: REMOVED: chr20:29438436 C>T — not in accessible region
2026-06-02 15:36:14,737 [accessibility_filter] DEBUG: REMOVED: chr20:29438835 G>A — not in accessible region
2026-06-02 15:36:14,737 [accessibility_filter] DEBUG: REMOVED: chr20:29439663 T>C — not in accessible region
2026-06-02 15:36:14,737 [accessibility_filter] DEBUG: REMOVED: chr20:29440099 A>G — not in accessible region
2026-06-02 15:36:14,737 [accessibility_filter] DEBUG: REMOVED: chr20:29440402 G>A — not in accessible region
2026-06-02 15:36:14,737 [accessibility_filter] DEBUG: KEPT: chr20:29440428 G>C
2026-06-02 15:36:14,737 [accessibility_filter] DEBUG: REMOVED: chr20:29441496 T>A — not in accessible region
2026-06-02 15:36:14,737 [accessibility_filter] DEBUG: REMOVED: chr20:29441783 G>C — not in accessible region
2026-06-02 15:36:14,737 [accessibility_filter] DEBUG: REMOVED: chr20:29441879 G>A — not in accessible region
2026-06-02 15:36:14,737 [accessibility_filter] DEBUG: REMOVED: chr20:29442469 G>A — not in accessible region
2026-06-02 15:36:14,737 [accessibility_filter] DEBUG: REMOVED: chr20:29442878 C>T — not in accessible region
2026-06-02 15:36:14,737 [accessibility_filter] DEBUG: KEPT: chr20:29442968 C>T
2026-06-02 15:36:14,737 [accessibility_filter] DEBUG: REMOVED: chr20:29445261 G>A — not in accessible region
2026-06-02 15:36:14,737 [accessibility_filter] DEBUG: REMOVED: chr20:29446233 C>G — not in accessible region
2026-06-02 15:36:14,737 [accessibility_filter] DEBUG: REMOVED: chr20:29446415 T>A — not in accessible region
2026-06-02 15:36:14,737 [accessibility_filter] DEBUG: REMOVED: chr20:29447354 T>G — not in accessible region
2026-06-02 15:36:14,737 [accessibility_filter] DEBUG: REMOVED: chr20:29447781 G>T — not in accessible region
2026-06-02 15:36:14,737 [accessibility_filter] DEBUG: REMOVED: chr20:29447785 G>T — not in accessible region
2026-06-02 15:36:14,737 [accessibility_filter] DEBUG: REMOVED: chr20:29448492 G>A — not in accessible region
2026-06-02 15:36:14,737 [accessibility_filter] DEBUG: REMOVED: chr20:29448603 C>A — not in accessible region
2026-06-02 15:36:14,737 [accessibility_filter] DEBUG: REMOVED: chr20:29448856 C>T — not in accessible region
2026-06-02 15:36:14,737 [accessibility_filter] DEBUG: REMOVED: chr20:29449149 G>A — not in accessible region
2026-06-02 15:36:14,737 [accessibility_filter] DEBUG: REMOVED: chr20:29449518 G>A — not in accessible region
2026-06-02 15:36:14,737 [accessibility_filter] DEBUG: REMOVED: chr20:29451269 G>A — not in accessible region
2026-06-02 15:36:14,737 [accessibility_filter] DEBUG: REMOVED: chr20:29453728 T>C — not in accessible region
2026-06-02 15:36:14,737 [accessibility_filter] DEBUG: REMOVED: chr20:29454543 A>G — not in accessible region
2026-06-02 15:36:14,738 [accessibility_filter] DEBUG: REMOVED: chr20:29456112 C>G — not in accessible region
2026-06-02 15:36:14,738 [accessibility_filter] DEBUG: REMOVED: chr20:29456638 G>C — not in accessible region
2026-06-02 15:36:14,738 [accessibility_filter] DEBUG: REMOVED: chr20:29457056 A>G — not in accessible region
2026-06-02 15:36:14,738 [accessibility_filter] DEBUG: REMOVED: chr20:29458199 T>G — not in accessible region
2026-06-02 15:36:14,738 [accessibility_filter] DEBUG: REMOVED: chr20:29458230 A>G — not in accessible region
2026-06-02 15:36:14,738 [accessibility_filter] DEBUG: REMOVED: chr20:29459641 T>C — not in accessible region
2026-06-02 15:36:14,738 [accessibility_filter] DEBUG: REMOVED: chr20:29463812 G>A — not in accessible region
2026-06-02 15:36:14,738 [accessibility_filter] DEBUG: REMOVED: chr20:29464529 T>A — not in accessible region
2026-06-02 15:36:14,738 [accessibility_filter] DEBUG: REMOVED: chr20:29464601 G>T — not in accessible region
2026-06-02 15:36:14,738 [accessibility_filter] DEBUG: REMOVED: chr20:29466548 T>C — not in accessible region
2026-06-02 15:36:14,738 [accessibility_filter] DEBUG: REMOVED: chr20:29466900 T>C — not in accessible region
2026-06-02 15:36:14,738 [accessibility_filter] DEBUG: REMOVED: chr20:29467048 C>T — not in accessible region
2026-06-02 15:36:14,738 [accessibility_filter] DEBUG: REMOVED: chr20:29467812 G>A — not in accessible region
2026-06-02 15:36:14,738 [accessibility_filter] DEBUG: REMOVED: chr20:29469900 C>T — not in accessible region
2026-06-02 15:36:14,738 [accessibility_filter] DEBUG: REMOVED: chr20:29470610 A>T — not in accessible region
2026-06-02 15:36:14,738 [accessibility_filter] DEBUG: REMOVED: chr20:29470929 T>G — not in accessible region
2026-06-02 15:36:14,738 [accessibility_filter] DEBUG: REMOVED: chr20:29471715 A>T — not in accessible region
2026-06-02 15:36:14,738 [accessibility_filter] DEBUG: REMOVED: chr20:29471867 C>T — not in accessible region
2026-06-02 15:36:14,738 [accessibility_filter] DEBUG: REMOVED: chr20:29473431 A>G — not in accessible region
2026-06-02 15:36:14,738 [accessibility_filter] DEBUG: REMOVED: chr20:29473621 A>G — not in accessible region
2026-06-02 15:36:14,738 [accessibility_filter] DEBUG: REMOVED: chr20:29474407 T>C — not in accessible region
2026-06-02 15:36:14,738 [accessibility_filter] DEBUG: REMOVED: chr20:29474441 A>G — not in accessible region
2026-06-02 15:36:14,738 [accessibility_filter] DEBUG: REMOVED: chr20:29475621 G>A — not in accessible region
2026-06-02 15:36:14,738 [accessibility_filter] DEBUG: REMOVED: chr20:29482375 T>C — not in accessible region
2026-06-02 15:36:14,738 [accessibility_filter] DEBUG: REMOVED: chr20:29483384 G>T — not in accessible region
2026-06-02 15:36:14,738 [accessibility_filter] DEBUG: REMOVED: chr20:29484559 A>T — not in accessible region
2026-06-02 15:36:14,738 [accessibility_filter] DEBUG: REMOVED: chr20:29484566 A>T — not in accessible region
2026-06-02 15:36:14,738 [accessibility_filter] DEBUG: REMOVED: chr20:29484635 T>C — not in accessible region
2026-06-02 15:36:14,738 [accessibility_filter] DEBUG: REMOVED: chr20:29487212 G>A — not in accessible region
2026-06-02 15:36:14,738 [accessibility_filter] DEBUG: KEPT: chr20:29487613 G>A
2026-06-02 15:36:14,738 [accessibility_filter] DEBUG: REMOVED: chr20:29487830 T>C — not in accessible region
2026-06-02 15:36:14,738 [accessibility_filter] DEBUG: REMOVED: chr20:29487904 G>A — not in accessible region
2026-06-02 15:36:14,738 [accessibility_filter] DEBUG: REMOVED: chr20:29489073 T>C — not in accessible region
2026-06-02 15:36:14,738 [accessibility_filter] DEBUG: REMOVED: chr20:29489311 T>C — not in accessible region
2026-06-02 15:36:14,738 [accessibility_filter] DEBUG: REMOVED: chr20:29490882 C>T — not in accessible region
2026-06-02 15:36:14,738 [accessibility_filter] DEBUG: REMOVED: chr20:29491341 C>T — not in accessible region
2026-06-02 15:36:14,738 [accessibility_filter] DEBUG: REMOVED: chr20:29492071 A>C — not in accessible region
2026-06-02 15:36:14,738 [accessibility_filter] DEBUG: REMOVED: chr20:29492160 G>A — not in accessible region
2026-06-02 15:36:14,738 [accessibility_filter] DEBUG: REMOVED: chr20:29494086 A>G — not in accessible region
2026-06-02 15:36:14,738 [accessibility_filter] DEBUG: REMOVED: chr20:29497271 T>G — not in accessible region
2026-06-02 15:36:14,738 [accessibility_filter] DEBUG: REMOVED: chr20:29497882 C>T — not in accessible region
2026-06-02 15:36:14,738 [accessibility_filter] DEBUG: REMOVED: chr20:29500922 A>G — not in accessible region
2026-06-02 15:36:14,738 [accessibility_filter] DEBUG: REMOVED: chr20:29505594 A>G — not in accessible region
2026-06-02 15:36:14,738 [accessibility_filter] DEBUG: REMOVED: chr20:29505606 T>A — not in accessible region
2026-06-02 15:36:14,738 [accessibility_filter] DEBUG: REMOVED: chr20:29510171 T>C — not in accessible region
2026-06-02 15:36:14,738 [accessibility_filter] DEBUG: REMOVED: chr20:29510175 A>G — not in accessible region
2026-06-02 15:36:14,738 [accessibility_filter] DEBUG: REMOVED: chr20:29511642 T>C — not in accessible region
2026-06-02 15:36:14,738 [accessibility_filter] DEBUG: REMOVED: chr20:29512746 A>G — not in accessible region
2026-06-02 15:36:14,738 [accessibility_filter] DEBUG: REMOVED: chr20:29519635 A>G — not in accessible region
2026-06-02 15:36:14,738 [accessibility_filter] DEBUG: REMOVED: chr20:29521020 G>A — not in accessible region
2026-06-02 15:36:14,738 [accessibility_filter] DEBUG: REMOVED: chr20:29521485 C>T — not in accessible region
2026-06-02 15:36:14,738 [accessibility_filter] DEBUG: REMOVED: chr20:29523479 G>T — not in accessible region
2026-06-02 15:36:14,738 [accessibility_filter] DEBUG: REMOVED: chr20:29523491 G>A — not in accessible region
2026-06-02 15:36:14,738 [accessibility_filter] DEBUG: REMOVED: chr20:29524886 G>A — not in accessible region
2026-06-02 15:36:14,738 [accessibility_filter] DEBUG: REMOVED: chr20:29524962 T>C — not in accessible region
2026-06-02 15:36:14,738 [accessibility_filter] DEBUG: REMOVED: chr20:29525048 T>G — not in accessible region
2026-06-02 15:36:14,738 [accessibility_filter] DEBUG: REMOVED: chr20:29525745 G>T — not in accessible region
2026-06-02 15:36:14,738 [accessibility_filter] DEBUG: REMOVED: chr20:29525933 A>G — not in accessible region
2026-06-02 15:36:14,738 [accessibility_filter] DEBUG: REMOVED: chr20:29526025 A>G — not in accessible region
2026-06-02 15:36:14,738 [accessibility_filter] DEBUG: REMOVED: chr20:29526032 C>T — not in accessible region
2026-06-02 15:36:14,738 [accessibility_filter] DEBUG: KEPT: chr20:29526172 C>A
2026-06-02 15:36:14,738 [accessibility_filter] DEBUG: REMOVED: chr20:29526238 C>A — not in accessible region
2026-06-02 15:36:14,739 [accessibility_filter] DEBUG: REMOVED: chr20:29526915 C>T — not in accessible region
2026-06-02 15:36:14,739 [accessibility_filter] DEBUG: REMOVED: chr20:29526956 T>A — not in accessible region
2026-06-02 15:36:14,739 [accessibility_filter] DEBUG: REMOVED: chr20:29527410 T>C — not in accessible region
2026-06-02 15:36:14,739 [accessibility_filter] DEBUG: REMOVED: chr20:29528050 A>G — not in accessible region
2026-06-02 15:36:14,739 [accessibility_filter] DEBUG: REMOVED: chr20:29528497 C>T — not in accessible region
2026-06-02 15:36:14,739 [accessibility_filter] DEBUG: REMOVED: chr20:29528618 C>T — not in accessible region
2026-06-02 15:36:14,739 [accessibility_filter] DEBUG: REMOVED: chr20:29528713 C>T — not in accessible region
2026-06-02 15:36:14,739 [accessibility_filter] DEBUG: REMOVED: chr20:29528775 A>G — not in accessible region
2026-06-02 15:36:14,739 [accessibility_filter] DEBUG: REMOVED: chr20:29529943 T>C — not in accessible region
2026-06-02 15:36:14,739 [accessibility_filter] DEBUG: REMOVED: chr20:29530229 T>G — not in accessible region
2026-06-02 15:36:14,739 [accessibility_filter] DEBUG: REMOVED: chr20:29530445 T>C — not in accessible region
2026-06-02 15:36:14,739 [accessibility_filter] DEBUG: REMOVED: chr20:29532096 T>A — not in accessible region
2026-06-02 15:36:14,739 [accessibility_filter] DEBUG: REMOVED: chr20:29532465 A>G — not in accessible region
2026-06-02 15:36:14,739 [accessibility_filter] DEBUG: REMOVED: chr20:29532655 G>A — not in accessible region
2026-06-02 15:36:14,739 [accessibility_filter] DEBUG: REMOVED: chr20:29532674 C>G — not in accessible region
2026-06-02 15:36:14,739 [accessibility_filter] DEBUG: REMOVED: chr20:29532882 G>A — not in accessible region
2026-06-02 15:36:14,739 [accessibility_filter] DEBUG: REMOVED: chr20:29533306 C>A — not in accessible region
2026-06-02 15:36:14,739 [accessibility_filter] DEBUG: REMOVED: chr20:29533809 C>T — not in accessible region
2026-06-02 15:36:14,739 [accessibility_filter] DEBUG: REMOVED: chr20:29533950 C>G — not in accessible region
2026-06-02 15:36:14,739 [accessibility_filter] DEBUG: REMOVED: chr20:29534066 T>A — not in accessible region
2026-06-02 15:36:14,739 [accessibility_filter] DEBUG: REMOVED: chr20:29534954 C>A — not in accessible region
2026-06-02 15:36:14,739 [accessibility_filter] DEBUG: KEPT: chr20:29536880 G>T
2026-06-02 15:36:14,739 [accessibility_filter] DEBUG: REMOVED: chr20:29537764 T>C — not in accessible region
2026-06-02 15:36:14,739 [accessibility_filter] DEBUG: REMOVED: chr20:29537967 C>A — not in accessible region
2026-06-02 15:36:14,739 [accessibility_filter] DEBUG: REMOVED: chr20:29538377 G>T — not in accessible region
2026-06-02 15:36:14,739 [accessibility_filter] DEBUG: REMOVED: chr20:29538606 A>G — not in accessible region
2026-06-02 15:36:14,739 [accessibility_filter] DEBUG: REMOVED: chr20:29540300 C>A — not in accessible region
2026-06-02 15:36:14,739 [accessibility_filter] DEBUG: REMOVED: chr20:29540476 T>C — not in accessible region
2026-06-02 15:36:14,739 [accessibility_filter] DEBUG: KEPT: chr20:29541256 C>T
2026-06-02 15:36:14,739 [accessibility_filter] DEBUG: REMOVED: chr20:29541920 A>C — not in accessible region
2026-06-02 15:36:14,739 [accessibility_filter] DEBUG: REMOVED: chr20:29543214 G>A — not in accessible region
2026-06-02 15:36:14,739 [accessibility_filter] DEBUG: REMOVED: chr20:29544221 T>C — not in accessible region
2026-06-02 15:36:14,739 [accessibility_filter] DEBUG: REMOVED: chr20:29544896 A>C — not in accessible region
2026-06-02 15:36:14,739 [accessibility_filter] DEBUG: REMOVED: chr20:29545048 G>A — not in accessible region
2026-06-02 15:36:14,739 [accessibility_filter] DEBUG: REMOVED: chr20:29545130 C>T — not in accessible region
2026-06-02 15:36:14,739 [accessibility_filter] DEBUG: REMOVED: chr20:29545741 A>G — not in accessible region
2026-06-02 15:36:14,739 [accessibility_filter] DEBUG: REMOVED: chr20:29546441 A>T — not in accessible region
2026-06-02 15:36:14,739 [accessibility_filter] DEBUG: KEPT: chr20:29546775 C>T
2026-06-02 15:36:14,739 [accessibility_filter] DEBUG: REMOVED: chr20:29548077 C>T — not in accessible region
2026-06-02 15:36:14,739 [accessibility_filter] DEBUG: REMOVED: chr20:29548516 C>T — not in accessible region
2026-06-02 15:36:14,739 [accessibility_filter] DEBUG: REMOVED: chr20:29548606 G>A — not in accessible region
2026-06-02 15:36:14,739 [accessibility_filter] DEBUG: REMOVED: chr20:29549405 T>G — not in accessible region
2026-06-02 15:36:14,739 [accessibility_filter] DEBUG: REMOVED: chr20:29549750 C>A — not in accessible region
2026-06-02 15:36:14,739 [accessibility_filter] DEBUG: REMOVED: chr20:29550125 G>A — not in accessible region
2026-06-02 15:36:14,739 [accessibility_filter] DEBUG: REMOVED: chr20:29550741 G>C — not in accessible region
2026-06-02 15:36:14,739 [accessibility_filter] DEBUG: REMOVED: chr20:29550881 C>T — not in accessible region
2026-06-02 15:36:14,739 [accessibility_filter] DEBUG: REMOVED: chr20:29550987 G>C — not in accessible region
2026-06-02 15:36:14,739 [accessibility_filter] DEBUG: REMOVED: chr20:29551456 G>A — not in accessible region
2026-06-02 15:36:14,739 [accessibility_filter] DEBUG: REMOVED: chr20:29551886 T>A — not in accessible region
2026-06-02 15:36:14,739 [accessibility_filter] DEBUG: REMOVED: chr20:29552737 C>G — not in accessible region
2026-06-02 15:36:14,739 [accessibility_filter] DEBUG: REMOVED: chr20:29553365 C>T — not in accessible region
2026-06-02 15:36:14,739 [accessibility_filter] DEBUG: REMOVED: chr20:29554485 A>G — not in accessible region
2026-06-02 15:36:14,739 [accessibility_filter] DEBUG: REMOVED: chr20:29554511 G>A — not in accessible region
2026-06-02 15:36:14,739 [accessibility_filter] DEBUG: REMOVED: chr20:29554725 T>C — not in accessible region
2026-06-02 15:36:14,739 [accessibility_filter] DEBUG: REMOVED: chr20:29555047 T>G — not in accessible region
2026-06-02 15:36:14,739 [accessibility_filter] DEBUG: REMOVED: chr20:29555638 T>A — not in accessible region
2026-06-02 15:36:14,739 [accessibility_filter] DEBUG: REMOVED: chr20:29555871 G>C — not in accessible region
2026-06-02 15:36:14,739 [accessibility_filter] DEBUG: REMOVED: chr20:29556023 A>G — not in accessible region
2026-06-02 15:36:14,739 [accessibility_filter] DEBUG: REMOVED: chr20:29557288 C>T — not in accessible region
2026-06-02 15:36:14,739 [accessibility_filter] DEBUG: REMOVED: chr20:29557340 G>C — not in accessible region
2026-06-02 15:36:14,739 [accessibility_filter] DEBUG: REMOVED: chr20:29557654 C>G — not in accessible region
2026-06-02 15:36:14,739 [accessibility_filter] DEBUG: REMOVED: chr20:29557929 A>G — not in accessible region
2026-06-02 15:36:14,739 [accessibility_filter] DEBUG: REMOVED: chr20:29559110 C>T — not in accessible region
2026-06-02 15:36:14,739 [accessibility_filter] DEBUG: KEPT: chr20:29559585 G>A
2026-06-02 15:36:14,740 [accessibility_filter] DEBUG: REMOVED: chr20:29559653 A>G — not in accessible region
2026-06-02 15:36:14,740 [accessibility_filter] DEBUG: REMOVED: chr20:29559758 G>T — not in accessible region
2026-06-02 15:36:14,740 [accessibility_filter] DEBUG: REMOVED: chr20:29560071 A>G — not in accessible region
2026-06-02 15:36:14,740 [accessibility_filter] DEBUG: REMOVED: chr20:29560165 C>T — not in accessible region
2026-06-02 15:36:14,740 [accessibility_filter] DEBUG: REMOVED: chr20:29560317 A>G — not in accessible region
2026-06-02 15:36:14,740 [accessibility_filter] DEBUG: REMOVED: chr20:29560410 C>G — not in accessible region
2026-06-02 15:36:14,740 [accessibility_filter] DEBUG: REMOVED: chr20:29561588 G>A — not in accessible region
2026-06-02 15:36:14,740 [accessibility_filter] DEBUG: REMOVED: chr20:29563666 T>C — not in accessible region
2026-06-02 15:36:14,740 [accessibility_filter] DEBUG: REMOVED: chr20:29564021 C>T — not in accessible region
2026-06-02 15:36:14,740 [accessibility_filter] DEBUG: REMOVED: chr20:29566013 T>C — not in accessible region
2026-06-02 15:36:14,740 [accessibility_filter] DEBUG: REMOVED: chr20:29567137 A>G — not in accessible region
2026-06-02 15:36:14,740 [accessibility_filter] DEBUG: REMOVED: chr20:29567239 A>G — not in accessible region
2026-06-02 15:36:14,740 [accessibility_filter] DEBUG: REMOVED: chr20:29567504 C>G — not in accessible region
2026-06-02 15:36:14,740 [accessibility_filter] DEBUG: REMOVED: chr20:29568099 A>G — not in accessible region
2026-06-02 15:36:14,740 [accessibility_filter] DEBUG: REMOVED: chr20:29568239 G>A — not in accessible region
2026-06-02 15:36:14,740 [accessibility_filter] DEBUG: KEPT: chr20:29569030 C>T
2026-06-02 15:36:14,740 [accessibility_filter] DEBUG: REMOVED: chr20:29569473 G>C — not in accessible region
2026-06-02 15:36:14,740 [accessibility_filter] DEBUG: REMOVED: chr20:29569982 A>G — not in accessible region
2026-06-02 15:36:14,740 [accessibility_filter] DEBUG: REMOVED: chr20:29570310 G>A — not in accessible region
2026-06-02 15:36:14,740 [accessibility_filter] DEBUG: REMOVED: chr20:29570425 G>T — not in accessible region
2026-06-02 15:36:14,740 [accessibility_filter] DEBUG: REMOVED: chr20:29571699 C>A — not in accessible region
2026-06-02 15:36:14,740 [accessibility_filter] DEBUG: REMOVED: chr20:29572279 A>G — not in accessible region
2026-06-02 15:36:14,740 [accessibility_filter] DEBUG: REMOVED: chr20:29572382 C>T — not in accessible region
2026-06-02 15:36:14,740 [accessibility_filter] DEBUG: REMOVED: chr20:29573188 T>A — not in accessible region
2026-06-02 15:36:14,740 [accessibility_filter] DEBUG: REMOVED: chr20:29573222 T>C — not in accessible region
2026-06-02 15:36:14,740 [accessibility_filter] DEBUG: KEPT: chr20:29573587 G>A
2026-06-02 15:36:14,740 [accessibility_filter] DEBUG: REMOVED: chr20:29574182 C>T — not in accessible region
2026-06-02 15:36:14,740 [accessibility_filter] DEBUG: REMOVED: chr20:29577028 T>C — not in accessible region
2026-06-02 15:36:14,740 [accessibility_filter] DEBUG: REMOVED: chr20:29577503 A>G — not in accessible region
2026-06-02 15:36:14,740 [accessibility_filter] DEBUG: REMOVED: chr20:29577661 A>G — not in accessible region
2026-06-02 15:36:14,740 [accessibility_filter] DEBUG: REMOVED: chr20:29578014 T>A — not in accessible region
2026-06-02 15:36:14,740 [accessibility_filter] DEBUG: REMOVED: chr20:29578257 C>G — not in accessible region
2026-06-02 15:36:14,740 [accessibility_filter] DEBUG: REMOVED: chr20:29578613 C>T — not in accessible region
2026-06-02 15:36:14,740 [accessibility_filter] DEBUG: REMOVED: chr20:29578860 T>C — not in accessible region
2026-06-02 15:36:14,740 [accessibility_filter] DEBUG: REMOVED: chr20:29580337 A>G — not in accessible region
2026-06-02 15:36:14,740 [accessibility_filter] DEBUG: REMOVED: chr20:29581413 T>C — not in accessible region
2026-06-02 15:36:14,740 [accessibility_filter] DEBUG: REMOVED: chr20:29581481 T>C — not in accessible region
2026-06-02 15:36:14,740 [accessibility_filter] DEBUG: KEPT: chr20:29581595 G>T
2026-06-02 15:36:14,740 [accessibility_filter] DEBUG: REMOVED: chr20:29582205 G>A — not in accessible region
2026-06-02 15:36:14,740 [accessibility_filter] DEBUG: REMOVED: chr20:29583620 C>T — not in accessible region
2026-06-02 15:36:14,740 [accessibility_filter] DEBUG: REMOVED: chr20:29583959 A>C — not in accessible region
2026-06-02 15:36:14,740 [accessibility_filter] DEBUG: REMOVED: chr20:29584195 A>G — not in accessible region
2026-06-02 15:36:14,740 [accessibility_filter] DEBUG: REMOVED: chr20:29585576 C>T — not in accessible region
2026-06-02 15:36:14,740 [accessibility_filter] DEBUG: REMOVED: chr20:29586860 G>A — not in accessible region
2026-06-02 15:36:14,740 [accessibility_filter] DEBUG: REMOVED: chr20:29587200 T>C — not in accessible region
2026-06-02 15:36:14,740 [accessibility_filter] DEBUG: KEPT: chr20:29587871 A>G
2026-06-02 15:36:14,740 [accessibility_filter] DEBUG: KEPT: chr20:29588600 T>A
2026-06-02 15:36:14,740 [accessibility_filter] DEBUG: REMOVED: chr20:29589194 G>A — not in accessible region
2026-06-02 15:36:14,740 [accessibility_filter] DEBUG: REMOVED: chr20:29589345 A>C — not in accessible region
2026-06-02 15:36:14,740 [accessibility_filter] DEBUG: REMOVED: chr20:29589379 T>C — not in accessible region
2026-06-02 15:36:14,740 [accessibility_filter] DEBUG: REMOVED: chr20:29590025 C>T — not in accessible region
2026-06-02 15:36:14,740 [accessibility_filter] DEBUG: REMOVED: chr20:29590369 A>G — not in accessible region
2026-06-02 15:36:14,740 [accessibility_filter] DEBUG: REMOVED: chr20:29590482 C>T — not in accessible region
2026-06-02 15:36:14,740 [accessibility_filter] DEBUG: KEPT: chr20:29590731 A>C
2026-06-02 15:36:14,740 [accessibility_filter] DEBUG: REMOVED: chr20:29591681 T>C — not in accessible region
2026-06-02 15:36:14,740 [accessibility_filter] DEBUG: REMOVED: chr20:29591904 A>G — not in accessible region
2026-06-02 15:36:14,740 [accessibility_filter] DEBUG: REMOVED: chr20:29593303 G>A — not in accessible region
2026-06-02 15:36:14,740 [accessibility_filter] DEBUG: REMOVED: chr20:29593569 C>G — not in accessible region
2026-06-02 15:36:14,740 [accessibility_filter] DEBUG: REMOVED: chr20:29594110 T>C — not in accessible region
2026-06-02 15:36:14,740 [accessibility_filter] DEBUG: REMOVED: chr20:29594129 C>G — not in accessible region
2026-06-02 15:36:14,740 [accessibility_filter] DEBUG: REMOVED: chr20:29594375 T>C — not in accessible region
2026-06-02 15:36:14,740 [accessibility_filter] DEBUG: REMOVED: chr20:29595257 C>G — not in accessible region
2026-06-02 15:36:14,740 [accessibility_filter] DEBUG: KEPT: chr20:29595455 C>T
2026-06-02 15:36:14,741 [accessibility_filter] DEBUG: REMOVED: chr20:29595539 T>C — not in accessible region
2026-06-02 15:36:14,741 [accessibility_filter] DEBUG: REMOVED: chr20:29596030 G>T — not in accessible region
2026-06-02 15:36:14,741 [accessibility_filter] DEBUG: REMOVED: chr20:29597302 G>C — not in accessible region
2026-06-02 15:36:14,741 [accessibility_filter] DEBUG: REMOVED: chr20:29597794 T>A — not in accessible region
2026-06-02 15:36:14,741 [accessibility_filter] DEBUG: REMOVED: chr20:29597831 C>T — not in accessible region
2026-06-02 15:36:14,741 [accessibility_filter] DEBUG: KEPT: chr20:29598080 A>T
2026-06-02 15:36:14,741 [accessibility_filter] DEBUG: REMOVED: chr20:29598257 G>T — not in accessible region
2026-06-02 15:36:14,741 [accessibility_filter] DEBUG: KEPT: chr20:29598573 A>C
2026-06-02 15:36:14,741 [accessibility_filter] DEBUG: REMOVED: chr20:29599101 C>T — not in accessible region
2026-06-02 15:36:14,741 [accessibility_filter] DEBUG: REMOVED: chr20:29599165 C>T — not in accessible region
2026-06-02 15:36:14,741 [accessibility_filter] DEBUG: REMOVED: chr20:29600841 T>C — not in accessible region
2026-06-02 15:36:14,741 [accessibility_filter] DEBUG: KEPT: chr20:29601413 A>G
2026-06-02 15:36:14,741 [accessibility_filter] DEBUG: REMOVED: chr20:29601946 T>G — not in accessible region
2026-06-02 15:36:14,741 [accessibility_filter] DEBUG: REMOVED: chr20:29602409 G>A — not in accessible region
2026-06-02 15:36:14,741 [accessibility_filter] DEBUG: REMOVED: chr20:29603970 A>T — not in accessible region
2026-06-02 15:36:14,741 [accessibility_filter] DEBUG: REMOVED: chr20:29605104 G>T — not in accessible region
2026-06-02 15:36:14,741 [accessibility_filter] DEBUG: KEPT: chr20:29605588 T>C
2026-06-02 15:36:14,741 [accessibility_filter] DEBUG: REMOVED: chr20:29606742 C>T — not in accessible region
2026-06-02 15:36:14,741 [accessibility_filter] DEBUG: KEPT: chr20:29607191 C>T
2026-06-02 15:36:14,741 [accessibility_filter] DEBUG: KEPT: chr20:29608072 A>G
2026-06-02 15:36:14,741 [accessibility_filter] DEBUG: REMOVED: chr20:29608520 G>C — not in accessible region
2026-06-02 15:36:14,741 [accessibility_filter] DEBUG: REMOVED: chr20:29608615 G>A — not in accessible region
2026-06-02 15:36:14,741 [accessibility_filter] DEBUG: REMOVED: chr20:29611023 T>C — not in accessible region
2026-06-02 15:36:14,741 [accessibility_filter] DEBUG: REMOVED: chr20:29611302 A>C — not in accessible region
2026-06-02 15:36:14,741 [accessibility_filter] DEBUG: KEPT: chr20:29611579 T>G
2026-06-02 15:36:14,741 [accessibility_filter] DEBUG: REMOVED: chr20:29612644 A>G — not in accessible region
2026-06-02 15:36:14,741 [accessibility_filter] DEBUG: REMOVED: chr20:29612676 C>T — not in accessible region
2026-06-02 15:36:14,741 [accessibility_filter] DEBUG: REMOVED: chr20:29613181 G>T — not in accessible region
2026-06-02 15:36:14,741 [accessibility_filter] DEBUG: REMOVED: chr20:29613514 T>C — not in accessible region
2026-06-02 15:36:14,741 [accessibility_filter] DEBUG: REMOVED: chr20:29614369 T>C — not in accessible region
2026-06-02 15:36:14,741 [accessibility_filter] DEBUG: REMOVED: chr20:29615255 G>A — not in accessible region
2026-06-02 15:36:14,741 [accessibility_filter] DEBUG: REMOVED: chr20:29615317 A>G — not in accessible region
2026-06-02 15:36:14,741 [accessibility_filter] DEBUG: REMOVED: chr20:29618632 C>A — not in accessible region
2026-06-02 15:36:14,741 [accessibility_filter] DEBUG: REMOVED: chr20:29621403 A>G — not in accessible region
2026-06-02 15:36:14,741 [accessibility_filter] DEBUG: KEPT: chr20:29622242 A>G
2026-06-02 15:36:14,741 [accessibility_filter] DEBUG: KEPT: chr20:29622456 T>C
2026-06-02 15:36:14,741 [accessibility_filter] DEBUG: KEPT: chr20:29622482 G>A
2026-06-02 15:36:14,741 [accessibility_filter] DEBUG: REMOVED: chr20:29623121 G>A — not in accessible region
2026-06-02 15:36:14,741 [accessibility_filter] DEBUG: REMOVED: chr20:29623131 T>A — not in accessible region
2026-06-02 15:36:14,741 [accessibility_filter] DEBUG: REMOVED: chr20:29623289 A>T — not in accessible region
2026-06-02 15:36:14,741 [accessibility_filter] DEBUG: REMOVED: chr20:29623906 T>C — not in accessible region
2026-06-02 15:36:14,741 [accessibility_filter] DEBUG: REMOVED: chr20:29623969 A>T — not in accessible region
2026-06-02 15:36:14,741 [accessibility_filter] DEBUG: REMOVED: chr20:29624328 T>C — not in accessible region
2026-06-02 15:36:14,741 [accessibility_filter] DEBUG: REMOVED: chr20:29624663 T>C — not in accessible region
2026-06-02 15:36:14,741 [accessibility_filter] DEBUG: REMOVED: chr20:29625189 T>A — not in accessible region
2026-06-02 15:36:14,741 [accessibility_filter] DEBUG: REMOVED: chr20:29625356 C>G — not in accessible region
2026-06-02 15:36:14,741 [accessibility_filter] DEBUG: REMOVED: chr20:29625654 G>A — not in accessible region
2026-06-02 15:36:14,741 [accessibility_filter] DEBUG: KEPT: chr20:29626742 G>A
2026-06-02 15:36:14,741 [accessibility_filter] DEBUG: REMOVED: chr20:29627462 C>T — not in accessible region
2026-06-02 15:36:14,741 [accessibility_filter] DEBUG: REMOVED: chr20:29628726 T>G — not in accessible region
2026-06-02 15:36:14,741 [accessibility_filter] DEBUG: KEPT: chr20:29629020 A>T
2026-06-02 15:36:14,741 [accessibility_filter] DEBUG: REMOVED: chr20:29629627 G>A — not in accessible region
2026-06-02 15:36:14,741 [accessibility_filter] DEBUG: REMOVED: chr20:29629732 C>T — not in accessible region
2026-06-02 15:36:14,741 [accessibility_filter] DEBUG: REMOVED: chr20:29631864 C>A — not in accessible region
2026-06-02 15:36:14,741 [accessibility_filter] DEBUG: REMOVED: chr20:29634480 A>C — not in accessible region
2026-06-02 15:36:14,741 [accessibility_filter] DEBUG: REMOVED: chr20:29634520 T>C — not in accessible region
2026-06-02 15:36:14,741 [accessibility_filter] DEBUG: REMOVED: chr20:29635922 G>A — not in accessible region
2026-06-02 15:36:14,741 [accessibility_filter] DEBUG: REMOVED: chr20:29639245 T>C — not in accessible region
2026-06-02 15:36:14,741 [accessibility_filter] DEBUG: REMOVED: chr20:29639294 G>A — not in accessible region
2026-06-02 15:36:14,741 [accessibility_filter] DEBUG: REMOVED: chr20:29639761 C>A — not in accessible region
2026-06-02 15:36:14,741 [accessibility_filter] DEBUG: REMOVED: chr20:29639857 G>T — not in accessible region
2026-06-02 15:36:14,741 [accessibility_filter] DEBUG: REMOVED: chr20:29639980 C>T — not in accessible region
2026-06-02 15:36:14,742 [accessibility_filter] DEBUG: REMOVED: chr20:29640347 A>G — not in accessible region
2026-06-02 15:36:14,742 [accessibility_filter] DEBUG: REMOVED: chr20:29640625 C>T — not in accessible region
2026-06-02 15:36:14,742 [accessibility_filter] DEBUG: REMOVED: chr20:29640630 G>A — not in accessible region
2026-06-02 15:36:14,742 [accessibility_filter] DEBUG: REMOVED: chr20:29641462 C>T — not in accessible region
2026-06-02 15:36:14,742 [accessibility_filter] DEBUG: REMOVED: chr20:29643282 A>G — not in accessible region
2026-06-02 15:36:14,742 [accessibility_filter] DEBUG: REMOVED: chr20:29643904 T>C — not in accessible region
2026-06-02 15:36:14,742 [accessibility_filter] DEBUG: REMOVED: chr20:29643921 A>C — not in accessible region
2026-06-02 15:36:14,742 [accessibility_filter] DEBUG: REMOVED: chr20:29644065 A>G — not in accessible region
2026-06-02 15:36:14,742 [accessibility_filter] DEBUG: REMOVED: chr20:29644372 G>T — not in accessible region
2026-06-02 15:36:14,742 [accessibility_filter] DEBUG: REMOVED: chr20:29644382 C>G — not in accessible region
2026-06-02 15:36:14,742 [accessibility_filter] DEBUG: REMOVED: chr20:29644457 C>T — not in accessible region
2026-06-02 15:36:14,742 [accessibility_filter] DEBUG: REMOVED: chr20:29644515 C>G — not in accessible region
2026-06-02 15:36:14,742 [accessibility_filter] DEBUG: REMOVED: chr20:29645101 C>T — not in accessible region
2026-06-02 15:36:14,742 [accessibility_filter] DEBUG: REMOVED: chr20:29646569 T>C — not in accessible region
2026-06-02 15:36:14,742 [accessibility_filter] DEBUG: REMOVED: chr20:29646688 G>A — not in accessible region
2026-06-02 15:36:14,742 [accessibility_filter] DEBUG: REMOVED: chr20:29647720 G>A — not in accessible region
2026-06-02 15:36:14,742 [accessibility_filter] DEBUG: REMOVED: chr20:29648307 C>T — not in accessible region
2026-06-02 15:36:14,742 [accessibility_filter] DEBUG: REMOVED: chr20:29649956 A>T — not in accessible region
2026-06-02 15:36:14,742 [accessibility_filter] DEBUG: REMOVED: chr20:29649966 A>G — not in accessible region
2026-06-02 15:36:14,742 [accessibility_filter] DEBUG: REMOVED: chr20:29652105 C>T — not in accessible region
2026-06-02 15:36:14,742 [accessibility_filter] DEBUG: REMOVED: chr20:29653875 G>A — not in accessible region
2026-06-02 15:36:14,742 [accessibility_filter] DEBUG: REMOVED: chr20:29653880 T>G — not in accessible region
2026-06-02 15:36:14,742 [accessibility_filter] DEBUG: REMOVED: chr20:29655471 A>C — not in accessible region
2026-06-02 15:36:14,742 [accessibility_filter] DEBUG: REMOVED: chr20:29655539 C>A — not in accessible region
2026-06-02 15:36:14,742 [accessibility_filter] DEBUG: REMOVED: chr20:29655912 A>G — not in accessible region
2026-06-02 15:36:14,742 [accessibility_filter] DEBUG: REMOVED: chr20:29655935 C>A — not in accessible region
2026-06-02 15:36:14,742 [accessibility_filter] DEBUG: REMOVED: chr20:29658138 G>A — not in accessible region
2026-06-02 15:36:14,742 [accessibility_filter] DEBUG: REMOVED: chr20:29658695 A>T — not in accessible region
2026-06-02 15:36:14,742 [accessibility_filter] DEBUG: REMOVED: chr20:29660737 C>G — not in accessible region
2026-06-02 15:36:14,742 [accessibility_filter] DEBUG: REMOVED: chr20:29660752 C>T — not in accessible region
2026-06-02 15:36:14,742 [accessibility_filter] DEBUG: REMOVED: chr20:29661310 C>A — not in accessible region
2026-06-02 15:36:14,742 [accessibility_filter] DEBUG: REMOVED: chr20:29664235 G>A — not in accessible region
2026-06-02 15:36:14,742 [accessibility_filter] DEBUG: REMOVED: chr20:29665817 C>T — not in accessible region
2026-06-02 15:36:14,742 [accessibility_filter] DEBUG: REMOVED: chr20:29666682 A>T — not in accessible region
2026-06-02 15:36:14,742 [accessibility_filter] DEBUG: REMOVED: chr20:29669483 G>A — not in accessible region
2026-06-02 15:36:14,742 [accessibility_filter] DEBUG: REMOVED: chr20:29670326 C>T — not in accessible region
2026-06-02 15:36:14,742 [accessibility_filter] DEBUG: REMOVED: chr20:29670331 C>G — not in accessible region
2026-06-02 15:36:14,742 [accessibility_filter] DEBUG: REMOVED: chr20:29670908 A>T — not in accessible region
2026-06-02 15:36:14,742 [accessibility_filter] DEBUG: REMOVED: chr20:29670918 G>T — not in accessible region
2026-06-02 15:36:14,742 [accessibility_filter] DEBUG: REMOVED: chr20:29671221 C>T — not in accessible region
2026-06-02 15:36:14,742 [accessibility_filter] DEBUG: REMOVED: chr20:29674534 G>C — not in accessible region
2026-06-02 15:36:14,742 [accessibility_filter] DEBUG: REMOVED: chr20:29674536 C>T — not in accessible region
2026-06-02 15:36:14,742 [accessibility_filter] DEBUG: REMOVED: chr20:29675441 C>A — not in accessible region
2026-06-02 15:36:14,742 [accessibility_filter] DEBUG: REMOVED: chr20:29678040 G>A — not in accessible region
2026-06-02 15:36:14,742 [accessibility_filter] DEBUG: REMOVED: chr20:29681148 T>C — not in accessible region
2026-06-02 15:36:14,742 [accessibility_filter] DEBUG: REMOVED: chr20:29681181 C>T — not in accessible region
2026-06-02 15:36:14,742 [accessibility_filter] DEBUG: REMOVED: chr20:29685266 T>A — not in accessible region
2026-06-02 15:36:14,742 [accessibility_filter] DEBUG: KEPT: chr20:29685603 T>C
2026-06-02 15:36:14,742 [accessibility_filter] DEBUG: KEPT: chr20:29685647 G>A
2026-06-02 15:36:14,742 [accessibility_filter] DEBUG: REMOVED: chr20:29686274 A>G — not in accessible region
2026-06-02 15:36:14,742 [accessibility_filter] DEBUG: REMOVED: chr20:29686361 A>G — not in accessible region
2026-06-02 15:36:14,742 [accessibility_filter] DEBUG: REMOVED: chr20:29686640 A>G — not in accessible region
2026-06-02 15:36:14,742 [accessibility_filter] DEBUG: KEPT: chr20:29687425 C>T
2026-06-02 15:36:14,742 [accessibility_filter] DEBUG: KEPT: chr20:29687613 A>G
2026-06-02 15:36:14,742 [accessibility_filter] DEBUG: KEPT: chr20:29688135 T>A
2026-06-02 15:36:14,742 [accessibility_filter] DEBUG: REMOVED: chr20:29688413 A>C — not in accessible region
2026-06-02 15:36:14,742 [accessibility_filter] DEBUG: KEPT: chr20:29689724 T>C
2026-06-02 15:36:14,742 [accessibility_filter] DEBUG: KEPT: chr20:29690479 G>A
2026-06-02 15:36:14,742 [accessibility_filter] DEBUG: KEPT: chr20:29691120 T>C
2026-06-02 15:36:14,742 [accessibility_filter] DEBUG: REMOVED: chr20:29694227 A>C — not in accessible region
2026-06-02 15:36:14,742 [accessibility_filter] DEBUG: REMOVED: chr20:29694806 T>C — not in accessible region
2026-06-02 15:36:14,742 [accessibility_filter] DEBUG: REMOVED: chr20:29695050 T>C — not in accessible region
2026-06-02 15:36:14,742 [accessibility_filter] DEBUG: REMOVED: chr20:29695368 G>A — not in accessible region
2026-06-02 15:36:14,743 [accessibility_filter] DEBUG: REMOVED: chr20:29696981 T>C — not in accessible region
2026-06-02 15:36:14,743 [accessibility_filter] DEBUG: REMOVED: chr20:29698052 T>G — not in accessible region
2026-06-02 15:36:14,743 [accessibility_filter] DEBUG: REMOVED: chr20:29698289 A>G — not in accessible region
2026-06-02 15:36:14,743 [accessibility_filter] DEBUG: REMOVED: chr20:29698634 A>C — not in accessible region
2026-06-02 15:36:14,743 [accessibility_filter] DEBUG: REMOVED: chr20:29699844 T>C — not in accessible region
2026-06-02 15:36:14,743 [accessibility_filter] DEBUG: REMOVED: chr20:29699885 C>G — not in accessible region
2026-06-02 15:36:14,743 [accessibility_filter] DEBUG: REMOVED: chr20:29703874 C>T — not in accessible region
2026-06-02 15:36:14,743 [accessibility_filter] DEBUG: REMOVED: chr20:29704125 T>G — not in accessible region
2026-06-02 15:36:14,743 [accessibility_filter] DEBUG: REMOVED: chr20:29704974 G>A — not in accessible region
2026-06-02 15:36:14,743 [accessibility_filter] DEBUG: KEPT: chr20:29705581 G>A
2026-06-02 15:36:14,743 [accessibility_filter] DEBUG: REMOVED: chr20:29705594 C>G — not in accessible region
2026-06-02 15:36:14,743 [accessibility_filter] DEBUG: REMOVED: chr20:29707150 A>C — not in accessible region
2026-06-02 15:36:14,743 [accessibility_filter] DEBUG: REMOVED: chr20:29708125 T>G — not in accessible region
2026-06-02 15:36:14,743 [accessibility_filter] DEBUG: REMOVED: chr20:29708676 C>G — not in accessible region
2026-06-02 15:36:14,743 [accessibility_filter] DEBUG: KEPT: chr20:29709773 A>G
2026-06-02 15:36:14,743 [accessibility_filter] DEBUG: REMOVED: chr20:29710187 C>T — not in accessible region
2026-06-02 15:36:14,743 [accessibility_filter] DEBUG: REMOVED: chr20:29710299 A>T — not in accessible region
2026-06-02 15:36:14,743 [accessibility_filter] DEBUG: REMOVED: chr20:29712308 A>G — not in accessible region
2026-06-02 15:36:14,743 [accessibility_filter] DEBUG: REMOVED: chr20:29712724 T>C — not in accessible region
2026-06-02 15:36:14,743 [accessibility_filter] DEBUG: REMOVED: chr20:29713129 A>G — not in accessible region
2026-06-02 15:36:14,743 [accessibility_filter] DEBUG: REMOVED: chr20:29713724 A>T — not in accessible region
2026-06-02 15:36:14,743 [accessibility_filter] DEBUG: KEPT: chr20:29713818 A>G
2026-06-02 15:36:14,743 [accessibility_filter] DEBUG: KEPT: chr20:29713937 C>A
2026-06-02 15:36:14,743 [accessibility_filter] DEBUG: REMOVED: chr20:29714310 A>T — not in accessible region
2026-06-02 15:36:14,743 [accessibility_filter] DEBUG: REMOVED: chr20:29715192 T>C — not in accessible region
2026-06-02 15:36:14,743 [accessibility_filter] DEBUG: REMOVED: chr20:29715230 C>T — not in accessible region
2026-06-02 15:36:14,743 [accessibility_filter] DEBUG: REMOVED: chr20:29715511 C>G — not in accessible region
2026-06-02 15:36:14,743 [accessibility_filter] DEBUG: REMOVED: chr20:29716048 G>C — not in accessible region
2026-06-02 15:36:14,743 [accessibility_filter] DEBUG: REMOVED: chr20:29717367 T>C — not in accessible region
2026-06-02 15:36:14,743 [accessibility_filter] DEBUG: REMOVED: chr20:29717651 T>C — not in accessible region
2026-06-02 15:36:14,743 [accessibility_filter] DEBUG: REMOVED: chr20:29719098 G>T — not in accessible region
2026-06-02 15:36:14,743 [accessibility_filter] DEBUG: REMOVED: chr20:29720130 T>C — not in accessible region
2026-06-02 15:36:14,743 [accessibility_filter] DEBUG: KEPT: chr20:29720206 A>G
2026-06-02 15:36:14,743 [accessibility_filter] DEBUG: REMOVED: chr20:29720520 T>G — not in accessible region
2026-06-02 15:36:14,743 [accessibility_filter] DEBUG: REMOVED: chr20:29720579 T>C — not in accessible region
2026-06-02 15:36:14,743 [accessibility_filter] DEBUG: REMOVED: chr20:29722765 C>T — not in accessible region
2026-06-02 15:36:14,743 [accessibility_filter] DEBUG: REMOVED: chr20:29722851 A>C — not in accessible region
2026-06-02 15:36:14,743 [accessibility_filter] DEBUG: REMOVED: chr20:29723006 A>G — not in accessible region
2026-06-02 15:36:14,743 [accessibility_filter] DEBUG: REMOVED: chr20:29723473 G>A — not in accessible region
2026-06-02 15:36:14,743 [accessibility_filter] DEBUG: REMOVED: chr20:29723648 A>T — not in accessible region
2026-06-02 15:36:14,743 [accessibility_filter] DEBUG: REMOVED: chr20:29723916 C>G — not in accessible region
2026-06-02 15:36:14,743 [accessibility_filter] DEBUG: REMOVED: chr20:29724056 C>A — not in accessible region
2026-06-02 15:36:14,743 [accessibility_filter] DEBUG: REMOVED: chr20:29724139 A>C — not in accessible region
2026-06-02 15:36:14,743 [accessibility_filter] DEBUG: REMOVED: chr20:29724952 G>A — not in accessible region
2026-06-02 15:36:14,743 [accessibility_filter] DEBUG: REMOVED: chr20:29725947 A>G — not in accessible region
2026-06-02 15:36:14,743 [accessibility_filter] DEBUG: REMOVED: chr20:29726253 G>A — not in accessible region
2026-06-02 15:36:14,743 [accessibility_filter] DEBUG: REMOVED: chr20:29726718 T>G — not in accessible region
2026-06-02 15:36:14,743 [accessibility_filter] DEBUG: REMOVED: chr20:29726805 C>A — not in accessible region
2026-06-02 15:36:14,743 [accessibility_filter] DEBUG: REMOVED: chr20:29727026 G>A — not in accessible region
2026-06-02 15:36:14,743 [accessibility_filter] DEBUG: REMOVED: chr20:29727724 G>A — not in accessible region
2026-06-02 15:36:14,743 [accessibility_filter] DEBUG: REMOVED: chr20:29727846 T>G — not in accessible region
2026-06-02 15:36:14,743 [accessibility_filter] DEBUG: REMOVED: chr20:29727852 A>C — not in accessible region
2026-06-02 15:36:14,743 [accessibility_filter] DEBUG: REMOVED: chr20:29729143 C>T — not in accessible region
2026-06-02 15:36:14,743 [accessibility_filter] DEBUG: REMOVED: chr20:29731544 A>G — not in accessible region
2026-06-02 15:36:14,743 [accessibility_filter] DEBUG: REMOVED: chr20:29732062 T>C — not in accessible region
2026-06-02 15:36:14,743 [accessibility_filter] DEBUG: REMOVED: chr20:29732082 T>G — not in accessible region
2026-06-02 15:36:14,743 [accessibility_filter] DEBUG: REMOVED: chr20:29733121 C>G — not in accessible region
2026-06-02 15:36:14,743 [accessibility_filter] DEBUG: REMOVED: chr20:29733671 C>T — not in accessible region
2026-06-02 15:36:14,743 [accessibility_filter] DEBUG: REMOVED: chr20:29734378 A>G — not in accessible region
2026-06-02 15:36:14,743 [accessibility_filter] DEBUG: REMOVED: chr20:29735117 C>T — not in accessible region
2026-06-02 15:36:14,743 [accessibility_filter] DEBUG: REMOVED: chr20:29735122 C>T — not in accessible region
2026-06-02 15:36:14,743 [accessibility_filter] DEBUG: REMOVED: chr20:29738301 G>A — not in accessible region
2026-06-02 15:36:14,744 [accessibility_filter] DEBUG: REMOVED: chr20:29739048 A>G — not in accessible region
2026-06-02 15:36:14,744 [accessibility_filter] DEBUG: REMOVED: chr20:29741650 T>C — not in accessible region
2026-06-02 15:36:14,744 [accessibility_filter] DEBUG: REMOVED: chr20:29741873 A>C — not in accessible region
2026-06-02 15:36:14,744 [accessibility_filter] DEBUG: REMOVED: chr20:29742443 A>G — not in accessible region
2026-06-02 15:36:14,744 [accessibility_filter] DEBUG: REMOVED: chr20:29742685 G>T — not in accessible region
2026-06-02 15:36:14,744 [accessibility_filter] DEBUG: REMOVED: chr20:29742714 A>G — not in accessible region
2026-06-02 15:36:14,744 [accessibility_filter] DEBUG: REMOVED: chr20:29743437 A>C — not in accessible region
2026-06-02 15:36:14,744 [accessibility_filter] DEBUG: REMOVED: chr20:29744442 G>C — not in accessible region
2026-06-02 15:36:14,744 [accessibility_filter] DEBUG: REMOVED: chr20:29744856 C>T — not in accessible region
2026-06-02 15:36:14,744 [accessibility_filter] DEBUG: KEPT: chr20:29744905 T>G
2026-06-02 15:36:14,744 [accessibility_filter] DEBUG: REMOVED: chr20:29749814 T>A — not in accessible region
2026-06-02 15:36:14,744 [accessibility_filter] DEBUG: REMOVED: chr20:29750247 A>G — not in accessible region
2026-06-02 15:36:14,744 [accessibility_filter] DEBUG: REMOVED: chr20:29751781 T>A — not in accessible region
2026-06-02 15:36:14,744 [accessibility_filter] DEBUG: REMOVED: chr20:29752213 G>A — not in accessible region
2026-06-02 15:36:14,744 [accessibility_filter] DEBUG: REMOVED: chr20:29752955 G>A — not in accessible region
2026-06-02 15:36:14,744 [accessibility_filter] DEBUG: REMOVED: chr20:29755322 C>G — not in accessible region
2026-06-02 15:36:14,744 [accessibility_filter] DEBUG: KEPT: chr20:29756724 G>A
2026-06-02 15:36:14,744 [accessibility_filter] DEBUG: KEPT: chr20:29756839 A>G
2026-06-02 15:36:14,744 [accessibility_filter] DEBUG: REMOVED: chr20:29757450 T>C — not in accessible region
2026-06-02 15:36:14,744 [accessibility_filter] DEBUG: REMOVED: chr20:29757909 G>A — not in accessible region
2026-06-02 15:36:14,744 [accessibility_filter] DEBUG: REMOVED: chr20:29762051 G>T — not in accessible region
2026-06-02 15:36:14,744 [accessibility_filter] DEBUG: REMOVED: chr20:29762217 A>C — not in accessible region
2026-06-02 15:36:14,744 [accessibility_filter] DEBUG: REMOVED: chr20:29763675 G>T — not in accessible region
2026-06-02 15:36:14,744 [accessibility_filter] DEBUG: REMOVED: chr20:29764131 C>A — not in accessible region
2026-06-02 15:36:14,744 [accessibility_filter] DEBUG: REMOVED: chr20:29764490 G>C — not in accessible region
2026-06-02 15:36:14,744 [accessibility_filter] DEBUG: REMOVED: chr20:29764551 A>G — not in accessible region
2026-06-02 15:36:14,744 [accessibility_filter] DEBUG: REMOVED: chr20:29764845 A>G — not in accessible region
2026-06-02 15:36:14,744 [accessibility_filter] DEBUG: REMOVED: chr20:29765724 A>G — not in accessible region
2026-06-02 15:36:14,744 [accessibility_filter] DEBUG: REMOVED: chr20:29765955 A>G — not in accessible region
2026-06-02 15:36:14,744 [accessibility_filter] DEBUG: REMOVED: chr20:29766664 C>T — not in accessible region
2026-06-02 15:36:14,744 [accessibility_filter] DEBUG: REMOVED: chr20:29766753 G>A — not in accessible region
2026-06-02 15:36:14,744 [accessibility_filter] DEBUG: REMOVED: chr20:29767060 G>A — not in accessible region
2026-06-02 15:36:14,744 [accessibility_filter] DEBUG: REMOVED: chr20:29767175 G>T — not in accessible region
2026-06-02 15:36:14,744 [accessibility_filter] DEBUG: REMOVED: chr20:29767635 T>C — not in accessible region
2026-06-02 15:36:14,744 [accessibility_filter] DEBUG: KEPT: chr20:29767835 A>G
2026-06-02 15:36:14,744 [accessibility_filter] DEBUG: REMOVED: chr20:29768182 A>G — not in accessible region
2026-06-02 15:36:14,744 [accessibility_filter] DEBUG: REMOVED: chr20:29768209 A>C — not in accessible region
2026-06-02 15:36:14,744 [accessibility_filter] DEBUG: KEPT: chr20:29768436 A>C
2026-06-02 15:36:14,744 [accessibility_filter] DEBUG: REMOVED: chr20:29768525 C>G — not in accessible region
2026-06-02 15:36:14,744 [accessibility_filter] DEBUG: REMOVED: chr20:29772508 T>C — not in accessible region
2026-06-02 15:36:14,744 [accessibility_filter] DEBUG: REMOVED: chr20:29772626 G>A — not in accessible region
2026-06-02 15:36:14,744 [accessibility_filter] DEBUG: REMOVED: chr20:29773586 C>T — not in accessible region
2026-06-02 15:36:14,744 [accessibility_filter] DEBUG: REMOVED: chr20:29773804 A>T — not in accessible region
2026-06-02 15:36:14,744 [accessibility_filter] DEBUG: REMOVED: chr20:29776077 T>C — not in accessible region
2026-06-02 15:36:14,744 [accessibility_filter] DEBUG: REMOVED: chr20:29776561 C>A — not in accessible region
2026-06-02 15:36:14,744 [accessibility_filter] DEBUG: REMOVED: chr20:29777757 T>G — not in accessible region
2026-06-02 15:36:14,744 [accessibility_filter] DEBUG: REMOVED: chr20:29777812 C>G — not in accessible region
2026-06-02 15:36:14,744 [accessibility_filter] DEBUG: REMOVED: chr20:29777990 C>T — not in accessible region
2026-06-02 15:36:14,744 [accessibility_filter] DEBUG: REMOVED: chr20:29778189 T>C — not in accessible region
2026-06-02 15:36:14,744 [accessibility_filter] DEBUG: REMOVED: chr20:29778876 A>G — not in accessible region
2026-06-02 15:36:14,744 [accessibility_filter] DEBUG: REMOVED: chr20:29780055 G>A — not in accessible region
2026-06-02 15:36:14,744 [accessibility_filter] DEBUG: REMOVED: chr20:29780332 A>C — not in accessible region
2026-06-02 15:36:14,744 [accessibility_filter] DEBUG: REMOVED: chr20:29781227 G>A — not in accessible region
2026-06-02 15:36:14,744 [accessibility_filter] DEBUG: REMOVED: chr20:29781505 C>T — not in accessible region
2026-06-02 15:36:14,744 [accessibility_filter] DEBUG: REMOVED: chr20:29781761 G>A — not in accessible region
2026-06-02 15:36:14,744 [accessibility_filter] DEBUG: REMOVED: chr20:29782763 C>T — not in accessible region
2026-06-02 15:36:14,744 [accessibility_filter] DEBUG: REMOVED: chr20:29783066 A>G — not in accessible region
2026-06-02 15:36:14,744 [accessibility_filter] DEBUG: REMOVED: chr20:29783243 C>T — not in accessible region
2026-06-02 15:36:14,744 [accessibility_filter] DEBUG: REMOVED: chr20:29784265 C>A — not in accessible region
2026-06-02 15:36:14,744 [accessibility_filter] DEBUG: REMOVED: chr20:29784410 T>C — not in accessible region
2026-06-02 15:36:14,744 [accessibility_filter] DEBUG: REMOVED: chr20:29784661 C>T — not in accessible region
2026-06-02 15:36:14,744 [accessibility_filter] DEBUG: REMOVED: chr20:29784720 G>T — not in accessible region
2026-06-02 15:36:14,744 [accessibility_filter] DEBUG: REMOVED: chr20:29786998 C>A — not in accessible region
2026-06-02 15:36:14,745 [accessibility_filter] DEBUG: REMOVED: chr20:29787104 G>A — not in accessible region
2026-06-02 15:36:14,745 [accessibility_filter] DEBUG: REMOVED: chr20:29787628 G>A — not in accessible region
2026-06-02 15:36:14,745 [accessibility_filter] DEBUG: REMOVED: chr20:29788715 G>T — not in accessible region
2026-06-02 15:36:14,745 [accessibility_filter] DEBUG: REMOVED: chr20:29789720 A>G — not in accessible region
2026-06-02 15:36:14,745 [accessibility_filter] DEBUG: REMOVED: chr20:29789934 T>G — not in accessible region
2026-06-02 15:36:14,745 [accessibility_filter] DEBUG: REMOVED: chr20:29790000 A>G — not in accessible region
2026-06-02 15:36:14,745 [accessibility_filter] DEBUG: REMOVED: chr20:29790125 C>A — not in accessible region
2026-06-02 15:36:14,745 [accessibility_filter] DEBUG: REMOVED: chr20:29790295 T>A — not in accessible region
2026-06-02 15:36:14,745 [accessibility_filter] DEBUG: REMOVED: chr20:29793357 A>T — not in accessible region
2026-06-02 15:36:14,745 [accessibility_filter] DEBUG: REMOVED: chr20:29793378 A>T — not in accessible region
2026-06-02 15:36:14,745 [accessibility_filter] DEBUG: REMOVED: chr20:29795976 A>C — not in accessible region
2026-06-02 15:36:14,745 [accessibility_filter] DEBUG: REMOVED: chr20:29795993 G>C — not in accessible region
2026-06-02 15:36:14,745 [accessibility_filter] DEBUG: REMOVED: chr20:29799973 G>T — not in accessible region
2026-06-02 15:36:14,745 [accessibility_filter] DEBUG: REMOVED: chr20:29801921 A>G — not in accessible region
2026-06-02 15:36:14,745 [accessibility_filter] DEBUG: REMOVED: chr20:29801986 T>C — not in accessible region
2026-06-02 15:36:14,745 [accessibility_filter] DEBUG: REMOVED: chr20:29802811 G>A — not in accessible region
2026-06-02 15:36:14,745 [accessibility_filter] DEBUG: REMOVED: chr20:29805124 C>T — not in accessible region
2026-06-02 15:36:14,745 [accessibility_filter] DEBUG: REMOVED: chr20:29807279 A>G — not in accessible region
2026-06-02 15:36:14,745 [accessibility_filter] DEBUG: REMOVED: chr20:29807473 G>A — not in accessible region
2026-06-02 15:36:14,745 [accessibility_filter] DEBUG: REMOVED: chr20:29810638 A>T — not in accessible region
2026-06-02 15:36:14,745 [accessibility_filter] DEBUG: REMOVED: chr20:29811188 C>G — not in accessible region
2026-06-02 15:36:14,745 [accessibility_filter] DEBUG: REMOVED: chr20:29811652 A>T — not in accessible region
2026-06-02 15:36:14,745 [accessibility_filter] DEBUG: REMOVED: chr20:29818046 A>G — not in accessible region
2026-06-02 15:36:14,745 [accessibility_filter] DEBUG: REMOVED: chr20:29818238 G>A — not in accessible region
2026-06-02 15:36:14,745 [accessibility_filter] DEBUG: REMOVED: chr20:29818413 T>A — not in accessible region
2026-06-02 15:36:14,745 [accessibility_filter] DEBUG: REMOVED: chr20:29818768 G>A — not in accessible region
2026-06-02 15:36:14,745 [accessibility_filter] DEBUG: REMOVED: chr20:29818815 C>A — not in accessible region
2026-06-02 15:36:14,745 [accessibility_filter] DEBUG: REMOVED: chr20:29819559 C>G — not in accessible region
2026-06-02 15:36:14,745 [accessibility_filter] DEBUG: REMOVED: chr20:29819566 A>G — not in accessible region
2026-06-02 15:36:14,745 [accessibility_filter] DEBUG: REMOVED: chr20:29819921 C>A — not in accessible region
2026-06-02 15:36:14,745 [accessibility_filter] DEBUG: REMOVED: chr20:29822486 C>T — not in accessible region
2026-06-02 15:36:14,745 [accessibility_filter] DEBUG: REMOVED: chr20:29822843 A>G — not in accessible region
2026-06-02 15:36:14,745 [accessibility_filter] DEBUG: REMOVED: chr20:29825274 A>G — not in accessible region
2026-06-02 15:36:14,745 [accessibility_filter] DEBUG: REMOVED: chr20:29831493 T>C — not in accessible region
2026-06-02 15:36:14,745 [accessibility_filter] DEBUG: REMOVED: chr20:29831585 T>C — not in accessible region
2026-06-02 15:36:14,745 [accessibility_filter] DEBUG: REMOVED: chr20:29831587 T>C — not in accessible region
2026-06-02 15:36:14,745 [accessibility_filter] DEBUG: REMOVED: chr20:29831894 G>C — not in accessible region
2026-06-02 15:36:14,745 [accessibility_filter] DEBUG: REMOVED: chr20:29832236 G>A — not in accessible region
2026-06-02 15:36:14,745 [accessibility_filter] DEBUG: REMOVED: chr20:29832591 C>A — not in accessible region
2026-06-02 15:36:14,745 [accessibility_filter] DEBUG: REMOVED: chr20:29832603 A>G — not in accessible region
2026-06-02 15:36:14,745 [accessibility_filter] DEBUG: REMOVED: chr20:29833117 A>G — not in accessible region
2026-06-02 15:36:14,745 [accessibility_filter] DEBUG: REMOVED: chr20:29834268 A>C — not in accessible region
2026-06-02 15:36:14,745 [accessibility_filter] DEBUG: REMOVED: chr20:29835780 C>T — not in accessible region
2026-06-02 15:36:14,745 [accessibility_filter] DEBUG: REMOVED: chr20:29835784 G>A — not in accessible region
2026-06-02 15:36:14,745 [accessibility_filter] DEBUG: REMOVED: chr20:29837826 G>A — not in accessible region
2026-06-02 15:36:14,745 [accessibility_filter] DEBUG: REMOVED: chr20:29837874 C>A — not in accessible region
2026-06-02 15:36:14,745 [accessibility_filter] DEBUG: REMOVED: chr20:29839759 C>A — not in accessible region
2026-06-02 15:36:14,745 [accessibility_filter] DEBUG: REMOVED: chr20:29840251 G>A — not in accessible region
2026-06-02 15:36:14,745 [accessibility_filter] DEBUG: REMOVED: chr20:29840911 C>T — not in accessible region
2026-06-02 15:36:14,745 [accessibility_filter] DEBUG: REMOVED: chr20:29841102 C>T — not in accessible region
2026-06-02 15:36:14,745 [accessibility_filter] DEBUG: REMOVED: chr20:29841931 T>C — not in accessible region
2026-06-02 15:36:14,745 [accessibility_filter] DEBUG: REMOVED: chr20:29842197 T>C — not in accessible region
2026-06-02 15:36:14,745 [accessibility_filter] DEBUG: REMOVED: chr20:29842273 C>T — not in accessible region
2026-06-02 15:36:14,745 [accessibility_filter] DEBUG: REMOVED: chr20:29842440 T>C — not in accessible region
2026-06-02 15:36:14,745 [accessibility_filter] DEBUG: REMOVED: chr20:29842586 G>C — not in accessible region
2026-06-02 15:36:14,745 [accessibility_filter] DEBUG: REMOVED: chr20:29843467 G>A — not in accessible region
2026-06-02 15:36:14,745 [accessibility_filter] DEBUG: REMOVED: chr20:29844102 G>A — not in accessible region
2026-06-02 15:36:14,745 [accessibility_filter] DEBUG: KEPT: chr20:29844247 C>A
2026-06-02 15:36:14,745 [accessibility_filter] DEBUG: REMOVED: chr20:29844766 C>T — not in accessible region
2026-06-02 15:36:14,745 [accessibility_filter] DEBUG: REMOVED: chr20:29844798 C>T — not in accessible region
2026-06-02 15:36:14,745 [accessibility_filter] DEBUG: REMOVED: chr20:29845489 T>C — not in accessible region
2026-06-02 15:36:14,745 [accessibility_filter] DEBUG: REMOVED: chr20:29847295 C>A — not in accessible region
2026-06-02 15:36:14,745 [accessibility_filter] DEBUG: REMOVED: chr20:29849414 A>G — not in accessible region
2026-06-02 15:36:14,745 [accessibility_filter] DEBUG: REMOVED: chr20:29850706 G>T — not in accessible region
2026-06-02 15:36:14,746 [accessibility_filter] DEBUG: REMOVED: chr20:29850725 G>A — not in accessible region
2026-06-02 15:36:14,746 [accessibility_filter] DEBUG: REMOVED: chr20:29851002 G>A — not in accessible region
2026-06-02 15:36:14,746 [accessibility_filter] DEBUG: REMOVED: chr20:29851776 T>G — not in accessible region
2026-06-02 15:36:14,746 [accessibility_filter] DEBUG: REMOVED: chr20:29851972 C>G — not in accessible region
2026-06-02 15:36:14,746 [accessibility_filter] DEBUG: REMOVED: chr20:29851985 T>C — not in accessible region
2026-06-02 15:36:14,746 [accessibility_filter] DEBUG: REMOVED: chr20:29852574 T>C — not in accessible region
2026-06-02 15:36:14,746 [accessibility_filter] DEBUG: REMOVED: chr20:29854266 G>T — not in accessible region
2026-06-02 15:36:14,746 [accessibility_filter] DEBUG: REMOVED: chr20:29855914 C>T — not in accessible region
2026-06-02 15:36:14,746 [accessibility_filter] DEBUG: REMOVED: chr20:29856587 G>C — not in accessible region
2026-06-02 15:36:14,746 [accessibility_filter] DEBUG: REMOVED: chr20:29856776 T>G — not in accessible region
2026-06-02 15:36:14,746 [accessibility_filter] DEBUG: REMOVED: chr20:29857486 G>A — not in accessible region
2026-06-02 15:36:14,746 [accessibility_filter] DEBUG: REMOVED: chr20:29858399 C>T — not in accessible region
2026-06-02 15:36:14,746 [accessibility_filter] DEBUG: REMOVED: chr20:29858428 C>T — not in accessible region
2026-06-02 15:36:14,746 [accessibility_filter] DEBUG: REMOVED: chr20:29858516 C>G — not in accessible region
2026-06-02 15:36:14,746 [accessibility_filter] DEBUG: REMOVED: chr20:29859015 A>G — not in accessible region
2026-06-02 15:36:14,746 [accessibility_filter] DEBUG: REMOVED: chr20:29859192 G>A — not in accessible region
2026-06-02 15:36:14,746 [accessibility_filter] DEBUG: REMOVED: chr20:29859495 A>G — not in accessible region
2026-06-02 15:36:14,746 [accessibility_filter] DEBUG: REMOVED: chr20:29859829 T>C — not in accessible region
2026-06-02 15:36:14,746 [accessibility_filter] DEBUG: REMOVED: chr20:29861151 C>T — not in accessible region
2026-06-02 15:36:14,746 [accessibility_filter] DEBUG: REMOVED: chr20:29861273 C>G — not in accessible region
2026-06-02 15:36:14,746 [accessibility_filter] DEBUG: REMOVED: chr20:29862460 C>A — not in accessible region
2026-06-02 15:36:14,746 [accessibility_filter] DEBUG: REMOVED: chr20:29862515 A>G — not in accessible region
2026-06-02 15:36:14,746 [accessibility_filter] DEBUG: REMOVED: chr20:29862584 T>C — not in accessible region
2026-06-02 15:36:14,746 [accessibility_filter] DEBUG: REMOVED: chr20:29863262 T>G — not in accessible region
2026-06-02 15:36:14,746 [accessibility_filter] DEBUG: REMOVED: chr20:29863800 A>G — not in accessible region
2026-06-02 15:36:14,746 [accessibility_filter] DEBUG: REMOVED: chr20:29864032 A>G — not in accessible region
2026-06-02 15:36:14,746 [accessibility_filter] DEBUG: REMOVED: chr20:29865177 C>T — not in accessible region
2026-06-02 15:36:14,746 [accessibility_filter] DEBUG: REMOVED: chr20:29867742 C>T — not in accessible region
2026-06-02 15:36:14,746 [accessibility_filter] DEBUG: REMOVED: chr20:29868733 A>C — not in accessible region
2026-06-02 15:36:14,746 [accessibility_filter] DEBUG: REMOVED: chr20:29875537 A>G — not in accessible region
2026-06-02 15:36:14,746 [accessibility_filter] DEBUG: REMOVED: chr20:29875549 G>C — not in accessible region
2026-06-02 15:36:14,746 [accessibility_filter] DEBUG: REMOVED: chr20:29887901 A>T — not in accessible region
2026-06-02 15:36:14,746 [accessibility_filter] DEBUG: REMOVED: chr20:29887938 T>G — not in accessible region
2026-06-02 15:36:14,746 [accessibility_filter] DEBUG: REMOVED: chr20:29888274 T>C — not in accessible region
2026-06-02 15:36:14,746 [accessibility_filter] DEBUG: REMOVED: chr20:29889451 A>T — not in accessible region
2026-06-02 15:36:14,746 [accessibility_filter] DEBUG: REMOVED: chr20:29889498 T>A — not in accessible region
2026-06-02 15:36:14,746 [accessibility_filter] DEBUG: REMOVED: chr20:29889776 G>C — not in accessible region
2026-06-02 15:36:14,746 [accessibility_filter] DEBUG: REMOVED: chr20:29892108 G>A — not in accessible region
2026-06-02 15:36:14,746 [accessibility_filter] DEBUG: REMOVED: chr20:29892371 T>C — not in accessible region
2026-06-02 15:36:14,746 [accessibility_filter] DEBUG: REMOVED: chr20:29894876 A>G — not in accessible region
2026-06-02 15:36:14,746 [accessibility_filter] DEBUG: REMOVED: chr20:29894935 T>C — not in accessible region
2026-06-02 15:36:14,746 [accessibility_filter] DEBUG: REMOVED: chr20:29895088 A>G — not in accessible region
2026-06-02 15:36:14,746 [accessibility_filter] DEBUG: REMOVED: chr20:29895243 T>C — not in accessible region
2026-06-02 15:36:14,746 [accessibility_filter] DEBUG: REMOVED: chr20:29895485 C>T — not in accessible region
2026-06-02 15:36:14,746 [accessibility_filter] DEBUG: REMOVED: chr20:29896571 C>A — not in accessible region
2026-06-02 15:36:14,746 [accessibility_filter] DEBUG: REMOVED: chr20:29896584 G>C — not in accessible region
2026-06-02 15:36:14,746 [accessibility_filter] DEBUG: REMOVED: chr20:29896715 G>A — not in accessible region
2026-06-02 15:36:14,746 [accessibility_filter] DEBUG: REMOVED: chr20:29896977 A>G — not in accessible region
2026-06-02 15:36:14,746 [accessibility_filter] DEBUG: REMOVED: chr20:29897353 C>T — not in accessible region
2026-06-02 15:36:14,746 [accessibility_filter] DEBUG: REMOVED: chr20:29897710 A>T — not in accessible region
2026-06-02 15:36:14,746 [accessibility_filter] DEBUG: REMOVED: chr20:29897851 C>T — not in accessible region
2026-06-02 15:36:14,746 [accessibility_filter] DEBUG: REMOVED: chr20:29898040 G>T — not in accessible region
2026-06-02 15:36:14,746 [accessibility_filter] DEBUG: REMOVED: chr20:29898407 C>A — not in accessible region
2026-06-02 15:36:14,746 [accessibility_filter] DEBUG: REMOVED: chr20:29898556 G>A — not in accessible region
2026-06-02 15:36:14,746 [accessibility_filter] DEBUG: REMOVED: chr20:29898750 T>C — not in accessible region
2026-06-02 15:36:14,746 [accessibility_filter] DEBUG: REMOVED: chr20:29898874 T>C — not in accessible region
2026-06-02 15:36:14,746 [accessibility_filter] DEBUG: REMOVED: chr20:29898996 T>C — not in accessible region
2026-06-02 15:36:14,746 [accessibility_filter] DEBUG: REMOVED: chr20:29899174 T>G — not in accessible region
2026-06-02 15:36:14,746 [accessibility_filter] DEBUG: REMOVED: chr20:29899469 A>T — not in accessible region
2026-06-02 15:36:14,746 [accessibility_filter] DEBUG: REMOVED: chr20:29900057 C>T — not in accessible region
2026-06-02 15:36:14,746 [accessibility_filter] DEBUG: REMOVED: chr20:29900238 A>G — not in accessible region
2026-06-02 15:36:14,746 [accessibility_filter] DEBUG: REMOVED: chr20:29900581 T>C — not in accessible region
2026-06-02 15:36:14,746 [accessibility_filter] DEBUG: REMOVED: chr20:29901238 A>G — not in accessible region
2026-06-02 15:36:14,747 [accessibility_filter] DEBUG: REMOVED: chr20:29901483 C>T — not in accessible region
2026-06-02 15:36:14,747 [accessibility_filter] DEBUG: REMOVED: chr20:29901744 G>T — not in accessible region
2026-06-02 15:36:14,747 [accessibility_filter] DEBUG: REMOVED: chr20:29901804 T>G — not in accessible region
2026-06-02 15:36:14,747 [accessibility_filter] DEBUG: REMOVED: chr20:29902294 T>A — not in accessible region
2026-06-02 15:36:14,747 [accessibility_filter] DEBUG: REMOVED: chr20:29902462 A>G — not in accessible region
2026-06-02 15:36:14,747 [accessibility_filter] DEBUG: REMOVED: chr20:29902658 C>A — not in accessible region
2026-06-02 15:36:14,747 [accessibility_filter] DEBUG: REMOVED: chr20:29903381 C>A — not in accessible region
2026-06-02 15:36:14,747 [accessibility_filter] DEBUG: REMOVED: chr20:29904207 T>C — not in accessible region
2026-06-02 15:36:14,747 [accessibility_filter] DEBUG: REMOVED: chr20:29904406 C>A — not in accessible region
2026-06-02 15:36:14,747 [accessibility_filter] DEBUG: REMOVED: chr20:29905094 G>C — not in accessible region
2026-06-02 15:36:14,747 [accessibility_filter] DEBUG: REMOVED: chr20:29905406 G>A — not in accessible region
2026-06-02 15:36:14,747 [accessibility_filter] DEBUG: REMOVED: chr20:29905423 G>A — not in accessible region
2026-06-02 15:36:14,747 [accessibility_filter] DEBUG: REMOVED: chr20:29905696 A>G — not in accessible region
2026-06-02 15:36:14,747 [accessibility_filter] DEBUG: REMOVED: chr20:29905713 G>A — not in accessible region
2026-06-02 15:36:14,747 [accessibility_filter] DEBUG: REMOVED: chr20:29906362 A>G — not in accessible region
2026-06-02 15:36:14,747 [accessibility_filter] DEBUG: REMOVED: chr20:29907185 A>G — not in accessible region
2026-06-02 15:36:14,747 [accessibility_filter] DEBUG: REMOVED: chr20:29907203 T>C — not in accessible region
2026-06-02 15:36:14,747 [accessibility_filter] DEBUG: REMOVED: chr20:29907384 T>G — not in accessible region
2026-06-02 15:36:14,747 [accessibility_filter] DEBUG: REMOVED: chr20:29907790 T>C — not in accessible region
2026-06-02 15:36:14,747 [accessibility_filter] DEBUG: KEPT: chr20:29907810 A>G
2026-06-02 15:36:14,747 [accessibility_filter] DEBUG: REMOVED: chr20:29908107 T>G — not in accessible region
2026-06-02 15:36:14,747 [accessibility_filter] DEBUG: REMOVED: chr20:29908205 G>A — not in accessible region
2026-06-02 15:36:14,747 [accessibility_filter] DEBUG: REMOVED: chr20:29908407 A>G — not in accessible region
2026-06-02 15:36:14,747 [accessibility_filter] DEBUG: REMOVED: chr20:29908571 T>A — not in accessible region
2026-06-02 15:36:14,747 [accessibility_filter] DEBUG: REMOVED: chr20:29908762 A>C — not in accessible region
2026-06-02 15:36:14,747 [accessibility_filter] DEBUG: REMOVED: chr20:29908781 C>T — not in accessible region
2026-06-02 15:36:14,747 [accessibility_filter] DEBUG: REMOVED: chr20:29908936 T>C — not in accessible region
2026-06-02 15:36:14,747 [accessibility_filter] DEBUG: REMOVED: chr20:29909287 T>C — not in accessible region
2026-06-02 15:36:14,747 [accessibility_filter] DEBUG: REMOVED: chr20:29909679 C>G — not in accessible region
2026-06-02 15:36:14,747 [accessibility_filter] DEBUG: REMOVED: chr20:29909688 C>A — not in accessible region
2026-06-02 15:36:14,747 [accessibility_filter] DEBUG: REMOVED: chr20:29909785 C>A — not in accessible region
2026-06-02 15:36:14,747 [accessibility_filter] DEBUG: REMOVED: chr20:29909812 C>T — not in accessible region
2026-06-02 15:36:14,747 [accessibility_filter] DEBUG: REMOVED: chr20:29910032 C>T — not in accessible region
2026-06-02 15:36:14,747 [accessibility_filter] DEBUG: REMOVED: chr20:29910109 A>G — not in accessible region
2026-06-02 15:36:14,747 [accessibility_filter] DEBUG: REMOVED: chr20:29917574 G>A — not in accessible region
2026-06-02 15:36:14,747 [accessibility_filter] DEBUG: REMOVED: chr20:29917641 G>A — not in accessible region
2026-06-02 15:36:14,747 [accessibility_filter] DEBUG: REMOVED: chr20:29918841 A>G — not in accessible region
2026-06-02 15:36:14,747 [accessibility_filter] DEBUG: REMOVED: chr20:29920080 G>A — not in accessible region
2026-06-02 15:36:14,747 [accessibility_filter] DEBUG: REMOVED: chr20:29920105 A>C — not in accessible region
2026-06-02 15:36:14,747 [accessibility_filter] DEBUG: REMOVED: chr20:29923253 T>A — not in accessible region
2026-06-02 15:36:14,747 [accessibility_filter] DEBUG: REMOVED: chr20:29927251 G>A — not in accessible region
2026-06-02 15:36:14,747 [accessibility_filter] DEBUG: REMOVED: chr20:29932269 G>C — not in accessible region
2026-06-02 15:36:14,747 [accessibility_filter] DEBUG: REMOVED: chr20:29934743 C>A — not in accessible region
2026-06-02 15:36:14,747 [accessibility_filter] DEBUG: REMOVED: chr20:29934784 T>G — not in accessible region
2026-06-02 15:36:14,747 [accessibility_filter] DEBUG: REMOVED: chr20:29935400 G>C — not in accessible region
2026-06-02 15:36:14,747 [accessibility_filter] DEBUG: REMOVED: chr20:29943082 T>A — not in accessible region
2026-06-02 15:36:14,747 [accessibility_filter] DEBUG: REMOVED: chr20:29943298 T>C — not in accessible region
2026-06-02 15:36:14,747 [accessibility_filter] DEBUG: REMOVED: chr20:29944307 G>A — not in accessible region
2026-06-02 15:36:14,747 [accessibility_filter] DEBUG: REMOVED: chr20:29947250 A>G — not in accessible region
2026-06-02 15:36:14,747 [accessibility_filter] DEBUG: REMOVED: chr20:29949655 T>G — not in accessible region
2026-06-02 15:36:14,747 [accessibility_filter] DEBUG: REMOVED: chr20:29962398 G>A — not in accessible region
2026-06-02 15:36:14,747 [accessibility_filter] DEBUG: REMOVED: chr20:29962523 A>G — not in accessible region
2026-06-02 15:36:14,747 [accessibility_filter] DEBUG: REMOVED: chr20:29968275 G>A — not in accessible region
2026-06-02 15:36:14,747 [accessibility_filter] DEBUG: REMOVED: chr20:29968293 T>C — not in accessible region
2026-06-02 15:36:14,747 [accessibility_filter] DEBUG: REMOVED: chr20:29970040 G>A — not in accessible region
2026-06-02 15:36:14,747 [accessibility_filter] DEBUG: REMOVED: chr20:29972051 G>C — not in accessible region
2026-06-02 15:36:14,747 [accessibility_filter] DEBUG: REMOVED: chr20:29972077 A>G — not in accessible region
2026-06-02 15:36:14,747 [accessibility_filter] DEBUG: REMOVED: chr20:29974205 G>T — not in accessible region
2026-06-02 15:36:14,747 [accessibility_filter] DEBUG: REMOVED: chr20:29974260 T>G — not in accessible region
2026-06-02 15:36:14,747 [accessibility_filter] DEBUG: REMOVED: chr20:29974873 C>G — not in accessible region
2026-06-02 15:36:14,747 [accessibility_filter] DEBUG: REMOVED: chr20:29974881 A>G — not in accessible region
2026-06-02 15:36:14,747 [accessibility_filter] DEBUG: REMOVED: chr20:29976446 T>G — not in accessible region
2026-06-02 15:36:14,747 [accessibility_filter] DEBUG: REMOVED: chr20:29978184 G>T — not in accessible region
2026-06-02 15:36:14,747 [accessibility_filter] DEBUG: REMOVED: chr20:29978281 G>T — not in accessible region
2026-06-02 15:36:14,748 [accessibility_filter] DEBUG: REMOVED: chr20:29978290 G>C — not in accessible region
2026-06-02 15:36:14,748 [accessibility_filter] DEBUG: REMOVED: chr20:29982013 T>C — not in accessible region
2026-06-02 15:36:14,748 [accessibility_filter] DEBUG: REMOVED: chr20:29983765 C>T — not in accessible region
2026-06-02 15:36:14,748 [accessibility_filter] DEBUG: REMOVED: chr20:29993826 C>T — not in accessible region
2026-06-02 15:36:14,748 [accessibility_filter] DEBUG: REMOVED: chr20:30013001 C>T — not in accessible region
2026-06-02 15:36:14,748 [accessibility_filter] DEBUG: REMOVED: chr20:30013194 A>C — not in accessible region
2026-06-02 15:36:14,748 [accessibility_filter] DEBUG: REMOVED: chr20:30015705 A>T — not in accessible region
2026-06-02 15:36:14,748 [accessibility_filter] DEBUG: REMOVED: chr20:30022797 G>C — not in accessible region
2026-06-02 15:36:14,748 [accessibility_filter] DEBUG: REMOVED: chr20:30023902 C>T — not in accessible region
2026-06-02 15:36:14,748 [accessibility_filter] DEBUG: REMOVED: chr20:30025995 T>A — not in accessible region
2026-06-02 15:36:14,748 [accessibility_filter] DEBUG: REMOVED: chr20:30028607 G>C — not in accessible region
2026-06-02 15:36:14,748 [accessibility_filter] DEBUG: REMOVED: chr20:30028668 A>G — not in accessible region
2026-06-02 15:36:14,748 [accessibility_filter] DEBUG: REMOVED: chr20:30035796 A>C — not in accessible region
2026-06-02 15:36:14,748 [accessibility_filter] DEBUG: REMOVED: chr20:30036287 G>A — not in accessible region
2026-06-02 15:36:14,748 [accessibility_filter] DEBUG: REMOVED: chr20:30036508 G>C — not in accessible region
2026-06-02 15:36:14,748 [accessibility_filter] DEBUG: REMOVED: chr20:30106354 C>T — not in accessible region
2026-06-02 15:36:14,748 [accessibility_filter] DEBUG: REMOVED: chr20:30107292 G>C — not in accessible region
2026-06-02 15:36:14,748 [accessibility_filter] DEBUG: REMOVED: chr20:30107600 C>G — not in accessible region
2026-06-02 15:36:14,748 [accessibility_filter] DEBUG: REMOVED: chr20:30108919 C>A — not in accessible region
2026-06-02 15:36:14,748 [accessibility_filter] DEBUG: REMOVED: chr20:30114518 T>A — not in accessible region
2026-06-02 15:36:14,748 [accessibility_filter] DEBUG: REMOVED: chr20:30136847 C>T — not in accessible region
2026-06-02 15:36:14,748 [accessibility_filter] DEBUG: REMOVED: chr20:30137334 T>G — not in accessible region
2026-06-02 15:36:14,748 [accessibility_filter] DEBUG: REMOVED: chr20:30138358 T>G — not in accessible region
2026-06-02 15:36:14,748 [accessibility_filter] DEBUG: REMOVED: chr20:30138378 T>G — not in accessible region
2026-06-02 15:36:14,748 [accessibility_filter] DEBUG: REMOVED: chr20:30138597 T>A — not in accessible region
2026-06-02 15:36:14,748 [accessibility_filter] DEBUG: REMOVED: chr20:30138715 A>G — not in accessible region
2026-06-02 15:36:14,748 [accessibility_filter] DEBUG: REMOVED: chr20:30138757 G>A — not in accessible region
2026-06-02 15:36:14,748 [accessibility_filter] DEBUG: KEPT: chr20:30139164 C>A
2026-06-02 15:36:14,748 [accessibility_filter] DEBUG: REMOVED: chr20:30140181 G>A — not in accessible region
2026-06-02 15:36:14,748 [accessibility_filter] DEBUG: REMOVED: chr20:30141276 A>G — not in accessible region
2026-06-02 15:36:14,748 [accessibility_filter] DEBUG: REMOVED: chr20:30141303 G>A — not in accessible region
2026-06-02 15:36:14,748 [accessibility_filter] DEBUG: REMOVED: chr20:30141425 T>G — not in accessible region
2026-06-02 15:36:14,748 [accessibility_filter] DEBUG: REMOVED: chr20:30141661 C>T — not in accessible region
2026-06-02 15:36:14,748 [accessibility_filter] DEBUG: REMOVED: chr20:30141733 C>T — not in accessible region
2026-06-02 15:36:14,748 [accessibility_filter] DEBUG: REMOVED: chr20:30141969 T>G — not in accessible region
2026-06-02 15:36:14,748 [accessibility_filter] DEBUG: REMOVED: chr20:30142461 T>C — not in accessible region
2026-06-02 15:36:14,748 [accessibility_filter] DEBUG: REMOVED: chr20:30142698 T>C — not in accessible region
2026-06-02 15:36:14,748 [accessibility_filter] DEBUG: REMOVED: chr20:30142820 G>C — not in accessible region
2026-06-02 15:36:14,748 [accessibility_filter] DEBUG: REMOVED: chr20:30142944 C>T — not in accessible region
2026-06-02 15:36:14,748 [accessibility_filter] DEBUG: REMOVED: chr20:30143380 C>G — not in accessible region
2026-06-02 15:36:14,748 [accessibility_filter] DEBUG: REMOVED: chr20:30143671 T>C — not in accessible region
2026-06-02 15:36:14,748 [accessibility_filter] DEBUG: REMOVED: chr20:30143837 C>A — not in accessible region
2026-06-02 15:36:14,748 [accessibility_filter] DEBUG: REMOVED: chr20:30143892 T>G — not in accessible region
2026-06-02 15:36:14,748 [accessibility_filter] DEBUG: REMOVED: chr20:30144033 T>C — not in accessible region
2026-06-02 15:36:14,748 [accessibility_filter] DEBUG: REMOVED: chr20:30144240 G>A — not in accessible region
2026-06-02 15:36:14,748 [accessibility_filter] DEBUG: REMOVED: chr20:30144318 G>T — not in accessible region
2026-06-02 15:36:14,748 [accessibility_filter] DEBUG: REMOVED: chr20:30144553 T>A — not in accessible region
2026-06-02 15:36:14,748 [accessibility_filter] DEBUG: REMOVED: chr20:30145230 A>G — not in accessible region
2026-06-02 15:36:14,748 [accessibility_filter] DEBUG: REMOVED: chr20:30145439 G>A — not in accessible region
2026-06-02 15:36:14,748 [accessibility_filter] DEBUG: REMOVED: chr20:30145521 A>C — not in accessible region
2026-06-02 15:36:14,748 [accessibility_filter] DEBUG: REMOVED: chr20:30145731 G>T — not in accessible region
2026-06-02 15:36:14,748 [accessibility_filter] DEBUG: REMOVED: chr20:30145986 C>G — not in accessible region
2026-06-02 15:36:14,748 [accessibility_filter] DEBUG: REMOVED: chr20:30146220 A>C — not in accessible region
2026-06-02 15:36:14,748 [accessibility_filter] DEBUG: REMOVED: chr20:30146368 A>G — not in accessible region
2026-06-02 15:36:14,748 [accessibility_filter] DEBUG: REMOVED: chr20:30146531 G>A — not in accessible region
2026-06-02 15:36:14,748 [accessibility_filter] DEBUG: REMOVED: chr20:30146736 C>G — not in accessible region
2026-06-02 15:36:14,748 [accessibility_filter] DEBUG: REMOVED: chr20:30146976 C>T — not in accessible region
2026-06-02 15:36:14,748 [accessibility_filter] DEBUG: REMOVED: chr20:30147463 A>G — not in accessible region
2026-06-02 15:36:14,748 [accessibility_filter] DEBUG: REMOVED: chr20:30147541 A>G — not in accessible region
2026-06-02 15:36:14,748 [accessibility_filter] DEBUG: REMOVED: chr20:30148150 T>G — not in accessible region
2026-06-02 15:36:14,748 [accessibility_filter] DEBUG: REMOVED: chr20:30148403 T>A — not in accessible region
2026-06-02 15:36:14,748 [accessibility_filter] DEBUG: REMOVED: chr20:30148816 T>C — not in accessible region
2026-06-02 15:36:14,749 [accessibility_filter] DEBUG: REMOVED: chr20:30148973 A>G — not in accessible region
2026-06-02 15:36:14,749 [accessibility_filter] DEBUG: REMOVED: chr20:30150379 C>G — not in accessible region
2026-06-02 15:36:14,749 [accessibility_filter] DEBUG: REMOVED: chr20:30152183 T>G — not in accessible region
2026-06-02 15:36:14,749 [accessibility_filter] DEBUG: REMOVED: chr20:30152660 C>T — not in accessible region
2026-06-02 15:36:14,749 [accessibility_filter] DEBUG: REMOVED: chr20:30152902 C>T — not in accessible region
2026-06-02 15:36:14,749 [accessibility_filter] DEBUG: REMOVED: chr20:30152956 C>A — not in accessible region
2026-06-02 15:36:14,749 [accessibility_filter] DEBUG: REMOVED: chr20:30153731 C>T — not in accessible region
2026-06-02 15:36:14,749 [accessibility_filter] DEBUG: REMOVED: chr20:30154758 A>G — not in accessible region
2026-06-02 15:36:14,749 [accessibility_filter] DEBUG: REMOVED: chr20:30155136 T>C — not in accessible region
2026-06-02 15:36:14,749 [accessibility_filter] DEBUG: KEPT: chr20:30155245 C>G
2026-06-02 15:36:14,749 [accessibility_filter] DEBUG: KEPT: chr20:30155273 C>T
2026-06-02 15:36:14,749 [accessibility_filter] DEBUG: REMOVED: chr20:30155375 T>A — not in accessible region
2026-06-02 15:36:14,749 [accessibility_filter] DEBUG: REMOVED: chr20:30155755 C>A — not in accessible region
2026-06-02 15:36:14,749 [accessibility_filter] DEBUG: REMOVED: chr20:30155972 T>C — not in accessible region
2026-06-02 15:36:14,749 [accessibility_filter] DEBUG: REMOVED: chr20:30156159 G>T — not in accessible region
2026-06-02 15:36:14,749 [accessibility_filter] DEBUG: REMOVED: chr20:30156637 G>C — not in accessible region
2026-06-02 15:36:14,749 [accessibility_filter] DEBUG: REMOVED: chr20:30157042 G>A — not in accessible region
2026-06-02 15:36:14,749 [accessibility_filter] DEBUG: REMOVED: chr20:30157348 A>G — not in accessible region
2026-06-02 15:36:14,749 [accessibility_filter] DEBUG: REMOVED: chr20:30157367 T>G — not in accessible region
2026-06-02 15:36:14,749 [accessibility_filter] DEBUG: REMOVED: chr20:30157514 T>C — not in accessible region
2026-06-02 15:36:14,749 [accessibility_filter] DEBUG: REMOVED: chr20:30158362 T>C — not in accessible region
2026-06-02 15:36:14,749 [accessibility_filter] DEBUG: REMOVED: chr20:30158635 G>A — not in accessible region
2026-06-02 15:36:14,749 [accessibility_filter] DEBUG: REMOVED: chr20:30158684 C>T — not in accessible region
2026-06-02 15:36:14,749 [accessibility_filter] DEBUG: REMOVED: chr20:30158817 C>A — not in accessible region
2026-06-02 15:36:14,749 [accessibility_filter] DEBUG: REMOVED: chr20:30159052 A>G — not in accessible region
2026-06-02 15:36:14,749 [accessibility_filter] DEBUG: REMOVED: chr20:30159366 T>G — not in accessible region
2026-06-02 15:36:14,749 [accessibility_filter] DEBUG: REMOVED: chr20:30159849 G>A — not in accessible region
2026-06-02 15:36:14,749 [accessibility_filter] DEBUG: REMOVED: chr20:30160146 T>A — not in accessible region
2026-06-02 15:36:14,749 [accessibility_filter] DEBUG: KEPT: chr20:30163172 G>A
2026-06-02 15:36:14,749 [accessibility_filter] DEBUG: REMOVED: chr20:30163801 T>C — not in accessible region
2026-06-02 15:36:14,749 [accessibility_filter] DEBUG: REMOVED: chr20:30163841 C>T — not in accessible region
2026-06-02 15:36:14,749 [accessibility_filter] DEBUG: REMOVED: chr20:30164627 G>A — not in accessible region
2026-06-02 15:36:14,749 [accessibility_filter] DEBUG: REMOVED: chr20:30165314 T>A — not in accessible region
2026-06-02 15:36:14,749 [accessibility_filter] DEBUG: REMOVED: chr20:30165333 C>A — not in accessible region
2026-06-02 15:36:14,749 [accessibility_filter] DEBUG: KEPT: chr20:30165611 G>A
2026-06-02 15:36:14,749 [accessibility_filter] DEBUG: REMOVED: chr20:30165796 A>T — not in accessible region
2026-06-02 15:36:14,749 [accessibility_filter] DEBUG: REMOVED: chr20:30166318 A>C — not in accessible region
2026-06-02 15:36:14,749 [accessibility_filter] DEBUG: REMOVED: chr20:30166567 C>T — not in accessible region
2026-06-02 15:36:14,749 [accessibility_filter] DEBUG: REMOVED: chr20:30166715 A>G — not in accessible region
2026-06-02 15:36:14,749 [accessibility_filter] DEBUG: REMOVED: chr20:30166811 T>G — not in accessible region
2026-06-02 15:36:14,749 [accessibility_filter] DEBUG: REMOVED: chr20:30166934 C>G — not in accessible region
2026-06-02 15:36:14,749 [accessibility_filter] DEBUG: REMOVED: chr20:30167663 A>T — not in accessible region
2026-06-02 15:36:14,749 [accessibility_filter] DEBUG: KEPT: chr20:30169140 T>C
2026-06-02 15:36:14,749 [accessibility_filter] DEBUG: REMOVED: chr20:30169252 A>G — not in accessible region
2026-06-02 15:36:14,749 [accessibility_filter] DEBUG: REMOVED: chr20:30170143 G>C — not in accessible region
2026-06-02 15:36:14,749 [accessibility_filter] DEBUG: REMOVED: chr20:30170457 A>C — not in accessible region
2026-06-02 15:36:14,749 [accessibility_filter] DEBUG: REMOVED: chr20:30170538 T>C — not in accessible region
2026-06-02 15:36:14,749 [accessibility_filter] DEBUG: REMOVED: chr20:30170920 G>C — not in accessible region
2026-06-02 15:36:14,749 [accessibility_filter] DEBUG: REMOVED: chr20:30171092 G>T — not in accessible region
2026-06-02 15:36:14,749 [accessibility_filter] DEBUG: REMOVED: chr20:30171216 G>T — not in accessible region
2026-06-02 15:36:14,749 [accessibility_filter] DEBUG: REMOVED: chr20:30175583 T>C — not in accessible region
2026-06-02 15:36:14,749 [accessibility_filter] DEBUG: REMOVED: chr20:30178631 G>T — not in accessible region
2026-06-02 15:36:14,749 [accessibility_filter] DEBUG: REMOVED: chr20:30178780 T>C — not in accessible region
2026-06-02 15:36:14,749 [accessibility_filter] DEBUG: REMOVED: chr20:30179092 G>T — not in accessible region
2026-06-02 15:36:14,749 [accessibility_filter] DEBUG: REMOVED: chr20:30179096 G>A — not in accessible region
2026-06-02 15:36:14,749 [accessibility_filter] DEBUG: REMOVED: chr20:30184167 G>A — not in accessible region
2026-06-02 15:36:14,749 [accessibility_filter] DEBUG: REMOVED: chr20:30185231 G>A — not in accessible region
2026-06-02 15:36:14,749 [accessibility_filter] DEBUG: REMOVED: chr20:30190216 C>G — not in accessible region
2026-06-02 15:36:14,749 [accessibility_filter] DEBUG: REMOVED: chr20:30193007 A>G — not in accessible region
2026-06-02 15:36:14,749 [accessibility_filter] DEBUG: REMOVED: chr20:30193443 C>T — not in accessible region
2026-06-02 15:36:14,749 [accessibility_filter] DEBUG: REMOVED: chr20:30195547 T>C — not in accessible region
2026-06-02 15:36:14,749 [accessibility_filter] DEBUG: REMOVED: chr20:30196089 C>T — not in accessible region
2026-06-02 15:36:14,749 [accessibility_filter] DEBUG: REMOVED: chr20:30196191 G>T — not in accessible region
2026-06-02 15:36:14,750 [accessibility_filter] DEBUG: REMOVED: chr20:30197303 C>A — not in accessible region
2026-06-02 15:36:14,750 [accessibility_filter] DEBUG: REMOVED: chr20:30198063 G>A — not in accessible region
2026-06-02 15:36:14,750 [accessibility_filter] DEBUG: REMOVED: chr20:30198217 G>A — not in accessible region
2026-06-02 15:36:14,750 [accessibility_filter] DEBUG: REMOVED: chr20:30200328 G>T — not in accessible region
2026-06-02 15:36:14,750 [accessibility_filter] DEBUG: REMOVED: chr20:30201070 C>T — not in accessible region
2026-06-02 15:36:14,750 [accessibility_filter] DEBUG: REMOVED: chr20:30201643 T>C — not in accessible region
2026-06-02 15:36:14,750 [accessibility_filter] DEBUG: REMOVED: chr20:30201656 G>T — not in accessible region
2026-06-02 15:36:14,750 [accessibility_filter] DEBUG: REMOVED: chr20:30204239 C>T — not in accessible region
2026-06-02 15:36:14,750 [accessibility_filter] DEBUG: REMOVED: chr20:30204907 G>T — not in accessible region
2026-06-02 15:36:14,750 [accessibility_filter] DEBUG: REMOVED: chr20:30204925 G>T — not in accessible region
2026-06-02 15:36:14,750 [accessibility_filter] DEBUG: REMOVED: chr20:30205984 G>T — not in accessible region
2026-06-02 15:36:14,750 [accessibility_filter] DEBUG: REMOVED: chr20:30205990 G>T — not in accessible region
2026-06-02 15:36:14,750 [accessibility_filter] DEBUG: REMOVED: chr20:30206051 G>A — not in accessible region
2026-06-02 15:36:14,750 [accessibility_filter] DEBUG: REMOVED: chr20:30206087 A>G — not in accessible region
2026-06-02 15:36:14,750 [accessibility_filter] DEBUG: REMOVED: chr20:30208013 T>C — not in accessible region
2026-06-02 15:36:14,750 [accessibility_filter] DEBUG: REMOVED: chr20:30209568 T>A — not in accessible region
2026-06-02 15:36:14,750 [accessibility_filter] DEBUG: REMOVED: chr20:30210468 T>C — not in accessible region
2026-06-02 15:36:14,750 [accessibility_filter] DEBUG: REMOVED: chr20:30211111 A>T — not in accessible region
2026-06-02 15:36:14,750 [accessibility_filter] DEBUG: REMOVED: chr20:30212736 T>C — not in accessible region
2026-06-02 15:36:14,750 [accessibility_filter] DEBUG: REMOVED: chr20:30214506 A>G — not in accessible region
2026-06-02 15:36:14,750 [accessibility_filter] DEBUG: REMOVED: chr20:30216351 C>T — not in accessible region
2026-06-02 15:36:14,750 [accessibility_filter] DEBUG: REMOVED: chr20:30217490 A>G — not in accessible region
2026-06-02 15:36:14,750 [accessibility_filter] DEBUG: REMOVED: chr20:30217525 T>C — not in accessible region
2026-06-02 15:36:14,750 [accessibility_filter] DEBUG: REMOVED: chr20:30219711 A>G — not in accessible region
2026-06-02 15:36:14,750 [accessibility_filter] DEBUG: REMOVED: chr20:30220426 C>A — not in accessible region
2026-06-02 15:36:14,750 [accessibility_filter] DEBUG: REMOVED: chr20:30220428 T>C — not in accessible region
2026-06-02 15:36:14,750 [accessibility_filter] DEBUG: REMOVED: chr20:30221520 A>T — not in accessible region
2026-06-02 15:36:14,750 [accessibility_filter] DEBUG: REMOVED: chr20:30221543 T>A — not in accessible region
2026-06-02 15:36:14,750 [accessibility_filter] DEBUG: REMOVED: chr20:30223016 G>T — not in accessible region
2026-06-02 15:36:14,750 [accessibility_filter] DEBUG: KEPT: chr20:30223607 C>T
2026-06-02 15:36:14,750 [accessibility_filter] DEBUG: REMOVED: chr20:30223865 C>T — not in accessible region
2026-06-02 15:36:14,750 [accessibility_filter] DEBUG: REMOVED: chr20:30225970 A>G — not in accessible region
2026-06-02 15:36:14,750 [accessibility_filter] DEBUG: REMOVED: chr20:30226026 T>C — not in accessible region
2026-06-02 15:36:14,750 [accessibility_filter] DEBUG: REMOVED: chr20:30226235 T>G — not in accessible region
2026-06-02 15:36:14,750 [accessibility_filter] DEBUG: REMOVED: chr20:30227577 A>T — not in accessible region
2026-06-02 15:36:14,750 [accessibility_filter] DEBUG: REMOVED: chr20:30227944 C>T — not in accessible region
2026-06-02 15:36:14,750 [accessibility_filter] DEBUG: REMOVED: chr20:30228208 C>T — not in accessible region
2026-06-02 15:36:14,750 [accessibility_filter] DEBUG: REMOVED: chr20:30229729 C>T — not in accessible region
2026-06-02 15:36:14,750 [accessibility_filter] DEBUG: REMOVED: chr20:30231963 G>T — not in accessible region
2026-06-02 15:36:14,750 [accessibility_filter] DEBUG: REMOVED: chr20:30233023 G>A — not in accessible region
2026-06-02 15:36:14,750 [accessibility_filter] DEBUG: REMOVED: chr20:30233715 T>C — not in accessible region
2026-06-02 15:36:14,750 [accessibility_filter] DEBUG: REMOVED: chr20:30235132 G>A — not in accessible region
2026-06-02 15:36:14,750 [accessibility_filter] DEBUG: REMOVED: chr20:30235214 G>A — not in accessible region
2026-06-02 15:36:14,750 [accessibility_filter] DEBUG: REMOVED: chr20:30236756 C>T — not in accessible region
2026-06-02 15:36:14,750 [accessibility_filter] DEBUG: REMOVED: chr20:30237508 G>C — not in accessible region
2026-06-02 15:36:14,750 [accessibility_filter] DEBUG: REMOVED: chr20:30237894 C>T — not in accessible region
2026-06-02 15:36:14,750 [accessibility_filter] DEBUG: REMOVED: chr20:30239557 A>G — not in accessible region
2026-06-02 15:36:14,750 [accessibility_filter] DEBUG: REMOVED: chr20:30240010 C>T — not in accessible region
2026-06-02 15:36:14,750 [accessibility_filter] DEBUG: REMOVED: chr20:30240501 T>G — not in accessible region
2026-06-02 15:36:14,750 [accessibility_filter] DEBUG: REMOVED: chr20:30240656 T>C — not in accessible region
2026-06-02 15:36:14,750 [accessibility_filter] DEBUG: REMOVED: chr20:30240959 C>G — not in accessible region
2026-06-02 15:36:14,750 [accessibility_filter] DEBUG: REMOVED: chr20:30241038 A>G — not in accessible region
2026-06-02 15:36:14,750 [accessibility_filter] DEBUG: REMOVED: chr20:30241123 G>T — not in accessible region
2026-06-02 15:36:14,750 [accessibility_filter] DEBUG: REMOVED: chr20:30241189 G>A — not in accessible region
2026-06-02 15:36:14,750 [accessibility_filter] DEBUG: REMOVED: chr20:30241338 T>C — not in accessible region
2026-06-02 15:36:14,750 [accessibility_filter] DEBUG: REMOVED: chr20:30242603 A>G — not in accessible region
2026-06-02 15:36:14,750 [accessibility_filter] DEBUG: REMOVED: chr20:30242754 G>A — not in accessible region
2026-06-02 15:36:14,750 [accessibility_filter] DEBUG: REMOVED: chr20:30242868 A>T — not in accessible region
2026-06-02 15:36:14,750 [accessibility_filter] DEBUG: REMOVED: chr20:30243526 T>G — not in accessible region
2026-06-02 15:36:14,750 [accessibility_filter] DEBUG: REMOVED: chr20:30243973 A>C — not in accessible region
2026-06-02 15:36:14,750 [accessibility_filter] DEBUG: REMOVED: chr20:30245285 A>C — not in accessible region
2026-06-02 15:36:14,750 [accessibility_filter] DEBUG: KEPT: chr20:30245602 A>G
2026-06-02 15:36:14,750 [accessibility_filter] DEBUG: REMOVED: chr20:30245766 G>T — not in accessible region
2026-06-02 15:36:14,751 [accessibility_filter] DEBUG: REMOVED: chr20:30246256 C>T — not in accessible region
2026-06-02 15:36:14,751 [accessibility_filter] DEBUG: REMOVED: chr20:30246470 G>A — not in accessible region
2026-06-02 15:36:14,751 [accessibility_filter] DEBUG: REMOVED: chr20:30246855 T>G — not in accessible region
2026-06-02 15:36:14,751 [accessibility_filter] DEBUG: REMOVED: chr20:30247083 A>C — not in accessible region
2026-06-02 15:36:14,751 [accessibility_filter] DEBUG: REMOVED: chr20:30247183 A>T — not in accessible region
2026-06-02 15:36:14,751 [accessibility_filter] DEBUG: REMOVED: chr20:30247186 T>C — not in accessible region
2026-06-02 15:36:14,751 [accessibility_filter] DEBUG: REMOVED: chr20:30248076 A>C — not in accessible region
2026-06-02 15:36:14,751 [accessibility_filter] DEBUG: KEPT: chr20:30248276 T>C
2026-06-02 15:36:14,751 [accessibility_filter] DEBUG: REMOVED: chr20:30250442 T>C — not in accessible region
2026-06-02 15:36:14,751 [accessibility_filter] DEBUG: REMOVED: chr20:30250498 A>G — not in accessible region
2026-06-02 15:36:14,751 [accessibility_filter] DEBUG: REMOVED: chr20:30250928 C>A — not in accessible region
2026-06-02 15:36:14,751 [accessibility_filter] DEBUG: KEPT: chr20:30251438 T>C
2026-06-02 15:36:14,751 [accessibility_filter] DEBUG: REMOVED: chr20:30251721 G>A — not in accessible region
2026-06-02 15:36:14,751 [accessibility_filter] DEBUG: KEPT: chr20:30252308 C>A
2026-06-02 15:36:14,751 [accessibility_filter] DEBUG: KEPT: chr20:30252335 C>T
2026-06-02 15:36:14,751 [accessibility_filter] DEBUG: REMOVED: chr20:30252587 T>C — not in accessible region
2026-06-02 15:36:14,751 [accessibility_filter] DEBUG: REMOVED: chr20:30252875 C>T — not in accessible region
2026-06-02 15:36:14,751 [accessibility_filter] DEBUG: REMOVED: chr20:30253370 A>G — not in accessible region
2026-06-02 15:36:14,751 [accessibility_filter] DEBUG: REMOVED: chr20:30253428 G>A — not in accessible region
2026-06-02 15:36:14,751 [accessibility_filter] DEBUG: REMOVED: chr20:30253643 G>A — not in accessible region
2026-06-02 15:36:14,751 [accessibility_filter] DEBUG: REMOVED: chr20:30254232 C>A — not in accessible region
2026-06-02 15:36:14,751 [accessibility_filter] DEBUG: REMOVED: chr20:30254779 A>G — not in accessible region
2026-06-02 15:36:14,751 [accessibility_filter] DEBUG: REMOVED: chr20:30267744 G>A — not in accessible region
2026-06-02 15:36:14,751 [accessibility_filter] DEBUG: REMOVED: chr20:30283830 A>G — not in accessible region
2026-06-02 15:36:14,751 [accessibility_filter] DEBUG: REMOVED: chr20:30296138 C>T — not in accessible region
2026-06-02 15:36:14,751 [accessibility_filter] DEBUG: REMOVED: chr20:30301603 T>G — not in accessible region
2026-06-02 15:36:14,751 [accessibility_filter] DEBUG: REMOVED: chr20:30320155 C>G — not in accessible region
2026-06-02 15:36:14,751 [accessibility_filter] DEBUG: REMOVED: chr20:30330960 A>G — not in accessible region
2026-06-02 15:36:14,751 [accessibility_filter] DEBUG: REMOVED: chr20:30331323 T>G — not in accessible region
2026-06-02 15:36:14,751 [accessibility_filter] DEBUG: REMOVED: chr20:30331640 G>T — not in accessible region
2026-06-02 15:36:14,751 [accessibility_filter] DEBUG: REMOVED: chr20:30331725 T>C — not in accessible region
2026-06-02 15:36:14,751 [accessibility_filter] DEBUG: REMOVED: chr20:30331894 C>T — not in accessible region
2026-06-02 15:36:14,751 [accessibility_filter] DEBUG: REMOVED: chr20:30332035 C>T — not in accessible region
2026-06-02 15:36:14,751 [accessibility_filter] DEBUG: REMOVED: chr20:30332298 C>T — not in accessible region
2026-06-02 15:36:14,751 [accessibility_filter] DEBUG: REMOVED: chr20:30333487 G>A — not in accessible region
2026-06-02 15:36:14,751 [accessibility_filter] DEBUG: REMOVED: chr20:30333583 T>C — not in accessible region
2026-06-02 15:36:14,751 [accessibility_filter] DEBUG: REMOVED: chr20:30334163 G>A — not in accessible region
2026-06-02 15:36:14,751 [accessibility_filter] DEBUG: REMOVED: chr20:30334267 G>A — not in accessible region
2026-06-02 15:36:14,751 [accessibility_filter] DEBUG: REMOVED: chr20:30334275 T>A — not in accessible region
2026-06-02 15:36:14,751 [accessibility_filter] DEBUG: REMOVED: chr20:30335105 G>T — not in accessible region
2026-06-02 15:36:14,751 [accessibility_filter] DEBUG: REMOVED: chr20:30335277 T>C — not in accessible region
2026-06-02 15:36:14,751 [accessibility_filter] DEBUG: REMOVED: chr20:30335335 C>T — not in accessible region
2026-06-02 15:36:14,751 [accessibility_filter] DEBUG: REMOVED: chr20:30335697 T>C — not in accessible region
2026-06-02 15:36:14,751 [accessibility_filter] DEBUG: REMOVED: chr20:30337396 T>C — not in accessible region
2026-06-02 15:36:14,751 [accessibility_filter] DEBUG: REMOVED: chr20:30337542 A>G — not in accessible region
2026-06-02 15:36:14,751 [accessibility_filter] DEBUG: REMOVED: chr20:30337924 C>T — not in accessible region
2026-06-02 15:36:14,751 [accessibility_filter] DEBUG: REMOVED: chr20:30339040 G>A — not in accessible region
2026-06-02 15:36:14,751 [accessibility_filter] DEBUG: REMOVED: chr20:30340710 G>A — not in accessible region
2026-06-02 15:36:14,751 [accessibility_filter] DEBUG: REMOVED: chr20:30341096 A>G — not in accessible region
2026-06-02 15:36:14,751 [accessibility_filter] DEBUG: REMOVED: chr20:30343297 A>G — not in accessible region
2026-06-02 15:36:14,751 [accessibility_filter] DEBUG: REMOVED: chr20:30343379 G>A — not in accessible region
2026-06-02 15:36:14,751 [accessibility_filter] DEBUG: REMOVED: chr20:30343786 T>C — not in accessible region
2026-06-02 15:36:14,751 [accessibility_filter] DEBUG: KEPT: chr20:30344808 A>T
2026-06-02 15:36:14,751 [accessibility_filter] DEBUG: REMOVED: chr20:30344985 T>C — not in accessible region
2026-06-02 15:36:14,751 [accessibility_filter] DEBUG: REMOVED: chr20:30345320 A>G — not in accessible region
2026-06-02 15:36:14,751 [accessibility_filter] DEBUG: REMOVED: chr20:30348600 C>T — not in accessible region
2026-06-02 15:36:14,751 [accessibility_filter] DEBUG: REMOVED: chr20:30349039 A>G — not in accessible region
2026-06-02 15:36:14,751 [accessibility_filter] DEBUG: REMOVED: chr20:30350247 G>C — not in accessible region
2026-06-02 15:36:14,751 [accessibility_filter] DEBUG: KEPT: chr20:30351585 T>G
2026-06-02 15:36:14,751 [accessibility_filter] DEBUG: REMOVED: chr20:30355375 G>A — not in accessible region
2026-06-02 15:36:14,751 [accessibility_filter] DEBUG: REMOVED: chr20:30355428 T>G — not in accessible region
2026-06-02 15:36:14,751 [accessibility_filter] DEBUG: REMOVED: chr20:30357115 G>T — not in accessible region
2026-06-02 15:36:14,751 [accessibility_filter] DEBUG: REMOVED: chr20:30357349 G>C — not in accessible region
2026-06-02 15:36:14,752 [accessibility_filter] DEBUG: REMOVED: chr20:30364713 T>C — not in accessible region
2026-06-02 15:36:14,752 [accessibility_filter] DEBUG: REMOVED: chr20:30364721 A>G — not in accessible region
2026-06-02 15:36:14,752 [accessibility_filter] DEBUG: REMOVED: chr20:30367912 T>C — not in accessible region
2026-06-02 15:36:14,752 [accessibility_filter] DEBUG: REMOVED: chr20:30368551 G>C — not in accessible region
2026-06-02 15:36:14,752 [accessibility_filter] DEBUG: REMOVED: chr20:30368856 T>C — not in accessible region
2026-06-02 15:36:14,752 [accessibility_filter] DEBUG: REMOVED: chr20:30368869 T>C — not in accessible region
2026-06-02 15:36:14,752 [accessibility_filter] DEBUG: REMOVED: chr20:30370722 C>G — not in accessible region
2026-06-02 15:36:14,752 [accessibility_filter] DEBUG: REMOVED: chr20:30370773 C>A — not in accessible region
2026-06-02 15:36:14,752 [accessibility_filter] DEBUG: REMOVED: chr20:30372140 C>T — not in accessible region
2026-06-02 15:36:14,752 [accessibility_filter] DEBUG: REMOVED: chr20:30374391 G>C — not in accessible region
2026-06-02 15:36:14,752 [accessibility_filter] DEBUG: REMOVED: chr20:30374643 C>T — not in accessible region
2026-06-02 15:36:14,752 [accessibility_filter] DEBUG: REMOVED: chr20:30374659 G>A — not in accessible region
2026-06-02 15:36:14,752 [accessibility_filter] DEBUG: REMOVED: chr20:30376387 A>G — not in accessible region
2026-06-02 15:36:14,752 [accessibility_filter] DEBUG: REMOVED: chr20:30376794 T>C — not in accessible region
2026-06-02 15:36:14,752 [accessibility_filter] DEBUG: REMOVED: chr20:30377147 C>T — not in accessible region
2026-06-02 15:36:14,752 [accessibility_filter] DEBUG: REMOVED: chr20:30380049 T>C — not in accessible region
2026-06-02 15:36:14,752 [accessibility_filter] DEBUG: REMOVED: chr20:30380644 G>A — not in accessible region
2026-06-02 15:36:14,752 [accessibility_filter] DEBUG: REMOVED: chr20:30381150 G>T — not in accessible region
2026-06-02 15:36:14,752 [accessibility_filter] DEBUG: REMOVED: chr20:30389885 A>G — not in accessible region
2026-06-02 15:36:14,752 [accessibility_filter] DEBUG: REMOVED: chr20:30394388 T>C — not in accessible region
2026-06-02 15:36:14,752 [accessibility_filter] DEBUG: REMOVED: chr20:30394410 C>A — not in accessible region
2026-06-02 15:36:14,752 [accessibility_filter] DEBUG: REMOVED: chr20:30395698 A>G — not in accessible region
2026-06-02 15:36:14,752 [accessibility_filter] DEBUG: REMOVED: chr20:30397811 A>G — not in accessible region
2026-06-02 15:36:14,752 [accessibility_filter] DEBUG: REMOVED: chr20:30400114 C>T — not in accessible region
2026-06-02 15:36:14,752 [accessibility_filter] DEBUG: REMOVED: chr20:30400270 A>G — not in accessible region
2026-06-02 15:36:14,752 [accessibility_filter] DEBUG: REMOVED: chr20:30401209 G>T — not in accessible region
2026-06-02 15:36:14,752 [accessibility_filter] DEBUG: REMOVED: chr20:30402970 A>G — not in accessible region
2026-06-02 15:36:14,752 [accessibility_filter] DEBUG: REMOVED: chr20:30404390 G>A — not in accessible region
2026-06-02 15:36:14,752 [accessibility_filter] DEBUG: REMOVED: chr20:30404747 A>G — not in accessible region
2026-06-02 15:36:14,752 [accessibility_filter] DEBUG: REMOVED: chr20:30404863 G>A — not in accessible region
2026-06-02 15:36:14,752 [accessibility_filter] DEBUG: REMOVED: chr20:30404866 T>C — not in accessible region
2026-06-02 15:36:14,752 [accessibility_filter] DEBUG: REMOVED: chr20:30406030 C>T — not in accessible region
2026-06-02 15:36:14,752 [accessibility_filter] DEBUG: REMOVED: chr20:30406227 C>T — not in accessible region
2026-06-02 15:36:14,752 [accessibility_filter] DEBUG: KEPT: chr20:30406636 T>C
2026-06-02 15:36:14,752 [accessibility_filter] DEBUG: REMOVED: chr20:30406806 A>G — not in accessible region
2026-06-02 15:36:14,752 [accessibility_filter] DEBUG: REMOVED: chr20:30412805 A>G — not in accessible region
2026-06-02 15:36:14,752 [accessibility_filter] DEBUG: REMOVED: chr20:30415884 A>G — not in accessible region
2026-06-02 15:36:14,752 [accessibility_filter] DEBUG: REMOVED: chr20:30415927 C>T — not in accessible region
2026-06-02 15:36:14,752 [accessibility_filter] DEBUG: REMOVED: chr20:30416321 A>C — not in accessible region
2026-06-02 15:36:14,752 [accessibility_filter] DEBUG: REMOVED: chr20:30416339 C>G — not in accessible region
2026-06-02 15:36:14,752 [accessibility_filter] DEBUG: REMOVED: chr20:30417098 A>G — not in accessible region
2026-06-02 15:36:14,752 [accessibility_filter] DEBUG: REMOVED: chr20:30417972 A>G — not in accessible region
2026-06-02 15:36:14,752 [accessibility_filter] DEBUG: REMOVED: chr20:30421204 C>G — not in accessible region
2026-06-02 15:36:14,752 [accessibility_filter] DEBUG: REMOVED: chr20:30421245 G>A — not in accessible region
2026-06-02 15:36:14,752 [accessibility_filter] DEBUG: REMOVED: chr20:30421967 T>C — not in accessible region
2026-06-02 15:36:14,752 [accessibility_filter] DEBUG: REMOVED: chr20:30423168 C>A — not in accessible region
2026-06-02 15:36:14,752 [accessibility_filter] DEBUG: REMOVED: chr20:30423179 A>G — not in accessible region
2026-06-02 15:36:14,752 [accessibility_filter] DEBUG: REMOVED: chr20:30458137 A>T — not in accessible region
2026-06-02 15:36:14,752 [accessibility_filter] DEBUG: REMOVED: chr20:30459078 C>T — not in accessible region
2026-06-02 15:36:14,752 [accessibility_filter] DEBUG: REMOVED: chr20:30459079 G>A — not in accessible region
2026-06-02 15:36:14,752 [accessibility_filter] DEBUG: KEPT: chr20:30459428 T>C
2026-06-02 15:36:14,752 [accessibility_filter] DEBUG: REMOVED: chr20:30460764 A>C — not in accessible region
2026-06-02 15:36:14,752 [accessibility_filter] DEBUG: REMOVED: chr20:30460809 C>T — not in accessible region
2026-06-02 15:36:14,752 [accessibility_filter] DEBUG: REMOVED: chr20:30461042 A>G — not in accessible region
2026-06-02 15:36:14,752 [accessibility_filter] DEBUG: REMOVED: chr20:30461044 G>A — not in accessible region
2026-06-02 15:36:14,752 [accessibility_filter] DEBUG: REMOVED: chr20:30463006 T>C — not in accessible region
2026-06-02 15:36:14,752 [accessibility_filter] DEBUG: REMOVED: chr20:30463872 G>A — not in accessible region
2026-06-02 15:36:14,752 [accessibility_filter] DEBUG: REMOVED: chr20:30464678 C>T — not in accessible region
2026-06-02 15:36:14,752 [accessibility_filter] DEBUG: REMOVED: chr20:30464837 C>T — not in accessible region
2026-06-02 15:36:14,752 [accessibility_filter] DEBUG: REMOVED: chr20:30465072 A>G — not in accessible region
2026-06-02 15:36:14,752 [accessibility_filter] DEBUG: REMOVED: chr20:30465767 C>T — not in accessible region
2026-06-02 15:36:14,752 [accessibility_filter] DEBUG: REMOVED: chr20:30466766 A>G — not in accessible region
2026-06-02 15:36:14,752 [accessibility_filter] DEBUG: KEPT: chr20:30467121 G>A
2026-06-02 15:36:14,753 [accessibility_filter] DEBUG: REMOVED: chr20:30468127 C>T — not in accessible region
2026-06-02 15:36:14,753 [accessibility_filter] DEBUG: REMOVED: chr20:30468649 C>T — not in accessible region
2026-06-02 15:36:14,753 [accessibility_filter] DEBUG: REMOVED: chr20:30468719 A>C — not in accessible region
2026-06-02 15:36:14,753 [accessibility_filter] DEBUG: REMOVED: chr20:30469340 A>G — not in accessible region
2026-06-02 15:36:14,753 [accessibility_filter] DEBUG: REMOVED: chr20:30469561 C>T — not in accessible region
2026-06-02 15:36:14,753 [accessibility_filter] DEBUG: REMOVED: chr20:30470310 A>T — not in accessible region
2026-06-02 15:36:14,753 [accessibility_filter] DEBUG: REMOVED: chr20:30472175 C>T — not in accessible region
2026-06-02 15:36:14,753 [accessibility_filter] DEBUG: REMOVED: chr20:30472216 C>T — not in accessible region
2026-06-02 15:36:14,753 [accessibility_filter] DEBUG: REMOVED: chr20:30473087 T>C — not in accessible region
2026-06-02 15:36:14,753 [accessibility_filter] DEBUG: REMOVED: chr20:30473567 T>G — not in accessible region
2026-06-02 15:36:14,753 [accessibility_filter] DEBUG: REMOVED: chr20:30475007 T>C — not in accessible region
2026-06-02 15:36:14,753 [accessibility_filter] DEBUG: REMOVED: chr20:30475335 T>C — not in accessible region
2026-06-02 15:36:14,753 [accessibility_filter] DEBUG: REMOVED: chr20:30477967 A>C — not in accessible region
2026-06-02 15:36:14,753 [accessibility_filter] DEBUG: REMOVED: chr20:30481911 T>C — not in accessible region
2026-06-02 15:36:14,753 [accessibility_filter] DEBUG: REMOVED: chr20:30481955 G>T — not in accessible region
2026-06-02 15:36:14,753 [accessibility_filter] DEBUG: REMOVED: chr20:30482149 A>G — not in accessible region
2026-06-02 15:36:14,753 [accessibility_filter] DEBUG: REMOVED: chr20:30482259 G>C — not in accessible region
2026-06-02 15:36:14,753 [accessibility_filter] DEBUG: KEPT: chr20:30484149 G>T
2026-06-02 15:36:14,753 [accessibility_filter] DEBUG: REMOVED: chr20:30484921 C>T — not in accessible region
2026-06-02 15:36:14,753 [accessibility_filter] DEBUG: KEPT: chr20:30485355 A>G
2026-06-02 15:36:14,753 [accessibility_filter] DEBUG: REMOVED: chr20:30486460 A>G — not in accessible region
2026-06-02 15:36:14,753 [accessibility_filter] DEBUG: REMOVED: chr20:30487711 G>C — not in accessible region
2026-06-02 15:36:14,753 [accessibility_filter] DEBUG: KEPT: chr20:30489814 A>C
2026-06-02 15:36:14,753 [accessibility_filter] DEBUG: REMOVED: chr20:30490120 C>T — not in accessible region
2026-06-02 15:36:14,753 [accessibility_filter] DEBUG: REMOVED: chr20:30490874 T>C — not in accessible region
2026-06-02 15:36:14,753 [accessibility_filter] DEBUG: REMOVED: chr20:30491146 A>G — not in accessible region
2026-06-02 15:36:14,753 [accessibility_filter] DEBUG: REMOVED: chr20:30492182 A>G — not in accessible region
2026-06-02 15:36:14,753 [accessibility_filter] DEBUG: REMOVED: chr20:30492186 G>A — not in accessible region
2026-06-02 15:36:14,753 [accessibility_filter] DEBUG: REMOVED: chr20:30492457 C>G — not in accessible region
2026-06-02 15:36:14,753 [accessibility_filter] DEBUG: REMOVED: chr20:30492816 A>G — not in accessible region
2026-06-02 15:36:14,753 [accessibility_filter] DEBUG: REMOVED: chr20:30495972 T>C — not in accessible region
2026-06-02 15:36:14,753 [accessibility_filter] DEBUG: REMOVED: chr20:30495983 T>C — not in accessible region
2026-06-02 15:36:14,753 [accessibility_filter] DEBUG: REMOVED: chr20:30496517 C>T — not in accessible region
2026-06-02 15:36:14,753 [accessibility_filter] DEBUG: REMOVED: chr20:30496686 C>T — not in accessible region
2026-06-02 15:36:14,753 [accessibility_filter] DEBUG: REMOVED: chr20:30497032 A>T — not in accessible region
2026-06-02 15:36:14,753 [accessibility_filter] DEBUG: REMOVED: chr20:30500356 C>G — not in accessible region
2026-06-02 15:36:14,753 [accessibility_filter] DEBUG: REMOVED: chr20:30502141 A>G — not in accessible region
2026-06-02 15:36:14,753 [accessibility_filter] DEBUG: REMOVED: chr20:30503275 C>G — not in accessible region
2026-06-02 15:36:14,753 [accessibility_filter] DEBUG: REMOVED: chr20:30503293 A>G — not in accessible region
2026-06-02 15:36:14,753 [accessibility_filter] DEBUG: REMOVED: chr20:30504845 G>A — not in accessible region
2026-06-02 15:36:14,753 [accessibility_filter] DEBUG: REMOVED: chr20:30505571 A>C — not in accessible region
2026-06-02 15:36:14,753 [accessibility_filter] DEBUG: REMOVED: chr20:30505699 A>G — not in accessible region
2026-06-02 15:36:14,753 [accessibility_filter] DEBUG: REMOVED: chr20:30505779 T>A — not in accessible region
2026-06-02 15:36:14,753 [accessibility_filter] DEBUG: REMOVED: chr20:30505907 G>C — not in accessible region
2026-06-02 15:36:14,753 [accessibility_filter] DEBUG: REMOVED: chr20:30508595 G>T — not in accessible region
2026-06-02 15:36:14,753 [accessibility_filter] DEBUG: REMOVED: chr20:30508770 C>T — not in accessible region
2026-06-02 15:36:14,753 [accessibility_filter] DEBUG: KEPT: chr20:30508845 A>G
2026-06-02 15:36:14,753 [accessibility_filter] DEBUG: REMOVED: chr20:30510346 A>G — not in accessible region
2026-06-02 15:36:14,753 [accessibility_filter] DEBUG: REMOVED: chr20:30510502 C>G — not in accessible region
2026-06-02 15:36:14,753 [accessibility_filter] DEBUG: REMOVED: chr20:30511549 C>T — not in accessible region
2026-06-02 15:36:14,753 [accessibility_filter] DEBUG: REMOVED: chr20:30512103 A>G — not in accessible region
2026-06-02 15:36:14,753 [accessibility_filter] DEBUG: REMOVED: chr20:30512286 A>G — not in accessible region
2026-06-02 15:36:14,753 [accessibility_filter] DEBUG: REMOVED: chr20:30512375 C>G — not in accessible region
2026-06-02 15:36:14,753 [accessibility_filter] DEBUG: REMOVED: chr20:30513172 C>T — not in accessible region
2026-06-02 15:36:14,753 [accessibility_filter] DEBUG: REMOVED: chr20:30513851 C>G — not in accessible region
2026-06-02 15:36:14,753 [accessibility_filter] DEBUG: REMOVED: chr20:30514224 G>A — not in accessible region
2026-06-02 15:36:14,753 [accessibility_filter] DEBUG: REMOVED: chr20:30515022 T>C — not in accessible region
2026-06-02 15:36:14,753 [accessibility_filter] DEBUG: REMOVED: chr20:30515455 T>C — not in accessible region
2026-06-02 15:36:14,753 [accessibility_filter] DEBUG: REMOVED: chr20:30515551 C>T — not in accessible region
2026-06-02 15:36:14,753 [accessibility_filter] DEBUG: REMOVED: chr20:30516110 G>T — not in accessible region
2026-06-02 15:36:14,753 [accessibility_filter] DEBUG: REMOVED: chr20:30516565 T>C — not in accessible region
2026-06-02 15:36:14,753 [accessibility_filter] DEBUG: REMOVED: chr20:30516889 A>G — not in accessible region
2026-06-02 15:36:14,753 [accessibility_filter] DEBUG: REMOVED: chr20:30516975 G>C — not in accessible region
2026-06-02 15:36:14,754 [accessibility_filter] DEBUG: REMOVED: chr20:30517511 G>A — not in accessible region
2026-06-02 15:36:14,754 [accessibility_filter] DEBUG: KEPT: chr20:30518050 T>G
2026-06-02 15:36:14,754 [accessibility_filter] DEBUG: REMOVED: chr20:30518434 A>G — not in accessible region
2026-06-02 15:36:14,754 [accessibility_filter] DEBUG: REMOVED: chr20:30518746 G>A — not in accessible region
2026-06-02 15:36:14,754 [accessibility_filter] DEBUG: KEPT: chr20:30518886 T>A
2026-06-02 15:36:14,754 [accessibility_filter] DEBUG: REMOVED: chr20:30522605 A>C — not in accessible region
2026-06-02 15:36:14,754 [accessibility_filter] DEBUG: REMOVED: chr20:30523966 G>A — not in accessible region
2026-06-02 15:36:14,754 [accessibility_filter] DEBUG: REMOVED: chr20:30524247 C>T — not in accessible region
2026-06-02 15:36:14,754 [accessibility_filter] DEBUG: REMOVED: chr20:30529859 A>G — not in accessible region
2026-06-02 15:36:14,754 [accessibility_filter] DEBUG: REMOVED: chr20:30530403 G>A — not in accessible region
2026-06-02 15:36:14,754 [accessibility_filter] DEBUG: REMOVED: chr20:30531198 C>G — not in accessible region
2026-06-02 15:36:14,754 [accessibility_filter] DEBUG: REMOVED: chr20:30531884 G>A — not in accessible region
2026-06-02 15:36:14,754 [accessibility_filter] DEBUG: REMOVED: chr20:30532148 T>C — not in accessible region
2026-06-02 15:36:14,754 [accessibility_filter] DEBUG: REMOVED: chr20:30532584 C>T — not in accessible region
2026-06-02 15:36:14,754 [accessibility_filter] DEBUG: REMOVED: chr20:30534231 A>G — not in accessible region
2026-06-02 15:36:14,754 [accessibility_filter] DEBUG: REMOVED: chr20:30534246 A>G — not in accessible region
2026-06-02 15:36:14,754 [accessibility_filter] DEBUG: REMOVED: chr20:30535796 T>A — not in accessible region
2026-06-02 15:36:14,754 [accessibility_filter] DEBUG: REMOVED: chr20:30536499 T>C — not in accessible region
2026-06-02 15:36:14,754 [accessibility_filter] DEBUG: REMOVED: chr20:30537916 T>G — not in accessible region
2026-06-02 15:36:14,754 [accessibility_filter] DEBUG: REMOVED: chr20:30538463 A>G — not in accessible region
2026-06-02 15:36:14,754 [accessibility_filter] DEBUG: REMOVED: chr20:30538785 T>A — not in accessible region
2026-06-02 15:36:14,754 [accessibility_filter] DEBUG: REMOVED: chr20:30539627 T>C — not in accessible region
2026-06-02 15:36:14,754 [accessibility_filter] DEBUG: REMOVED: chr20:30539987 A>G — not in accessible region
2026-06-02 15:36:14,754 [accessibility_filter] DEBUG: KEPT: chr20:30541197 C>T
2026-06-02 15:36:14,754 [accessibility_filter] DEBUG: REMOVED: chr20:30541598 G>A — not in accessible region
2026-06-02 15:36:14,754 [accessibility_filter] DEBUG: REMOVED: chr20:30542178 C>A — not in accessible region
2026-06-02 15:36:14,754 [accessibility_filter] DEBUG: REMOVED: chr20:30548669 T>C — not in accessible region
2026-06-02 15:36:14,754 [accessibility_filter] DEBUG: REMOVED: chr20:30549025 G>T — not in accessible region
2026-06-02 15:36:14,754 [accessibility_filter] DEBUG: REMOVED: chr20:30551382 G>A — not in accessible region
2026-06-02 15:36:14,754 [accessibility_filter] DEBUG: REMOVED: chr20:30555600 G>T — not in accessible region
2026-06-02 15:36:14,754 [accessibility_filter] DEBUG: REMOVED: chr20:30558793 C>G — not in accessible region
2026-06-02 15:36:14,754 [accessibility_filter] DEBUG: REMOVED: chr20:30560412 A>G — not in accessible region
2026-06-02 15:36:14,754 [accessibility_filter] DEBUG: REMOVED: chr20:30561106 A>C — not in accessible region
2026-06-02 15:36:14,754 [accessibility_filter] DEBUG: REMOVED: chr20:30562898 G>C — not in accessible region
2026-06-02 15:36:14,754 [accessibility_filter] DEBUG: REMOVED: chr20:30563555 C>T — not in accessible region
2026-06-02 15:36:14,754 [accessibility_filter] DEBUG: REMOVED: chr20:30564613 G>A — not in accessible region
2026-06-02 15:36:14,754 [accessibility_filter] DEBUG: REMOVED: chr20:30566094 G>A — not in accessible region
2026-06-02 15:36:14,754 [accessibility_filter] DEBUG: REMOVED: chr20:30566951 A>T — not in accessible region
2026-06-02 15:36:14,754 [accessibility_filter] DEBUG: REMOVED: chr20:30567477 A>C — not in accessible region
2026-06-02 15:36:14,754 [accessibility_filter] DEBUG: REMOVED: chr20:30569318 G>A — not in accessible region
2026-06-02 15:36:14,754 [accessibility_filter] DEBUG: REMOVED: chr20:30569560 A>T — not in accessible region
2026-06-02 15:36:14,754 [accessibility_filter] DEBUG: REMOVED: chr20:30571891 C>T — not in accessible region
2026-06-02 15:36:14,754 [accessibility_filter] DEBUG: REMOVED: chr20:30573068 G>A — not in accessible region
2026-06-02 15:36:14,754 [accessibility_filter] DEBUG: REMOVED: chr20:30573174 A>G — not in accessible region
2026-06-02 15:36:14,754 [accessibility_filter] DEBUG: REMOVED: chr20:30573775 T>C — not in accessible region
2026-06-02 15:36:14,754 [accessibility_filter] DEBUG: REMOVED: chr20:30578627 T>C — not in accessible region
2026-06-02 15:36:14,754 [accessibility_filter] DEBUG: REMOVED: chr20:30580245 A>C — not in accessible region
2026-06-02 15:36:14,754 [accessibility_filter] DEBUG: REMOVED: chr20:30583274 A>G — not in accessible region
2026-06-02 15:36:14,754 [accessibility_filter] DEBUG: REMOVED: chr20:30583290 G>T — not in accessible region
2026-06-02 15:36:14,754 [accessibility_filter] DEBUG: REMOVED: chr20:30584624 A>C — not in accessible region
2026-06-02 15:36:14,754 [accessibility_filter] DEBUG: REMOVED: chr20:30584908 C>A — not in accessible region
2026-06-02 15:36:14,754 [accessibility_filter] DEBUG: REMOVED: chr20:30584911 A>G — not in accessible region
2026-06-02 15:36:14,754 [accessibility_filter] DEBUG: REMOVED: chr20:30585830 C>T — not in accessible region
2026-06-02 15:36:14,754 [accessibility_filter] DEBUG: REMOVED: chr20:30589041 T>G — not in accessible region
2026-06-02 15:36:14,754 [accessibility_filter] DEBUG: REMOVED: chr20:30591196 C>A — not in accessible region
2026-06-02 15:36:14,754 [accessibility_filter] DEBUG: REMOVED: chr20:30591201 A>T — not in accessible region
2026-06-02 15:36:14,754 [accessibility_filter] DEBUG: REMOVED: chr20:30591636 A>G — not in accessible region
2026-06-02 15:36:14,754 [accessibility_filter] DEBUG: REMOVED: chr20:30593633 C>G — not in accessible region
2026-06-02 15:36:14,754 [accessibility_filter] DEBUG: KEPT: chr20:30595529 T>C
2026-06-02 15:36:14,754 [accessibility_filter] DEBUG: KEPT: chr20:30596253 G>A
2026-06-02 15:36:14,754 [accessibility_filter] DEBUG: KEPT: chr20:30597848 T>C
2026-06-02 15:36:14,754 [accessibility_filter] DEBUG: KEPT: chr20:30599843 G>T
2026-06-02 15:36:14,755 [accessibility_filter] DEBUG: KEPT: chr20:30600105 T>G
2026-06-02 15:36:14,755 [accessibility_filter] DEBUG: KEPT: chr20:30600202 C>T
2026-06-02 15:36:14,755 [accessibility_filter] DEBUG: REMOVED: chr20:30600763 A>T — not in accessible region
2026-06-02 15:36:14,755 [accessibility_filter] DEBUG: REMOVED: chr20:30602246 T>A — not in accessible region
2026-06-02 15:36:14,755 [accessibility_filter] DEBUG: KEPT: chr20:30602544 C>G
2026-06-02 15:36:14,755 [accessibility_filter] DEBUG: REMOVED: chr20:30603508 G>A — not in accessible region
2026-06-02 15:36:14,755 [accessibility_filter] DEBUG: KEPT: chr20:30603815 A>C
2026-06-02 15:36:14,755 [accessibility_filter] DEBUG: REMOVED: chr20:30604139 T>C — not in accessible region
2026-06-02 15:36:14,755 [accessibility_filter] DEBUG: KEPT: chr20:30608185 A>G
2026-06-02 15:36:14,755 [accessibility_filter] DEBUG: KEPT: chr20:30608418 C>T
2026-06-02 15:36:14,755 [accessibility_filter] DEBUG: KEPT: chr20:30609200 G>A
2026-06-02 15:36:14,755 [accessibility_filter] DEBUG: KEPT: chr20:30610175 G>A
2026-06-02 15:36:14,755 [accessibility_filter] DEBUG: KEPT: chr20:30611600 G>C
2026-06-02 15:36:14,755 [accessibility_filter] DEBUG: KEPT: chr20:30611737 T>C
2026-06-02 15:36:14,755 [accessibility_filter] DEBUG: KEPT: chr20:30612166 A>T
2026-06-02 15:36:14,755 [accessibility_filter] DEBUG: KEPT: chr20:30612175 C>T
2026-06-02 15:36:14,755 [accessibility_filter] DEBUG: KEPT: chr20:30615198 T>C
2026-06-02 15:36:14,755 [accessibility_filter] DEBUG: KEPT: chr20:30616244 T>C
2026-06-02 15:36:14,755 [accessibility_filter] DEBUG: REMOVED: chr20:30618398 C>G — not in accessible region
2026-06-02 15:36:14,755 [accessibility_filter] DEBUG: KEPT: chr20:30618933 A>G
2026-06-02 15:36:14,755 [accessibility_filter] DEBUG: KEPT: chr20:30619103 C>T
2026-06-02 15:36:14,755 [accessibility_filter] DEBUG: KEPT: chr20:30619268 C>T
2026-06-02 15:36:14,755 [accessibility_filter] DEBUG: REMOVED: chr20:30622839 C>T — not in accessible region
2026-06-02 15:36:14,755 [accessibility_filter] DEBUG: REMOVED: chr20:30623393 T>C — not in accessible region
2026-06-02 15:36:14,755 [accessibility_filter] DEBUG: REMOVED: chr20:30623524 C>G — not in accessible region
2026-06-02 15:36:14,755 [accessibility_filter] DEBUG: REMOVED: chr20:30624093 C>T — not in accessible region
2026-06-02 15:36:14,755 [accessibility_filter] DEBUG: REMOVED: chr20:30624656 C>T — not in accessible region
2026-06-02 15:36:14,755 [accessibility_filter] DEBUG: KEPT: chr20:30626506 T>C
2026-06-02 15:36:14,755 [accessibility_filter] DEBUG: KEPT: chr20:30627688 A>G
2026-06-02 15:36:14,755 [accessibility_filter] DEBUG: REMOVED: chr20:30628559 C>T — not in accessible region
2026-06-02 15:36:14,755 [accessibility_filter] DEBUG: REMOVED: chr20:30629493 G>A — not in accessible region
2026-06-02 15:36:14,755 [accessibility_filter] DEBUG: REMOVED: chr20:30630984 C>A — not in accessible region
2026-06-02 15:36:14,755 [accessibility_filter] DEBUG: REMOVED: chr20:30631602 C>G — not in accessible region
2026-06-02 15:36:14,755 [accessibility_filter] DEBUG: REMOVED: chr20:30632322 T>C — not in accessible region
2026-06-02 15:36:14,755 [accessibility_filter] DEBUG: REMOVED: chr20:30632341 T>C — not in accessible region
2026-06-02 15:36:14,755 [accessibility_filter] DEBUG: REMOVED: chr20:30636481 G>A — not in accessible region
2026-06-02 15:36:14,755 [accessibility_filter] DEBUG: REMOVED: chr20:30637095 T>C — not in accessible region
2026-06-02 15:36:14,755 [accessibility_filter] DEBUG: REMOVED: chr20:30638490 C>T — not in accessible region
2026-06-02 15:36:14,755 [accessibility_filter] DEBUG: REMOVED: chr20:30638506 A>G — not in accessible region
2026-06-02 15:36:14,755 [accessibility_filter] DEBUG: REMOVED: chr20:30639286 A>C — not in accessible region
2026-06-02 15:36:14,755 [accessibility_filter] DEBUG: REMOVED: chr20:30639493 T>C — not in accessible region
2026-06-02 15:36:14,755 [accessibility_filter] DEBUG: REMOVED: chr20:30641864 C>G — not in accessible region
2026-06-02 15:36:14,755 [accessibility_filter] DEBUG: REMOVED: chr20:30641869 C>T — not in accessible region
2026-06-02 15:36:14,755 [accessibility_filter] DEBUG: REMOVED: chr20:30641973 G>A — not in accessible region
2026-06-02 15:36:14,755 [accessibility_filter] DEBUG: REMOVED: chr20:30642802 T>C — not in accessible region
2026-06-02 15:36:14,755 [accessibility_filter] DEBUG: REMOVED: chr20:30644334 C>G — not in accessible region
2026-06-02 15:36:14,755 [accessibility_filter] DEBUG: REMOVED: chr20:30646691 T>C — not in accessible region
2026-06-02 15:36:14,755 [accessibility_filter] DEBUG: REMOVED: chr20:30648705 A>G — not in accessible region
2026-06-02 15:36:14,755 [accessibility_filter] DEBUG: REMOVED: chr20:30648865 G>A — not in accessible region
2026-06-02 15:36:14,755 [accessibility_filter] DEBUG: REMOVED: chr20:30649975 A>G — not in accessible region
2026-06-02 15:36:14,755 [accessibility_filter] DEBUG: KEPT: chr20:30650293 T>C
2026-06-02 15:36:14,755 [accessibility_filter] DEBUG: REMOVED: chr20:30650326 C>T — not in accessible region
2026-06-02 15:36:14,755 [accessibility_filter] DEBUG: REMOVED: chr20:30652638 C>T — not in accessible region
2026-06-02 15:36:14,755 [accessibility_filter] DEBUG: REMOVED: chr20:30652728 T>C — not in accessible region
2026-06-02 15:36:14,755 [accessibility_filter] DEBUG: REMOVED: chr20:30653045 C>T — not in accessible region
2026-06-02 15:36:14,755 [accessibility_filter] DEBUG: REMOVED: chr20:30657065 G>A — not in accessible region
2026-06-02 15:36:14,755 [accessibility_filter] DEBUG: REMOVED: chr20:30657535 A>G — not in accessible region
2026-06-02 15:36:14,755 [accessibility_filter] DEBUG: REMOVED: chr20:30657782 C>G — not in accessible region
2026-06-02 15:36:14,755 [accessibility_filter] DEBUG: REMOVED: chr20:30658018 T>C — not in accessible region
2026-06-02 15:36:14,755 [accessibility_filter] DEBUG: REMOVED: chr20:30658084 A>G — not in accessible region
2026-06-02 15:36:14,755 [accessibility_filter] DEBUG: REMOVED: chr20:30658437 T>G — not in accessible region
2026-06-02 15:36:14,755 [accessibility_filter] DEBUG: REMOVED: chr20:30658859 T>A — not in accessible region
2026-06-02 15:36:14,756 [accessibility_filter] DEBUG: REMOVED: chr20:30658915 C>A — not in accessible region
2026-06-02 15:36:14,756 [accessibility_filter] DEBUG: REMOVED: chr20:30659992 G>A — not in accessible region
2026-06-02 15:36:14,756 [accessibility_filter] DEBUG: REMOVED: chr20:30660070 T>C — not in accessible region
2026-06-02 15:36:14,756 [accessibility_filter] DEBUG: REMOVED: chr20:30660663 A>C — not in accessible region
2026-06-02 15:36:14,756 [accessibility_filter] DEBUG: REMOVED: chr20:30660840 T>C — not in accessible region
2026-06-02 15:36:14,756 [accessibility_filter] DEBUG: REMOVED: chr20:30661714 A>T — not in accessible region
2026-06-02 15:36:14,756 [accessibility_filter] DEBUG: REMOVED: chr20:30663169 A>T — not in accessible region
2026-06-02 15:36:14,756 [accessibility_filter] DEBUG: REMOVED: chr20:30664610 G>A — not in accessible region
2026-06-02 15:36:14,756 [accessibility_filter] DEBUG: REMOVED: chr20:30665538 G>T — not in accessible region
2026-06-02 15:36:14,756 [accessibility_filter] DEBUG: REMOVED: chr20:30665973 A>G — not in accessible region
2026-06-02 15:36:14,756 [accessibility_filter] DEBUG: KEPT: chr20:30666991 C>G
2026-06-02 15:36:14,756 [accessibility_filter] DEBUG: KEPT: chr20:30667045 C>A
2026-06-02 15:36:14,756 [accessibility_filter] DEBUG: REMOVED: chr20:30667346 C>T — not in accessible region
2026-06-02 15:36:14,756 [accessibility_filter] DEBUG: REMOVED: chr20:30667826 A>G — not in accessible region
2026-06-02 15:36:14,756 [accessibility_filter] DEBUG: KEPT: chr20:30667897 G>T
2026-06-02 15:36:14,756 [accessibility_filter] DEBUG: REMOVED: chr20:30668070 A>G — not in accessible region
2026-06-02 15:36:14,756 [accessibility_filter] DEBUG: REMOVED: chr20:30668444 G>A — not in accessible region
2026-06-02 15:36:14,756 [accessibility_filter] DEBUG: REMOVED: chr20:30668450 A>G — not in accessible region
2026-06-02 15:36:14,756 [accessibility_filter] DEBUG: REMOVED: chr20:30668989 T>A — not in accessible region
2026-06-02 15:36:14,756 [accessibility_filter] DEBUG: REMOVED: chr20:30670087 A>G — not in accessible region
2026-06-02 15:36:14,756 [accessibility_filter] DEBUG: KEPT: chr20:30670248 C>T
2026-06-02 15:36:14,756 [accessibility_filter] DEBUG: KEPT: chr20:30670815 A>G
2026-06-02 15:36:14,756 [accessibility_filter] DEBUG: KEPT: chr20:30672323 G>A
2026-06-02 15:36:14,756 [accessibility_filter] DEBUG: KEPT: chr20:30672329 G>A
2026-06-02 15:36:14,756 [accessibility_filter] DEBUG: KEPT: chr20:30673056 A>T
2026-06-02 15:36:14,756 [accessibility_filter] DEBUG: REMOVED: chr20:30673242 T>A — not in accessible region
2026-06-02 15:36:14,756 [accessibility_filter] DEBUG: REMOVED: chr20:30673327 A>G — not in accessible region
2026-06-02 15:36:14,756 [accessibility_filter] DEBUG: REMOVED: chr20:30673514 T>C — not in accessible region
2026-06-02 15:36:14,756 [accessibility_filter] DEBUG: REMOVED: chr20:30673519 A>G — not in accessible region
2026-06-02 15:36:14,756 [accessibility_filter] DEBUG: REMOVED: chr20:30675841 C>G — not in accessible region
2026-06-02 15:36:14,756 [accessibility_filter] DEBUG: REMOVED: chr20:30676434 G>C — not in accessible region
2026-06-02 15:36:14,756 [accessibility_filter] DEBUG: REMOVED: chr20:30677030 A>C — not in accessible region
2026-06-02 15:36:14,756 [accessibility_filter] DEBUG: REMOVED: chr20:30677714 C>T — not in accessible region
2026-06-02 15:36:14,756 [accessibility_filter] DEBUG: KEPT: chr20:30678425 A>G
2026-06-02 15:36:14,756 [accessibility_filter] DEBUG: REMOVED: chr20:30679864 G>A — not in accessible region
2026-06-02 15:36:14,756 [accessibility_filter] DEBUG: REMOVED: chr20:30680136 T>A — not in accessible region
2026-06-02 15:36:14,756 [accessibility_filter] DEBUG: KEPT: chr20:30680215 T>C
2026-06-02 15:36:14,756 [accessibility_filter] DEBUG: REMOVED: chr20:30682633 G>A — not in accessible region
2026-06-02 15:36:14,756 [accessibility_filter] DEBUG: KEPT: chr20:30682901 A>G
2026-06-02 15:36:14,756 [accessibility_filter] DEBUG: REMOVED: chr20:30684400 A>T — not in accessible region
2026-06-02 15:36:14,756 [accessibility_filter] DEBUG: REMOVED: chr20:30684459 T>C — not in accessible region
2026-06-02 15:36:14,756 [accessibility_filter] DEBUG: REMOVED: chr20:30685943 A>G — not in accessible region
2026-06-02 15:36:14,756 [accessibility_filter] DEBUG: REMOVED: chr20:30686332 C>T — not in accessible region
2026-06-02 15:36:14,756 [accessibility_filter] DEBUG: REMOVED: chr20:30686345 T>C — not in accessible region
2026-06-02 15:36:14,756 [accessibility_filter] DEBUG: REMOVED: chr20:30686606 C>T — not in accessible region
2026-06-02 15:36:14,756 [accessibility_filter] DEBUG: REMOVED: chr20:30687458 T>C — not in accessible region
2026-06-02 15:36:14,756 [accessibility_filter] DEBUG: KEPT: chr20:30688039 A>G
2026-06-02 15:36:14,756 [accessibility_filter] DEBUG: REMOVED: chr20:30688320 G>A — not in accessible region
2026-06-02 15:36:14,756 [accessibility_filter] DEBUG: KEPT: chr20:30688744 C>T
2026-06-02 15:36:14,756 [accessibility_filter] DEBUG: REMOVED: chr20:30688872 G>A — not in accessible region
2026-06-02 15:36:14,756 [accessibility_filter] DEBUG: REMOVED: chr20:30689022 G>A — not in accessible region
2026-06-02 15:36:14,756 [accessibility_filter] DEBUG: REMOVED: chr20:30689534 T>A — not in accessible region
2026-06-02 15:36:14,756 [accessibility_filter] DEBUG: REMOVED: chr20:30690039 A>G — not in accessible region
2026-06-02 15:36:14,756 [accessibility_filter] DEBUG: REMOVED: chr20:30690056 G>C — not in accessible region
2026-06-02 15:36:14,756 [accessibility_filter] DEBUG: KEPT: chr20:30691021 A>C
2026-06-02 15:36:14,756 [accessibility_filter] DEBUG: REMOVED: chr20:30691510 G>A — not in accessible region
2026-06-02 15:36:14,756 [accessibility_filter] DEBUG: REMOVED: chr20:30692101 T>C — not in accessible region
2026-06-02 15:36:14,756 [accessibility_filter] DEBUG: REMOVED: chr20:30692336 T>C — not in accessible region
2026-06-02 15:36:14,756 [accessibility_filter] DEBUG: REMOVED: chr20:30693826 T>A — not in accessible region
2026-06-02 15:36:14,756 [accessibility_filter] DEBUG: REMOVED: chr20:30694776 C>T — not in accessible region
2026-06-02 15:36:14,756 [accessibility_filter] DEBUG: REMOVED: chr20:30695568 A>C — not in accessible region
2026-06-02 15:36:14,756 [accessibility_filter] DEBUG: REMOVED: chr20:30695918 T>A — not in accessible region
2026-06-02 15:36:14,756 [accessibility_filter] DEBUG: REMOVED: chr20:30696236 C>T — not in accessible region
2026-06-02 15:36:14,757 [accessibility_filter] DEBUG: REMOVED: chr20:30696550 G>A — not in accessible region
2026-06-02 15:36:14,757 [accessibility_filter] DEBUG: REMOVED: chr20:30696711 A>G — not in accessible region
2026-06-02 15:36:14,757 [accessibility_filter] DEBUG: KEPT: chr20:30696996 A>G
2026-06-02 15:36:14,757 [accessibility_filter] DEBUG: REMOVED: chr20:30697466 C>T — not in accessible region
2026-06-02 15:36:14,757 [accessibility_filter] DEBUG: REMOVED: chr20:30698688 A>G — not in accessible region
2026-06-02 15:36:14,757 [accessibility_filter] DEBUG: REMOVED: chr20:30699701 T>C — not in accessible region
2026-06-02 15:36:14,757 [accessibility_filter] DEBUG: REMOVED: chr20:30699940 G>A — not in accessible region
2026-06-02 15:36:14,757 [accessibility_filter] DEBUG: REMOVED: chr20:30700217 C>T — not in accessible region
2026-06-02 15:36:14,757 [accessibility_filter] DEBUG: REMOVED: chr20:30700617 C>A — not in accessible region
2026-06-02 15:36:14,757 [accessibility_filter] DEBUG: REMOVED: chr20:30701685 A>G — not in accessible region
2026-06-02 15:36:14,757 [accessibility_filter] DEBUG: REMOVED: chr20:30702622 C>T — not in accessible region
2026-06-02 15:36:14,757 [accessibility_filter] DEBUG: REMOVED: chr20:30703058 T>C — not in accessible region
2026-06-02 15:36:14,757 [accessibility_filter] DEBUG: REMOVED: chr20:30703350 G>A — not in accessible region
2026-06-02 15:36:14,757 [accessibility_filter] DEBUG: REMOVED: chr20:30703908 T>C — not in accessible region
2026-06-02 15:36:14,757 [accessibility_filter] DEBUG: REMOVED: chr20:30704368 G>A — not in accessible region
2026-06-02 15:36:14,757 [accessibility_filter] DEBUG: REMOVED: chr20:30704832 T>G — not in accessible region
2026-06-02 15:36:14,757 [accessibility_filter] DEBUG: REMOVED: chr20:30704937 C>T — not in accessible region
2026-06-02 15:36:14,757 [accessibility_filter] DEBUG: KEPT: chr20:30705201 A>C
2026-06-02 15:36:14,757 [accessibility_filter] DEBUG: REMOVED: chr20:30705275 A>G — not in accessible region
2026-06-02 15:36:14,757 [accessibility_filter] DEBUG: REMOVED: chr20:30705785 G>T — not in accessible region
2026-06-02 15:36:14,757 [accessibility_filter] DEBUG: REMOVED: chr20:30706076 G>A — not in accessible region
2026-06-02 15:36:14,757 [accessibility_filter] DEBUG: KEPT: chr20:30708852 G>A
2026-06-02 15:36:14,757 [accessibility_filter] DEBUG: REMOVED: chr20:30708946 T>C — not in accessible region
2026-06-02 15:36:14,757 [accessibility_filter] DEBUG: REMOVED: chr20:30711168 C>G — not in accessible region
2026-06-02 15:36:14,757 [accessibility_filter] DEBUG: REMOVED: chr20:30711298 C>A — not in accessible region
2026-06-02 15:36:14,757 [accessibility_filter] DEBUG: REMOVED: chr20:30712149 G>T — not in accessible region
2026-06-02 15:36:14,757 [accessibility_filter] DEBUG: REMOVED: chr20:30712690 A>G — not in accessible region
2026-06-02 15:36:14,757 [accessibility_filter] DEBUG: REMOVED: chr20:30713716 C>G — not in accessible region
2026-06-02 15:36:14,757 [accessibility_filter] DEBUG: KEPT: chr20:30714047 A>T
2026-06-02 15:36:14,757 [accessibility_filter] DEBUG: REMOVED: chr20:30714159 G>C — not in accessible region
2026-06-02 15:36:14,757 [accessibility_filter] DEBUG: REMOVED: chr20:30714426 A>G — not in accessible region
2026-06-02 15:36:14,757 [accessibility_filter] DEBUG: KEPT: chr20:30714778 C>T
2026-06-02 15:36:14,757 [accessibility_filter] DEBUG: REMOVED: chr20:30714848 T>C — not in accessible region
2026-06-02 15:36:14,757 [accessibility_filter] DEBUG: REMOVED: chr20:30715381 C>T — not in accessible region
2026-06-02 15:36:14,757 [accessibility_filter] DEBUG: KEPT: chr20:30715643 C>T
2026-06-02 15:36:14,757 [accessibility_filter] DEBUG: REMOVED: chr20:30716324 C>T — not in accessible region
2026-06-02 15:36:14,757 [accessibility_filter] DEBUG: KEPT: chr20:30718413 G>T
2026-06-02 15:36:14,757 [accessibility_filter] DEBUG: REMOVED: chr20:30719106 A>C — not in accessible region
2026-06-02 15:36:14,757 [accessibility_filter] DEBUG: KEPT: chr20:30719547 G>T
2026-06-02 15:36:14,757 [accessibility_filter] DEBUG: REMOVED: chr20:30720589 T>A — not in accessible region
2026-06-02 15:36:14,757 [accessibility_filter] DEBUG: REMOVED: chr20:30721028 A>G — not in accessible region
2026-06-02 15:36:14,757 [accessibility_filter] DEBUG: KEPT: chr20:30721247 T>C
2026-06-02 15:36:14,757 [accessibility_filter] DEBUG: REMOVED: chr20:30722279 A>G — not in accessible region
2026-06-02 15:36:14,757 [accessibility_filter] DEBUG: REMOVED: chr20:30722589 A>G — not in accessible region
2026-06-02 15:36:14,757 [accessibility_filter] DEBUG: REMOVED: chr20:30723271 T>C — not in accessible region
2026-06-02 15:36:14,757 [accessibility_filter] DEBUG: KEPT: chr20:30723568 C>A
2026-06-02 15:36:14,757 [accessibility_filter] DEBUG: REMOVED: chr20:30723884 T>C — not in accessible region
2026-06-02 15:36:14,757 [accessibility_filter] DEBUG: REMOVED: chr20:30723968 T>C — not in accessible region
2026-06-02 15:36:14,757 [accessibility_filter] DEBUG: REMOVED: chr20:30724542 C>A — not in accessible region
2026-06-02 15:36:14,757 [accessibility_filter] DEBUG: KEPT: chr20:30724634 C>A
2026-06-02 15:36:14,757 [accessibility_filter] DEBUG: REMOVED: chr20:30725971 A>G — not in accessible region
2026-06-02 15:36:14,757 [accessibility_filter] DEBUG: REMOVED: chr20:30726720 C>G — not in accessible region
2026-06-02 15:36:14,757 [accessibility_filter] DEBUG: REMOVED: chr20:30727676 A>T — not in accessible region
2026-06-02 15:36:14,757 [accessibility_filter] DEBUG: REMOVED: chr20:30727753 T>G — not in accessible region
2026-06-02 15:36:14,757 [accessibility_filter] DEBUG: REMOVED: chr20:30728309 A>C — not in accessible region
2026-06-02 15:36:14,757 [accessibility_filter] DEBUG: REMOVED: chr20:30728928 C>G — not in accessible region
2026-06-02 15:36:14,757 [accessibility_filter] DEBUG: REMOVED: chr20:30729023 C>T — not in accessible region
2026-06-02 15:36:14,757 [accessibility_filter] DEBUG: REMOVED: chr20:30729065 C>A — not in accessible region
2026-06-02 15:36:14,757 [accessibility_filter] DEBUG: REMOVED: chr20:30729791 C>T — not in accessible region
2026-06-02 15:36:14,757 [accessibility_filter] DEBUG: KEPT: chr20:30730866 T>C
2026-06-02 15:36:14,757 [accessibility_filter] DEBUG: REMOVED: chr20:30731967 T>C — not in accessible region
2026-06-02 15:36:14,757 [accessibility_filter] DEBUG: REMOVED: chr20:30732469 C>A — not in accessible region
2026-06-02 15:36:14,757 [accessibility_filter] DEBUG: REMOVED: chr20:30732711 G>T — not in accessible region
2026-06-02 15:36:14,758 [accessibility_filter] DEBUG: REMOVED: chr20:30732726 A>G — not in accessible region
2026-06-02 15:36:14,758 [accessibility_filter] DEBUG: REMOVED: chr20:30733054 C>G — not in accessible region
2026-06-02 15:36:14,758 [accessibility_filter] DEBUG: REMOVED: chr20:30733148 A>T — not in accessible region
2026-06-02 15:36:14,758 [accessibility_filter] DEBUG: REMOVED: chr20:30733163 A>G — not in accessible region
2026-06-02 15:36:14,758 [accessibility_filter] DEBUG: REMOVED: chr20:30733778 C>A — not in accessible region
2026-06-02 15:36:14,758 [accessibility_filter] DEBUG: REMOVED: chr20:30733834 C>T — not in accessible region
2026-06-02 15:36:14,758 [accessibility_filter] DEBUG: REMOVED: chr20:30734397 A>C — not in accessible region
2026-06-02 15:36:14,758 [accessibility_filter] DEBUG: REMOVED: chr20:30734446 A>G — not in accessible region
2026-06-02 15:36:14,758 [accessibility_filter] DEBUG: REMOVED: chr20:30734719 G>C — not in accessible region
2026-06-02 15:36:14,758 [accessibility_filter] DEBUG: REMOVED: chr20:30734935 G>A — not in accessible region
2026-06-02 15:36:14,758 [accessibility_filter] DEBUG: REMOVED: chr20:30736028 C>T — not in accessible region
2026-06-02 15:36:14,758 [accessibility_filter] DEBUG: REMOVED: chr20:30737801 T>G — not in accessible region
2026-06-02 15:36:14,758 [accessibility_filter] DEBUG: REMOVED: chr20:30738522 C>T — not in accessible region
2026-06-02 15:36:14,758 [accessibility_filter] DEBUG: REMOVED: chr20:30738964 A>C — not in accessible region
2026-06-02 15:36:14,758 [accessibility_filter] DEBUG: KEPT: chr20:30739318 G>T
2026-06-02 15:36:14,758 [accessibility_filter] DEBUG: REMOVED: chr20:30739702 G>A — not in accessible region
2026-06-02 15:36:14,758 [accessibility_filter] DEBUG: REMOVED: chr20:30740225 T>A — not in accessible region
2026-06-02 15:36:14,758 [accessibility_filter] DEBUG: REMOVED: chr20:30740269 A>G — not in accessible region
2026-06-02 15:36:14,758 [accessibility_filter] DEBUG: REMOVED: chr20:30740579 C>A — not in accessible region
2026-06-02 15:36:14,758 [accessibility_filter] DEBUG: REMOVED: chr20:30740887 C>T — not in accessible region
2026-06-02 15:36:14,758 [accessibility_filter] DEBUG: REMOVED: chr20:30740940 G>T — not in accessible region
2026-06-02 15:36:14,758 [accessibility_filter] DEBUG: REMOVED: chr20:30741017 C>G — not in accessible region
2026-06-02 15:36:14,758 [accessibility_filter] DEBUG: REMOVED: chr20:30743074 G>A — not in accessible region
2026-06-02 15:36:14,758 [accessibility_filter] DEBUG: REMOVED: chr20:30743244 G>T — not in accessible region
2026-06-02 15:36:14,758 [accessibility_filter] DEBUG: REMOVED: chr20:30743597 G>A — not in accessible region
2026-06-02 15:36:14,758 [accessibility_filter] DEBUG: REMOVED: chr20:30743639 A>G — not in accessible region
2026-06-02 15:36:14,758 [accessibility_filter] DEBUG: REMOVED: chr20:30744157 C>A — not in accessible region
2026-06-02 15:36:14,758 [accessibility_filter] DEBUG: REMOVED: chr20:30744277 G>A — not in accessible region
2026-06-02 15:36:14,758 [accessibility_filter] DEBUG: REMOVED: chr20:30744284 A>G — not in accessible region
2026-06-02 15:36:14,758 [accessibility_filter] DEBUG: REMOVED: chr20:30744492 T>C — not in accessible region
2026-06-02 15:36:14,758 [accessibility_filter] DEBUG: REMOVED: chr20:30744732 T>C — not in accessible region
2026-06-02 15:36:14,758 [accessibility_filter] DEBUG: REMOVED: chr20:30744853 A>G — not in accessible region
2026-06-02 15:36:14,758 [accessibility_filter] DEBUG: REMOVED: chr20:30745236 A>T — not in accessible region
2026-06-02 15:36:14,758 [accessibility_filter] DEBUG: REMOVED: chr20:30745299 G>A — not in accessible region
2026-06-02 15:36:14,758 [accessibility_filter] DEBUG: REMOVED: chr20:30745721 T>C — not in accessible region
2026-06-02 15:36:14,758 [accessibility_filter] DEBUG: REMOVED: chr20:30746216 C>T — not in accessible region
2026-06-02 15:36:14,758 [accessibility_filter] DEBUG: REMOVED: chr20:30746665 A>G — not in accessible region
2026-06-02 15:36:14,758 [accessibility_filter] DEBUG: REMOVED: chr20:30747091 T>G — not in accessible region
2026-06-02 15:36:14,758 [accessibility_filter] DEBUG: REMOVED: chr20:30747285 A>T — not in accessible region
2026-06-02 15:36:14,758 [accessibility_filter] DEBUG: REMOVED: chr20:30747816 A>G — not in accessible region
2026-06-02 15:36:14,758 [accessibility_filter] DEBUG: REMOVED: chr20:30748106 T>C — not in accessible region
2026-06-02 15:36:14,758 [accessibility_filter] DEBUG: REMOVED: chr20:30748362 C>T — not in accessible region
2026-06-02 15:36:14,758 [accessibility_filter] DEBUG: REMOVED: chr20:30748643 G>A — not in accessible region
2026-06-02 15:36:14,758 [accessibility_filter] DEBUG: REMOVED: chr20:30748795 G>T — not in accessible region
2026-06-02 15:36:14,758 [accessibility_filter] DEBUG: REMOVED: chr20:30749112 A>C — not in accessible region
2026-06-02 15:36:14,758 [accessibility_filter] DEBUG: REMOVED: chr20:30749285 T>C — not in accessible region
2026-06-02 15:36:14,758 [accessibility_filter] DEBUG: REMOVED: chr20:30749295 A>C — not in accessible region
2026-06-02 15:36:14,758 [accessibility_filter] DEBUG: REMOVED: chr20:30749981 G>A — not in accessible region
2026-06-02 15:36:14,758 [accessibility_filter] DEBUG: REMOVED: chr20:30750084 C>G — not in accessible region
2026-06-02 15:36:14,758 [accessibility_filter] DEBUG: REMOVED: chr20:30751143 C>T — not in accessible region
2026-06-02 15:36:14,758 [accessibility_filter] DEBUG: REMOVED: chr20:30751272 C>T — not in accessible region
2026-06-02 15:36:14,758 [accessibility_filter] DEBUG: REMOVED: chr20:30751377 C>T — not in accessible region
2026-06-02 15:36:14,758 [accessibility_filter] DEBUG: REMOVED: chr20:30752494 G>C — not in accessible region
2026-06-02 15:36:14,758 [accessibility_filter] DEBUG: REMOVED: chr20:30754337 A>G — not in accessible region
2026-06-02 15:36:14,758 [accessibility_filter] DEBUG: REMOVED: chr20:30754542 A>G — not in accessible region
2026-06-02 15:36:14,758 [accessibility_filter] DEBUG: REMOVED: chr20:30754667 A>T — not in accessible region
2026-06-02 15:36:14,758 [accessibility_filter] DEBUG: REMOVED: chr20:30755314 A>G — not in accessible region
2026-06-02 15:36:14,758 [accessibility_filter] DEBUG: REMOVED: chr20:30755567 G>A — not in accessible region
2026-06-02 15:36:14,758 [accessibility_filter] DEBUG: REMOVED: chr20:30755659 A>T — not in accessible region
2026-06-02 15:36:14,758 [accessibility_filter] DEBUG: REMOVED: chr20:30756061 G>C — not in accessible region
2026-06-02 15:36:14,758 [accessibility_filter] DEBUG: KEPT: chr20:30756476 G>A
2026-06-02 15:36:14,758 [accessibility_filter] DEBUG: REMOVED: chr20:30757223 T>G — not in accessible region
2026-06-02 15:36:14,758 [accessibility_filter] DEBUG: REMOVED: chr20:30757303 T>C — not in accessible region
2026-06-02 15:36:14,759 [accessibility_filter] DEBUG: REMOVED: chr20:30757793 T>C — not in accessible region
2026-06-02 15:36:14,759 [accessibility_filter] DEBUG: REMOVED: chr20:30758325 G>T — not in accessible region
2026-06-02 15:36:14,759 [accessibility_filter] DEBUG: REMOVED: chr20:30758412 A>G — not in accessible region
2026-06-02 15:36:14,759 [accessibility_filter] DEBUG: REMOVED: chr20:30759132 G>C — not in accessible region
2026-06-02 15:36:14,759 [accessibility_filter] DEBUG: REMOVED: chr20:30759564 G>A — not in accessible region
2026-06-02 15:36:14,759 [accessibility_filter] DEBUG: REMOVED: chr20:30759981 G>T — not in accessible region
2026-06-02 15:36:14,759 [accessibility_filter] DEBUG: REMOVED: chr20:30760082 A>T — not in accessible region
2026-06-02 15:36:14,759 [accessibility_filter] DEBUG: REMOVED: chr20:30760109 C>A — not in accessible region
2026-06-02 15:36:14,759 [accessibility_filter] DEBUG: REMOVED: chr20:30760278 G>A — not in accessible region
2026-06-02 15:36:14,759 [accessibility_filter] DEBUG: REMOVED: chr20:30760477 G>A — not in accessible region
2026-06-02 15:36:14,759 [accessibility_filter] DEBUG: REMOVED: chr20:30760626 T>C — not in accessible region
2026-06-02 15:36:14,759 [accessibility_filter] DEBUG: REMOVED: chr20:30760746 C>T — not in accessible region
2026-06-02 15:36:14,759 [accessibility_filter] DEBUG: REMOVED: chr20:30760768 A>G — not in accessible region
2026-06-02 15:36:14,759 [accessibility_filter] DEBUG: REMOVED: chr20:30761442 G>A — not in accessible region
2026-06-02 15:36:14,759 [accessibility_filter] DEBUG: REMOVED: chr20:30761804 G>A — not in accessible region
2026-06-02 15:36:14,759 [accessibility_filter] DEBUG: REMOVED: chr20:30817833 A>G — not in accessible region
2026-06-02 15:36:14,759 [accessibility_filter] DEBUG: REMOVED: chr20:30817860 T>G — not in accessible region
2026-06-02 15:36:14,759 [accessibility_filter] DEBUG: REMOVED: chr20:30822080 A>C — not in accessible region
2026-06-02 15:36:14,759 [accessibility_filter] DEBUG: REMOVED: chr20:30822102 T>C — not in accessible region
2026-06-02 15:36:14,759 [accessibility_filter] DEBUG: REMOVED: chr20:30823948 G>A — not in accessible region
2026-06-02 15:36:14,759 [accessibility_filter] DEBUG: REMOVED: chr20:30823977 C>T — not in accessible region
2026-06-02 15:36:14,759 [accessibility_filter] DEBUG: REMOVED: chr20:30825887 G>A — not in accessible region
2026-06-02 15:36:14,759 [accessibility_filter] DEBUG: REMOVED: chr20:30829571 C>T — not in accessible region
2026-06-02 15:36:14,759 [accessibility_filter] DEBUG: REMOVED: chr20:30829595 A>G — not in accessible region
2026-06-02 15:36:14,759 [accessibility_filter] DEBUG: REMOVED: chr20:30834905 C>T — not in accessible region
2026-06-02 15:36:14,759 [accessibility_filter] DEBUG: REMOVED: chr20:30836256 T>C — not in accessible region
2026-06-02 15:36:14,759 [accessibility_filter] DEBUG: REMOVED: chr20:30836276 G>A — not in accessible region
2026-06-02 15:36:14,759 [accessibility_filter] DEBUG: REMOVED: chr20:30841499 A>G — not in accessible region
2026-06-02 15:36:14,759 [accessibility_filter] DEBUG: REMOVED: chr20:30841634 C>T — not in accessible region
2026-06-02 15:36:14,759 [accessibility_filter] DEBUG: REMOVED: chr20:30842059 T>C — not in accessible region
2026-06-02 15:36:14,759 [accessibility_filter] DEBUG: REMOVED: chr20:30842069 G>A — not in accessible region
2026-06-02 15:36:14,759 [accessibility_filter] DEBUG: REMOVED: chr20:30842989 C>A — not in accessible region
2026-06-02 15:36:14,759 [accessibility_filter] DEBUG: REMOVED: chr20:30846113 T>C — not in accessible region
2026-06-02 15:36:14,759 [accessibility_filter] DEBUG: REMOVED: chr20:30846875 G>A — not in accessible region
2026-06-02 15:36:14,759 [accessibility_filter] DEBUG: REMOVED: chr20:30846997 G>T — not in accessible region
2026-06-02 15:36:14,759 [accessibility_filter] DEBUG: REMOVED: chr20:30847205 T>G — not in accessible region
2026-06-02 15:36:14,759 [accessibility_filter] DEBUG: REMOVED: chr20:30847615 T>C — not in accessible region
2026-06-02 15:36:14,759 [accessibility_filter] DEBUG: REMOVED: chr20:30847880 A>T — not in accessible region
2026-06-02 15:36:14,759 [accessibility_filter] DEBUG: REMOVED: chr20:30854608 C>A — not in accessible region
2026-06-02 15:36:14,759 [accessibility_filter] DEBUG: REMOVED: chr20:30854675 C>T — not in accessible region
2026-06-02 15:36:14,759 [accessibility_filter] DEBUG: REMOVED: chr20:30855069 A>C — not in accessible region
2026-06-02 15:36:14,759 [accessibility_filter] DEBUG: REMOVED: chr20:30856183 G>C — not in accessible region
2026-06-02 15:36:14,759 [accessibility_filter] DEBUG: REMOVED: chr20:30856546 A>T — not in accessible region
2026-06-02 15:36:14,759 [accessibility_filter] DEBUG: REMOVED: chr20:30863544 C>T — not in accessible region
2026-06-02 15:36:14,759 [accessibility_filter] DEBUG: REMOVED: chr20:30866348 C>T — not in accessible region
2026-06-02 15:36:14,759 [accessibility_filter] DEBUG: REMOVED: chr20:30868278 A>G — not in accessible region
2026-06-02 15:36:14,759 [accessibility_filter] DEBUG: REMOVED: chr20:30868553 G>C — not in accessible region
2026-06-02 15:36:14,759 [accessibility_filter] DEBUG: REMOVED: chr20:30871118 A>G — not in accessible region
2026-06-02 15:36:14,759 [accessibility_filter] DEBUG: REMOVED: chr20:30871550 C>T — not in accessible region
2026-06-02 15:36:14,759 [accessibility_filter] DEBUG: REMOVED: chr20:30872129 C>T — not in accessible region
2026-06-02 15:36:14,759 [accessibility_filter] DEBUG: REMOVED: chr20:30872167 G>A — not in accessible region
2026-06-02 15:36:14,759 [accessibility_filter] DEBUG: REMOVED: chr20:30873124 T>C — not in accessible region
2026-06-02 15:36:14,759 [accessibility_filter] DEBUG: REMOVED: chr20:30873166 C>G — not in accessible region
2026-06-02 15:36:14,759 [accessibility_filter] DEBUG: REMOVED: chr20:30873693 G>A — not in accessible region
2026-06-02 15:36:14,759 [accessibility_filter] DEBUG: REMOVED: chr20:30874643 C>G — not in accessible region
2026-06-02 15:36:14,759 [accessibility_filter] DEBUG: REMOVED: chr20:30874701 A>G — not in accessible region
2026-06-02 15:36:14,759 [accessibility_filter] DEBUG: REMOVED: chr20:30874905 G>A — not in accessible region
2026-06-02 15:36:14,759 [accessibility_filter] DEBUG: REMOVED: chr20:30877863 A>G — not in accessible region
2026-06-02 15:36:14,759 [accessibility_filter] DEBUG: REMOVED: chr20:30882970 T>C — not in accessible region
2026-06-02 15:36:14,759 [accessibility_filter] DEBUG: REMOVED: chr20:30884153 C>G — not in accessible region
2026-06-02 15:36:14,759 [accessibility_filter] DEBUG: REMOVED: chr20:30884270 G>A — not in accessible region
2026-06-02 15:36:14,759 [accessibility_filter] DEBUG: REMOVED: chr20:30884313 G>A — not in accessible region
2026-06-02 15:36:14,759 [accessibility_filter] DEBUG: REMOVED: chr20:30885581 G>A — not in accessible region
2026-06-02 15:36:14,759 [accessibility_filter] DEBUG: REMOVED: chr20:30886403 G>A — not in accessible region
2026-06-02 15:36:14,760 [accessibility_filter] DEBUG: REMOVED: chr20:30886511 T>A — not in accessible region
2026-06-02 15:36:14,760 [accessibility_filter] DEBUG: REMOVED: chr20:30888504 A>G — not in accessible region
2026-06-02 15:36:14,760 [accessibility_filter] DEBUG: REMOVED: chr20:30889378 C>T — not in accessible region
2026-06-02 15:36:14,760 [accessibility_filter] DEBUG: REMOVED: chr20:30889785 T>G — not in accessible region
2026-06-02 15:36:14,760 [accessibility_filter] DEBUG: REMOVED: chr20:30890635 G>A — not in accessible region
2026-06-02 15:36:14,760 [accessibility_filter] DEBUG: REMOVED: chr20:30890696 G>A — not in accessible region
2026-06-02 15:36:14,760 [accessibility_filter] DEBUG: REMOVED: chr20:30892125 C>G — not in accessible region
2026-06-02 15:36:14,760 [accessibility_filter] DEBUG: REMOVED: chr20:30892522 G>T — not in accessible region
2026-06-02 15:36:14,760 [accessibility_filter] DEBUG: REMOVED: chr20:30893856 C>T — not in accessible region
2026-06-02 15:36:14,760 [accessibility_filter] DEBUG: REMOVED: chr20:30894276 G>C — not in accessible region
2026-06-02 15:36:14,760 [accessibility_filter] DEBUG: REMOVED: chr20:30894591 A>T — not in accessible region
2026-06-02 15:36:14,760 [accessibility_filter] DEBUG: REMOVED: chr20:30895179 T>C — not in accessible region
2026-06-02 15:36:14,760 [accessibility_filter] DEBUG: REMOVED: chr20:30897077 G>C — not in accessible region
2026-06-02 15:36:14,760 [accessibility_filter] DEBUG: REMOVED: chr20:30898121 G>A — not in accessible region
2026-06-02 15:36:14,760 [accessibility_filter] DEBUG: REMOVED: chr20:30898614 A>G — not in accessible region
2026-06-02 15:36:14,760 [accessibility_filter] DEBUG: REMOVED: chr20:30899757 C>T — not in accessible region
2026-06-02 15:36:14,760 [accessibility_filter] DEBUG: REMOVED: chr20:30900393 G>A — not in accessible region
2026-06-02 15:36:14,760 [accessibility_filter] DEBUG: REMOVED: chr20:30900935 A>C — not in accessible region
2026-06-02 15:36:14,760 [accessibility_filter] DEBUG: REMOVED: chr20:30902568 T>C — not in accessible region
2026-06-02 15:36:14,760 [accessibility_filter] DEBUG: REMOVED: chr20:30905375 A>G — not in accessible region
2026-06-02 15:36:14,760 [accessibility_filter] DEBUG: REMOVED: chr20:30906076 G>A — not in accessible region
2026-06-02 15:36:14,760 [accessibility_filter] DEBUG: REMOVED: chr20:30906313 T>A — not in accessible region
2026-06-02 15:36:14,760 [accessibility_filter] DEBUG: REMOVED: chr20:30906550 G>C — not in accessible region
2026-06-02 15:36:14,760 [accessibility_filter] DEBUG: KEPT: chr20:30907291 C>A
2026-06-02 15:36:14,760 [accessibility_filter] DEBUG: REMOVED: chr20:30907588 T>C — not in accessible region
2026-06-02 15:36:14,760 [accessibility_filter] DEBUG: REMOVED: chr20:30908111 C>T — not in accessible region
2026-06-02 15:36:14,760 [accessibility_filter] DEBUG: REMOVED: chr20:30908509 C>T — not in accessible region
2026-06-02 15:36:14,760 [accessibility_filter] DEBUG: REMOVED: chr20:30909549 C>T — not in accessible region
2026-06-02 15:36:14,760 [accessibility_filter] DEBUG: REMOVED: chr20:30910322 C>G — not in accessible region
2026-06-02 15:36:14,760 [accessibility_filter] DEBUG: REMOVED: chr20:30910815 C>T — not in accessible region
2026-06-02 15:36:14,760 [accessibility_filter] DEBUG: REMOVED: chr20:30911084 G>C — not in accessible region
2026-06-02 15:36:14,760 [accessibility_filter] DEBUG: REMOVED: chr20:30911166 C>T — not in accessible region
2026-06-02 15:36:14,760 [accessibility_filter] DEBUG: REMOVED: chr20:30912557 A>G — not in accessible region
2026-06-02 15:36:14,760 [accessibility_filter] DEBUG: REMOVED: chr20:30913510 G>T — not in accessible region
2026-06-02 15:36:14,760 [accessibility_filter] DEBUG: REMOVED: chr20:30914298 T>G — not in accessible region
2026-06-02 15:36:14,760 [accessibility_filter] DEBUG: REMOVED: chr20:30914687 G>C — not in accessible region
2026-06-02 15:36:14,760 [accessibility_filter] DEBUG: REMOVED: chr20:30915197 G>A — not in accessible region
2026-06-02 15:36:14,760 [accessibility_filter] DEBUG: REMOVED: chr20:30915212 A>G — not in accessible region
2026-06-02 15:36:14,760 [accessibility_filter] DEBUG: REMOVED: chr20:30915598 C>G — not in accessible region
2026-06-02 15:36:14,760 [accessibility_filter] DEBUG: REMOVED: chr20:30915678 G>A — not in accessible region
2026-06-02 15:36:14,760 [accessibility_filter] DEBUG: REMOVED: chr20:30916658 T>G — not in accessible region
2026-06-02 15:36:14,760 [accessibility_filter] DEBUG: REMOVED: chr20:30916722 A>G — not in accessible region
2026-06-02 15:36:14,760 [accessibility_filter] DEBUG: REMOVED: chr20:30916854 G>T — not in accessible region
2026-06-02 15:36:14,760 [accessibility_filter] DEBUG: REMOVED: chr20:30917834 G>A — not in accessible region
2026-06-02 15:36:14,760 [accessibility_filter] DEBUG: REMOVED: chr20:30917877 A>G — not in accessible region
2026-06-02 15:36:14,760 [accessibility_filter] DEBUG: REMOVED: chr20:30919223 C>A — not in accessible region
2026-06-02 15:36:14,760 [accessibility_filter] DEBUG: REMOVED: chr20:30920367 T>C — not in accessible region
2026-06-02 15:36:14,760 [accessibility_filter] DEBUG: REMOVED: chr20:30921501 G>A — not in accessible region
2026-06-02 15:36:14,760 [accessibility_filter] DEBUG: REMOVED: chr20:30921892 T>G — not in accessible region
2026-06-02 15:36:14,760 [accessibility_filter] DEBUG: REMOVED: chr20:30922039 A>G — not in accessible region
2026-06-02 15:36:14,760 [accessibility_filter] DEBUG: REMOVED: chr20:30927460 T>C — not in accessible region
2026-06-02 15:36:14,760 [accessibility_filter] DEBUG: REMOVED: chr20:30930740 C>A — not in accessible region
2026-06-02 15:36:14,760 [accessibility_filter] DEBUG: REMOVED: chr20:30930751 A>T — not in accessible region
2026-06-02 15:36:14,760 [accessibility_filter] DEBUG: REMOVED: chr20:30931047 T>G — not in accessible region
2026-06-02 15:36:14,760 [accessibility_filter] DEBUG: REMOVED: chr20:30932912 G>T — not in accessible region
2026-06-02 15:36:14,760 [accessibility_filter] DEBUG: REMOVED: chr20:30933516 C>T — not in accessible region
2026-06-02 15:36:14,760 [accessibility_filter] DEBUG: REMOVED: chr20:30933517 C>T — not in accessible region
2026-06-02 15:36:14,760 [accessibility_filter] DEBUG: REMOVED: chr20:30934368 A>C — not in accessible region
2026-06-02 15:36:14,760 [accessibility_filter] DEBUG: REMOVED: chr20:30940260 G>A — not in accessible region
2026-06-02 15:36:14,760 [accessibility_filter] DEBUG: REMOVED: chr20:30940606 T>C — not in accessible region
2026-06-02 15:36:14,760 [accessibility_filter] DEBUG: REMOVED: chr20:30940622 G>A — not in accessible region
2026-06-02 15:36:14,760 [accessibility_filter] DEBUG: REMOVED: chr20:30940757 C>T — not in accessible region
2026-06-02 15:36:14,760 [accessibility_filter] DEBUG: REMOVED: chr20:30943877 A>G — not in accessible region
2026-06-02 15:36:14,761 [accessibility_filter] DEBUG: REMOVED: chr20:30943983 T>C — not in accessible region
2026-06-02 15:36:14,761 [accessibility_filter] DEBUG: REMOVED: chr20:30945712 T>C — not in accessible region
2026-06-02 15:36:14,761 [accessibility_filter] DEBUG: REMOVED: chr20:30946593 G>A — not in accessible region
2026-06-02 15:36:14,761 [accessibility_filter] DEBUG: REMOVED: chr20:30947049 C>G — not in accessible region
2026-06-02 15:36:14,761 [accessibility_filter] DEBUG: REMOVED: chr20:30947289 G>T — not in accessible region
2026-06-02 15:36:14,761 [accessibility_filter] DEBUG: REMOVED: chr20:30948044 G>A — not in accessible region
2026-06-02 15:36:14,761 [accessibility_filter] DEBUG: REMOVED: chr20:30948500 C>T — not in accessible region
2026-06-02 15:36:14,761 [accessibility_filter] DEBUG: REMOVED: chr20:30949151 C>T — not in accessible region
2026-06-02 15:36:14,761 [accessibility_filter] DEBUG: REMOVED: chr20:30949240 A>G — not in accessible region
2026-06-02 15:36:14,761 [accessibility_filter] DEBUG: REMOVED: chr20:30949436 G>A — not in accessible region
2026-06-02 15:36:14,761 [accessibility_filter] DEBUG: REMOVED: chr20:30949479 C>A — not in accessible region
2026-06-02 15:36:14,761 [accessibility_filter] DEBUG: REMOVED: chr20:30950598 A>T — not in accessible region
2026-06-02 15:36:14,761 [accessibility_filter] DEBUG: REMOVED: chr20:30951108 G>A — not in accessible region
2026-06-02 15:36:14,761 [accessibility_filter] DEBUG: REMOVED: chr20:30954427 C>T — not in accessible region
2026-06-02 15:36:14,761 [accessibility_filter] DEBUG: REMOVED: chr20:30955215 G>T — not in accessible region
2026-06-02 15:36:14,761 [accessibility_filter] DEBUG: REMOVED: chr20:30955602 A>G — not in accessible region
2026-06-02 15:36:14,761 [accessibility_filter] DEBUG: REMOVED: chr20:30956130 C>T — not in accessible region
2026-06-02 15:36:14,761 [accessibility_filter] DEBUG: REMOVED: chr20:30956642 T>A — not in accessible region
2026-06-02 15:36:14,761 [accessibility_filter] DEBUG: REMOVED: chr20:30957523 T>G — not in accessible region
2026-06-02 15:36:14,761 [accessibility_filter] DEBUG: REMOVED: chr20:30957574 T>A — not in accessible region
2026-06-02 15:36:14,761 [accessibility_filter] DEBUG: REMOVED: chr20:30958406 G>A — not in accessible region
2026-06-02 15:36:14,761 [accessibility_filter] DEBUG: REMOVED: chr20:30958632 T>G — not in accessible region
2026-06-02 15:36:14,761 [accessibility_filter] DEBUG: REMOVED: chr20:30959238 C>G — not in accessible region
2026-06-02 15:36:14,761 [accessibility_filter] DEBUG: KEPT: chr20:30959996 G>T
2026-06-02 15:36:14,761 [accessibility_filter] DEBUG: REMOVED: chr20:30960380 A>G — not in accessible region
2026-06-02 15:36:14,761 [accessibility_filter] DEBUG: REMOVED: chr20:30960693 C>G — not in accessible region
2026-06-02 15:36:14,761 [accessibility_filter] DEBUG: REMOVED: chr20:30960820 A>G — not in accessible region
2026-06-02 15:36:14,761 [accessibility_filter] DEBUG: REMOVED: chr20:30961292 C>G — not in accessible region
2026-06-02 15:36:14,761 [accessibility_filter] DEBUG: REMOVED: chr20:30961615 C>A — not in accessible region
2026-06-02 15:36:14,761 [accessibility_filter] DEBUG: REMOVED: chr20:30962555 A>G — not in accessible region
2026-06-02 15:36:14,761 [accessibility_filter] DEBUG: REMOVED: chr20:30963827 A>T — not in accessible region
2026-06-02 15:36:14,761 [accessibility_filter] DEBUG: REMOVED: chr20:30963957 C>T — not in accessible region
2026-06-02 15:36:14,761 [accessibility_filter] DEBUG: REMOVED: chr20:30965756 A>T — not in accessible region
2026-06-02 15:36:14,761 [accessibility_filter] DEBUG: REMOVED: chr20:30966817 C>T — not in accessible region
2026-06-02 15:36:14,761 [accessibility_filter] DEBUG: REMOVED: chr20:30966832 G>C — not in accessible region
2026-06-02 15:36:14,761 [accessibility_filter] DEBUG: REMOVED: chr20:30967245 T>C — not in accessible region
2026-06-02 15:36:14,761 [accessibility_filter] DEBUG: REMOVED: chr20:30968595 C>G — not in accessible region
2026-06-02 15:36:14,761 [accessibility_filter] DEBUG: REMOVED: chr20:30969539 G>A — not in accessible region
2026-06-02 15:36:14,761 [accessibility_filter] DEBUG: REMOVED: chr20:30970133 A>G — not in accessible region
2026-06-02 15:36:14,761 [accessibility_filter] DEBUG: REMOVED: chr20:30970370 T>A — not in accessible region
2026-06-02 15:36:14,761 [accessibility_filter] DEBUG: REMOVED: chr20:30970713 C>T — not in accessible region
2026-06-02 15:36:14,761 [accessibility_filter] DEBUG: REMOVED: chr20:30971045 A>T — not in accessible region
2026-06-02 15:36:14,761 [accessibility_filter] DEBUG: REMOVED: chr20:30971904 T>C — not in accessible region
2026-06-02 15:36:14,761 [accessibility_filter] DEBUG: KEPT: chr20:30971934 C>T
2026-06-02 15:36:14,761 [accessibility_filter] DEBUG: REMOVED: chr20:30972110 T>A — not in accessible region
2026-06-02 15:36:14,761 [accessibility_filter] DEBUG: REMOVED: chr20:30972264 G>T — not in accessible region
2026-06-02 15:36:14,761 [accessibility_filter] DEBUG: REMOVED: chr20:30973511 C>A — not in accessible region
2026-06-02 15:36:14,761 [accessibility_filter] DEBUG: REMOVED: chr20:30973675 G>A — not in accessible region
2026-06-02 15:36:14,761 [accessibility_filter] DEBUG: REMOVED: chr20:30973737 C>T — not in accessible region
2026-06-02 15:36:14,761 [accessibility_filter] DEBUG: REMOVED: chr20:30974000 A>G — not in accessible region
2026-06-02 15:36:14,761 [accessibility_filter] DEBUG: REMOVED: chr20:30974129 G>A — not in accessible region
2026-06-02 15:36:14,761 [accessibility_filter] DEBUG: REMOVED: chr20:30974761 A>G — not in accessible region
2026-06-02 15:36:14,761 [accessibility_filter] DEBUG: REMOVED: chr20:30974907 G>A — not in accessible region
2026-06-02 15:36:14,761 [accessibility_filter] DEBUG: REMOVED: chr20:30975735 G>T — not in accessible region
2026-06-02 15:36:14,761 [accessibility_filter] DEBUG: REMOVED: chr20:30975853 T>A — not in accessible region
2026-06-02 15:36:14,761 [accessibility_filter] DEBUG: REMOVED: chr20:30975861 G>A — not in accessible region
2026-06-02 15:36:14,761 [accessibility_filter] DEBUG: REMOVED: chr20:30975989 G>A — not in accessible region
2026-06-02 15:36:14,761 [accessibility_filter] DEBUG: REMOVED: chr20:30976892 C>G — not in accessible region
2026-06-02 15:36:14,761 [accessibility_filter] DEBUG: REMOVED: chr20:30976898 G>C — not in accessible region
2026-06-02 15:36:14,761 [accessibility_filter] DEBUG: REMOVED: chr20:30977264 T>C — not in accessible region
2026-06-02 15:36:14,761 [accessibility_filter] DEBUG: REMOVED: chr20:30977364 T>C — not in accessible region
2026-06-02 15:36:14,761 [accessibility_filter] DEBUG: REMOVED: chr20:30977479 G>A — not in accessible region
2026-06-02 15:36:14,762 [accessibility_filter] DEBUG: REMOVED: chr20:30979176 T>G — not in accessible region
2026-06-02 15:36:14,762 [accessibility_filter] DEBUG: REMOVED: chr20:30980140 T>C — not in accessible region
2026-06-02 15:36:14,762 [accessibility_filter] DEBUG: REMOVED: chr20:30980371 G>A — not in accessible region
2026-06-02 15:36:14,762 [accessibility_filter] DEBUG: REMOVED: chr20:30980379 G>A — not in accessible region
2026-06-02 15:36:14,762 [accessibility_filter] DEBUG: REMOVED: chr20:30981432 G>A — not in accessible region
2026-06-02 15:36:14,762 [accessibility_filter] DEBUG: REMOVED: chr20:30982410 C>T — not in accessible region
2026-06-02 15:36:14,762 [accessibility_filter] DEBUG: REMOVED: chr20:30982743 C>T — not in accessible region
2026-06-02 15:36:14,762 [accessibility_filter] DEBUG: REMOVED: chr20:30983454 C>T — not in accessible region
2026-06-02 15:36:14,762 [accessibility_filter] DEBUG: REMOVED: chr20:30983790 T>C — not in accessible region
2026-06-02 15:36:14,762 [accessibility_filter] DEBUG: REMOVED: chr20:30984108 C>T — not in accessible region
2026-06-02 15:36:14,762 [accessibility_filter] DEBUG: REMOVED: chr20:30984729 C>G — not in accessible region
2026-06-02 15:36:14,762 [accessibility_filter] DEBUG: REMOVED: chr20:30985332 T>C — not in accessible region
2026-06-02 15:36:14,762 [accessibility_filter] DEBUG: KEPT: chr20:30985636 T>C
2026-06-02 15:36:14,762 [accessibility_filter] DEBUG: REMOVED: chr20:30986012 G>A — not in accessible region
2026-06-02 15:36:14,762 [accessibility_filter] DEBUG: REMOVED: chr20:30986711 G>A — not in accessible region
2026-06-02 15:36:14,762 [accessibility_filter] DEBUG: REMOVED: chr20:30986968 G>A — not in accessible region
2026-06-02 15:36:14,762 [accessibility_filter] DEBUG: REMOVED: chr20:30986971 A>G — not in accessible region
2026-06-02 15:36:14,762 [accessibility_filter] DEBUG: REMOVED: chr20:30988684 C>T — not in accessible region
2026-06-02 15:36:14,762 [accessibility_filter] DEBUG: REMOVED: chr20:30988925 T>A — not in accessible region
2026-06-02 15:36:14,762 [accessibility_filter] DEBUG: REMOVED: chr20:30989349 A>C — not in accessible region
2026-06-02 15:36:14,762 [accessibility_filter] DEBUG: REMOVED: chr20:30989381 A>G — not in accessible region
2026-06-02 15:36:14,762 [accessibility_filter] DEBUG: REMOVED: chr20:30990253 G>A — not in accessible region
2026-06-02 15:36:14,762 [accessibility_filter] DEBUG: KEPT: chr20:30991425 G>T
2026-06-02 15:36:14,762 [accessibility_filter] DEBUG: REMOVED: chr20:30992691 A>T — not in accessible region
2026-06-02 15:36:14,762 [accessibility_filter] DEBUG: REMOVED: chr20:30992936 T>C — not in accessible region
2026-06-02 15:36:14,762 [accessibility_filter] DEBUG: REMOVED: chr20:30992961 G>T — not in accessible region
2026-06-02 15:36:14,762 [accessibility_filter] DEBUG: REMOVED: chr20:30993383 A>G — not in accessible region
2026-06-02 15:36:14,762 [accessibility_filter] DEBUG: REMOVED: chr20:30993490 A>C — not in accessible region
2026-06-02 15:36:14,762 [accessibility_filter] DEBUG: REMOVED: chr20:30993942 T>A — not in accessible region
2026-06-02 15:36:14,762 [accessibility_filter] DEBUG: REMOVED: chr20:30994904 G>A — not in accessible region
2026-06-02 15:36:14,762 [accessibility_filter] DEBUG: REMOVED: chr20:30997570 A>G — not in accessible region
2026-06-02 15:36:14,762 [accessibility_filter] DEBUG: REMOVED: chr20:30998798 G>T — not in accessible region
2026-06-02 15:36:14,762 [accessibility_filter] DEBUG: REMOVED: chr20:30998992 A>G — not in accessible region
2026-06-02 15:36:14,762 [accessibility_filter] DEBUG: REMOVED: chr20:30999475 C>T — not in accessible region
2026-06-02 15:36:14,762 [accessibility_filter] DEBUG: REMOVED: chr20:31001041 C>T — not in accessible region
2026-06-02 15:36:14,762 [accessibility_filter] DEBUG: REMOVED: chr20:31056523 C>G — not in accessible region
2026-06-02 15:36:14,762 [accessibility_filter] DEBUG: REMOVED: chr20:31086981 C>T — not in accessible region
2026-06-02 15:36:14,762 [accessibility_filter] DEBUG: REMOVED: chr20:31089364 A>G — not in accessible region
2026-06-02 15:36:14,762 [accessibility_filter] DEBUG: REMOVED: chr20:31089468 T>C — not in accessible region
2026-06-02 15:36:14,762 [accessibility_filter] DEBUG: REMOVED: chr20:31090436 G>T — not in accessible region
2026-06-02 15:36:14,762 [accessibility_filter] DEBUG: REMOVED: chr20:31090511 C>A — not in accessible region
2026-06-02 15:36:14,762 [accessibility_filter] DEBUG: REMOVED: chr20:31093778 A>G — not in accessible region
2026-06-02 15:36:14,762 [accessibility_filter] DEBUG: REMOVED: chr20:31098973 A>G — not in accessible region
2026-06-02 15:36:14,762 [accessibility_filter] DEBUG: REMOVED: chr20:31100779 A>G — not in accessible region
2026-06-02 15:36:14,762 [accessibility_filter] DEBUG: REMOVED: chr20:31100901 A>G — not in accessible region
2026-06-02 15:36:14,762 [accessibility_filter] DEBUG: REMOVED: chr20:31101055 T>A — not in accessible region
2026-06-02 15:36:14,762 [accessibility_filter] DEBUG: REMOVED: chr20:31102685 G>A — not in accessible region
2026-06-02 15:36:14,762 [accessibility_filter] DEBUG: REMOVED: chr20:31103002 T>A — not in accessible region
2026-06-02 15:36:14,762 [accessibility_filter] DEBUG: REMOVED: chr20:31103579 A>G — not in accessible region
2026-06-02 15:36:14,762 [accessibility_filter] DEBUG: REMOVED: chr20:31104743 G>A — not in accessible region
2026-06-02 15:36:14,762 [accessibility_filter] DEBUG: REMOVED: chr20:31105213 G>C — not in accessible region
2026-06-02 15:36:14,762 [accessibility_filter] DEBUG: REMOVED: chr20:31105432 C>T — not in accessible region
2026-06-02 15:36:14,762 [accessibility_filter] DEBUG: REMOVED: chr20:31157574 G>A — not in accessible region
2026-06-02 15:36:14,762 [accessibility_filter] DEBUG: REMOVED: chr20:31157616 A>G — not in accessible region
2026-06-02 15:36:14,762 [accessibility_filter] DEBUG: REMOVED: chr20:31157750 T>G — not in accessible region
2026-06-02 15:36:14,762 [accessibility_filter] DEBUG: REMOVED: chr20:31158745 G>T — not in accessible region
2026-06-02 15:36:14,762 [accessibility_filter] DEBUG: REMOVED: chr20:31158833 C>G — not in accessible region
2026-06-02 15:36:14,762 [accessibility_filter] DEBUG: REMOVED: chr20:31162668 G>A — not in accessible region
2026-06-02 15:36:14,762 [accessibility_filter] DEBUG: REMOVED: chr20:31163576 A>C — not in accessible region
2026-06-02 15:36:14,762 [accessibility_filter] DEBUG: REMOVED: chr20:31163755 A>T — not in accessible region
2026-06-02 15:36:14,762 [accessibility_filter] DEBUG: REMOVED: chr20:31164197 G>A — not in accessible region
2026-06-02 15:36:14,762 [accessibility_filter] DEBUG: REMOVED: chr20:31164310 T>A — not in accessible region
2026-06-02 15:36:14,762 [accessibility_filter] DEBUG: REMOVED: chr20:31165549 T>A — not in accessible region
2026-06-02 15:36:14,762 [accessibility_filter] DEBUG: REMOVED: chr20:31166031 A>G — not in accessible region
2026-06-02 15:36:14,763 [accessibility_filter] DEBUG: REMOVED: chr20:31166034 T>G — not in accessible region
2026-06-02 15:36:14,763 [accessibility_filter] DEBUG: REMOVED: chr20:31166554 T>A — not in accessible region
2026-06-02 15:36:14,763 [accessibility_filter] DEBUG: REMOVED: chr20:31166953 A>G — not in accessible region
2026-06-02 15:36:14,763 [accessibility_filter] DEBUG: REMOVED: chr20:31167447 G>A — not in accessible region
2026-06-02 15:36:14,763 [accessibility_filter] DEBUG: REMOVED: chr20:31167701 A>T — not in accessible region
2026-06-02 15:36:14,763 [accessibility_filter] DEBUG: REMOVED: chr20:31167896 C>T — not in accessible region
2026-06-02 15:36:14,763 [accessibility_filter] DEBUG: REMOVED: chr20:31168473 A>G — not in accessible region
2026-06-02 15:36:14,763 [accessibility_filter] DEBUG: REMOVED: chr20:31168475 T>C — not in accessible region
2026-06-02 15:36:14,763 [accessibility_filter] DEBUG: KEPT: chr20:31168699 G>A
2026-06-02 15:36:14,763 [accessibility_filter] DEBUG: REMOVED: chr20:31169236 G>T — not in accessible region
2026-06-02 15:36:14,763 [accessibility_filter] DEBUG: REMOVED: chr20:31169281 C>G — not in accessible region
2026-06-02 15:36:14,763 [accessibility_filter] DEBUG: REMOVED: chr20:31169392 G>C — not in accessible region
2026-06-02 15:36:14,763 [accessibility_filter] DEBUG: REMOVED: chr20:31170005 T>G — not in accessible region
2026-06-02 15:36:14,763 [accessibility_filter] DEBUG: REMOVED: chr20:31170123 T>G — not in accessible region
2026-06-02 15:36:14,763 [accessibility_filter] DEBUG: REMOVED: chr20:31170411 C>T — not in accessible region
2026-06-02 15:36:14,763 [accessibility_filter] DEBUG: REMOVED: chr20:31170972 G>A — not in accessible region
2026-06-02 15:36:14,763 [accessibility_filter] DEBUG: REMOVED: chr20:31171368 G>C — not in accessible region
2026-06-02 15:36:14,763 [accessibility_filter] DEBUG: REMOVED: chr20:31172061 G>A — not in accessible region
2026-06-02 15:36:14,763 [accessibility_filter] DEBUG: KEPT: chr20:31172239 T>A
2026-06-02 15:36:14,763 [accessibility_filter] DEBUG: REMOVED: chr20:31172272 T>G — not in accessible region
2026-06-02 15:36:14,763 [accessibility_filter] DEBUG: REMOVED: chr20:31173145 T>C — not in accessible region
2026-06-02 15:36:14,763 [accessibility_filter] DEBUG: REMOVED: chr20:31174903 C>T — not in accessible region
2026-06-02 15:36:14,763 [accessibility_filter] DEBUG: REMOVED: chr20:31175314 T>G — not in accessible region
2026-06-02 15:36:14,763 [accessibility_filter] DEBUG: REMOVED: chr20:31175393 A>C — not in accessible region
2026-06-02 15:36:14,763 [accessibility_filter] DEBUG: REMOVED: chr20:31175509 G>C — not in accessible region
2026-06-02 15:36:14,763 [accessibility_filter] DEBUG: REMOVED: chr20:31175687 T>G — not in accessible region
2026-06-02 15:36:14,763 [accessibility_filter] DEBUG: REMOVED: chr20:31175807 C>T — not in accessible region
2026-06-02 15:36:14,763 [accessibility_filter] DEBUG: KEPT: chr20:31176088 G>A
2026-06-02 15:36:14,763 [accessibility_filter] DEBUG: REMOVED: chr20:31176348 G>A — not in accessible region
2026-06-02 15:36:14,763 [accessibility_filter] DEBUG: REMOVED: chr20:31176860 A>G — not in accessible region
2026-06-02 15:36:14,763 [accessibility_filter] DEBUG: REMOVED: chr20:31177937 C>T — not in accessible region
2026-06-02 15:36:14,763 [accessibility_filter] DEBUG: REMOVED: chr20:31179078 T>G — not in accessible region
2026-06-02 15:36:14,763 [accessibility_filter] DEBUG: REMOVED: chr20:31179179 G>A — not in accessible region
2026-06-02 15:36:14,763 [accessibility_filter] DEBUG: REMOVED: chr20:31179278 G>T — not in accessible region
2026-06-02 15:36:14,763 [accessibility_filter] DEBUG: REMOVED: chr20:31179282 T>A — not in accessible region
2026-06-02 15:36:14,763 [accessibility_filter] DEBUG: REMOVED: chr20:31179522 T>C — not in accessible region
2026-06-02 15:36:14,763 [accessibility_filter] DEBUG: REMOVED: chr20:31179587 T>G — not in accessible region
2026-06-02 15:36:14,763 [accessibility_filter] DEBUG: REMOVED: chr20:31180662 T>A — not in accessible region
2026-06-02 15:36:14,763 [accessibility_filter] DEBUG: REMOVED: chr20:31181047 G>A — not in accessible region
2026-06-02 15:36:14,763 [accessibility_filter] DEBUG: REMOVED: chr20:31181476 G>A — not in accessible region
2026-06-02 15:36:14,763 [accessibility_filter] DEBUG: REMOVED: chr20:31181571 G>C — not in accessible region
2026-06-02 15:36:14,763 [accessibility_filter] DEBUG: REMOVED: chr20:31181604 C>A — not in accessible region
2026-06-02 15:36:14,763 [accessibility_filter] DEBUG: REMOVED: chr20:31182196 G>T — not in accessible region
2026-06-02 15:36:14,763 [accessibility_filter] DEBUG: REMOVED: chr20:31182855 C>G — not in accessible region
2026-06-02 15:36:14,763 [accessibility_filter] DEBUG: REMOVED: chr20:31182882 G>A — not in accessible region
2026-06-02 15:36:14,763 [accessibility_filter] DEBUG: REMOVED: chr20:31182989 A>G — not in accessible region
2026-06-02 15:36:14,763 [accessibility_filter] DEBUG: REMOVED: chr20:31183022 C>A — not in accessible region
2026-06-02 15:36:14,763 [accessibility_filter] DEBUG: REMOVED: chr20:31183678 A>T — not in accessible region
2026-06-02 15:36:14,763 [accessibility_filter] DEBUG: REMOVED: chr20:31184544 G>A — not in accessible region
2026-06-02 15:36:14,763 [accessibility_filter] DEBUG: REMOVED: chr20:31184847 T>C — not in accessible region
2026-06-02 15:36:14,763 [accessibility_filter] DEBUG: REMOVED: chr20:31184934 G>A — not in accessible region
2026-06-02 15:36:14,763 [accessibility_filter] DEBUG: REMOVED: chr20:31185301 T>C — not in accessible region
2026-06-02 15:36:14,763 [accessibility_filter] DEBUG: REMOVED: chr20:31185650 A>G — not in accessible region
2026-06-02 15:36:14,763 [accessibility_filter] DEBUG: REMOVED: chr20:31187705 G>C — not in accessible region
2026-06-02 15:36:14,763 [accessibility_filter] DEBUG: REMOVED: chr20:31187779 T>G — not in accessible region
2026-06-02 15:36:14,763 [accessibility_filter] DEBUG: REMOVED: chr20:31188815 T>A — not in accessible region
2026-06-02 15:36:14,763 [accessibility_filter] DEBUG: REMOVED: chr20:31189081 T>G — not in accessible region
2026-06-02 15:36:14,763 [accessibility_filter] DEBUG: REMOVED: chr20:31189417 A>G — not in accessible region
2026-06-02 15:36:14,763 [accessibility_filter] DEBUG: REMOVED: chr20:31189770 G>T — not in accessible region
2026-06-02 15:36:14,763 [accessibility_filter] DEBUG: REMOVED: chr20:31189781 G>A — not in accessible region
2026-06-02 15:36:14,763 [accessibility_filter] DEBUG: REMOVED: chr20:31190205 T>C — not in accessible region
2026-06-02 15:36:14,763 [accessibility_filter] DEBUG: REMOVED: chr20:31190495 A>T — not in accessible region
2026-06-02 15:36:14,763 [accessibility_filter] DEBUG: REMOVED: chr20:31190991 G>T — not in accessible region
2026-06-02 15:36:14,764 [accessibility_filter] DEBUG: KEPT: chr20:31191095 A>G
2026-06-02 15:36:14,764 [accessibility_filter] DEBUG: REMOVED: chr20:31191684 G>A — not in accessible region
2026-06-02 15:36:14,764 [accessibility_filter] DEBUG: REMOVED: chr20:31191832 C>T — not in accessible region
2026-06-02 15:36:14,764 [accessibility_filter] DEBUG: REMOVED: chr20:31192319 G>A — not in accessible region
2026-06-02 15:36:14,764 [accessibility_filter] DEBUG: REMOVED: chr20:31192327 G>A — not in accessible region
2026-06-02 15:36:14,764 [accessibility_filter] DEBUG: REMOVED: chr20:31192596 G>A — not in accessible region
2026-06-02 15:36:14,764 [accessibility_filter] DEBUG: REMOVED: chr20:31192945 C>G — not in accessible region
2026-06-02 15:36:14,764 [accessibility_filter] DEBUG: REMOVED: chr20:31193350 A>G — not in accessible region
2026-06-02 15:36:14,764 [accessibility_filter] DEBUG: REMOVED: chr20:31194064 T>G — not in accessible region
2026-06-02 15:36:14,764 [accessibility_filter] DEBUG: REMOVED: chr20:31194292 A>G — not in accessible region
2026-06-02 15:36:14,764 [accessibility_filter] DEBUG: REMOVED: chr20:31195433 T>G — not in accessible region
2026-06-02 15:36:14,764 [accessibility_filter] DEBUG: REMOVED: chr20:31196327 T>C — not in accessible region
2026-06-02 15:36:14,764 [accessibility_filter] DEBUG: REMOVED: chr20:31198553 G>A — not in accessible region
2026-06-02 15:36:14,764 [accessibility_filter] DEBUG: REMOVED: chr20:31201091 G>C — not in accessible region
2026-06-02 15:36:14,764 [accessibility_filter] DEBUG: REMOVED: chr20:31202486 A>G — not in accessible region
2026-06-02 15:36:14,764 [accessibility_filter] DEBUG: REMOVED: chr20:31205140 C>T — not in accessible region
2026-06-02 15:36:14,764 [accessibility_filter] DEBUG: REMOVED: chr20:31205187 C>G — not in accessible region
2026-06-02 15:36:14,764 [accessibility_filter] DEBUG: REMOVED: chr20:31205621 T>G — not in accessible region
2026-06-02 15:36:14,764 [accessibility_filter] DEBUG: REMOVED: chr20:31206298 T>C — not in accessible region
2026-06-02 15:36:14,764 [accessibility_filter] DEBUG: REMOVED: chr20:31207122 C>T — not in accessible region
2026-06-02 15:36:14,764 [accessibility_filter] DEBUG: REMOVED: chr20:31208605 T>C — not in accessible region
2026-06-02 15:36:14,764 [accessibility_filter] DEBUG: REMOVED: chr20:31209086 A>G — not in accessible region
2026-06-02 15:36:14,764 [accessibility_filter] DEBUG: REMOVED: chr20:31209912 T>C — not in accessible region
2026-06-02 15:36:14,764 [accessibility_filter] DEBUG: REMOVED: chr20:31210129 G>A — not in accessible region
2026-06-02 15:36:14,764 [accessibility_filter] DEBUG: REMOVED: chr20:31210326 T>A — not in accessible region
2026-06-02 15:36:14,764 [accessibility_filter] DEBUG: REMOVED: chr20:31212032 C>T — not in accessible region
2026-06-02 15:36:14,764 [accessibility_filter] DEBUG: REMOVED: chr20:31212071 G>A — not in accessible region
2026-06-02 15:36:14,764 [accessibility_filter] DEBUG: REMOVED: chr20:31213113 G>A — not in accessible region
2026-06-02 15:36:14,764 [accessibility_filter] DEBUG: REMOVED: chr20:31214399 G>A — not in accessible region
2026-06-02 15:36:14,764 [accessibility_filter] DEBUG: REMOVED: chr20:31214873 G>A — not in accessible region
2026-06-02 15:36:14,764 [accessibility_filter] DEBUG: REMOVED: chr20:31217194 C>T — not in accessible region
2026-06-02 15:36:14,764 [accessibility_filter] DEBUG: REMOVED: chr20:31355485 C>T — not in accessible region
2026-06-02 15:36:14,764 [accessibility_filter] DEBUG: REMOVED: chr20:31426589 G>C — not in accessible region
2026-06-02 15:36:14,764 [accessibility_filter] DEBUG: REMOVED: chr20:31427632 C>T — not in accessible region
2026-06-02 15:36:14,764 [accessibility_filter] DEBUG: REMOVED: chr20:31427654 C>T — not in accessible region
2026-06-02 15:36:14,764 [accessibility_filter] DEBUG: REMOVED: chr20:31470100 G>T — not in accessible region
2026-06-02 15:36:14,764 [accessibility_filter] DEBUG: REMOVED: chr20:31472007 C>G — not in accessible region
2026-06-02 15:36:14,764 [accessibility_filter] DEBUG: REMOVED: chr20:31557702 T>G — not in accessible region
2026-06-02 15:36:14,764 [accessibility_filter] DEBUG: REMOVED: chr20:31610225 G>A — not in accessible region
2026-06-02 15:36:14,764 [accessibility_filter] DEBUG: REMOVED: chr20:31731396 C>A — not in accessible region
2026-06-02 15:36:14,764 [accessibility_filter] DEBUG: REMOVED: chr20:32305592 T>G — not in accessible region
2026-06-02 15:36:14,764 [accessibility_filter] DEBUG: KEPT: chr20:32482217 A>G
2026-06-02 15:36:14,764 [accessibility_filter] DEBUG: REMOVED: chr20:32542601 G>A — not in accessible region
2026-06-02 15:36:14,764 [accessibility_filter] DEBUG: KEPT: chr20:32720594 A>G
2026-06-02 15:36:14,764 [accessibility_filter] DEBUG: KEPT: chr20:32740620 T>A
2026-06-02 15:36:14,764 [accessibility_filter] DEBUG: REMOVED: chr20:32741154 C>A — not in accessible region
2026-06-02 15:36:14,764 [accessibility_filter] DEBUG: KEPT: chr20:32741898 A>G
2026-06-02 15:36:14,764 [accessibility_filter] DEBUG: REMOVED: chr20:32937640 A>G — not in accessible region
2026-06-02 15:36:14,764 [accessibility_filter] DEBUG: REMOVED: chr20:33275400 T>C — not in accessible region
2026-06-02 15:36:14,764 [accessibility_filter] DEBUG: REMOVED: chr20:33455474 G>A — not in accessible region
2026-06-02 15:36:14,764 [accessibility_filter] DEBUG: REMOVED: chr20:33484081 C>T — not in accessible region
2026-06-02 15:36:14,764 [accessibility_filter] DEBUG: REMOVED: chr20:33642118 G>T — not in accessible region
2026-06-02 15:36:14,764 [accessibility_filter] DEBUG: KEPT: chr20:33759990 G>A
2026-06-02 15:36:14,764 [accessibility_filter] DEBUG: REMOVED: chr20:33957410 G>A — not in accessible region
2026-06-02 15:36:14,764 [accessibility_filter] DEBUG: REMOVED: chr20:34659281 A>G — not in accessible region
2026-06-02 15:36:14,764 [accessibility_filter] DEBUG: KEPT: chr20:35000214 G>A
2026-06-02 15:36:14,764 [accessibility_filter] DEBUG: REMOVED: chr20:35175578 C>T — not in accessible region
2026-06-02 15:36:14,764 [accessibility_filter] DEBUG: KEPT: chr20:35401569 T>C
2026-06-02 15:36:14,764 [accessibility_filter] DEBUG: REMOVED: chr20:35422104 A>G — not in accessible region
2026-06-02 15:36:14,764 [accessibility_filter] DEBUG: KEPT: chr20:35422754 G>A
2026-06-02 15:36:14,764 [accessibility_filter] DEBUG: REMOVED: chr20:35423039 C>T — not in accessible region
2026-06-02 15:36:14,764 [accessibility_filter] DEBUG: KEPT: chr20:35423251 A>G
2026-06-02 15:36:14,765 [accessibility_filter] DEBUG: REMOVED: chr20:35423628 A>G — not in accessible region
2026-06-02 15:36:14,765 [accessibility_filter] DEBUG: REMOVED: chr20:35423675 G>A — not in accessible region
2026-06-02 15:36:14,765 [accessibility_filter] DEBUG: KEPT: chr20:35426224 G>A
2026-06-02 15:36:14,765 [accessibility_filter] DEBUG: REMOVED: chr20:35426268 T>C — not in accessible region
2026-06-02 15:36:14,765 [accessibility_filter] DEBUG: KEPT: chr20:35431221 T>C
2026-06-02 15:36:14,765 [accessibility_filter] DEBUG: KEPT: chr20:35431781 T>C
2026-06-02 15:36:14,765 [accessibility_filter] DEBUG: KEPT: chr20:35434398 T>C
2026-06-02 15:36:14,765 [accessibility_filter] DEBUG: KEPT: chr20:35434589 C>A
2026-06-02 15:36:14,765 [accessibility_filter] DEBUG: KEPT: chr20:35434874 A>C
2026-06-02 15:36:14,765 [accessibility_filter] DEBUG: KEPT: chr20:35436182 A>G
2026-06-02 15:36:14,765 [accessibility_filter] DEBUG: KEPT: chr20:35436939 A>G
2026-06-02 15:36:14,765 [accessibility_filter] DEBUG: KEPT: chr20:35438203 G>A
2026-06-02 15:36:14,765 [accessibility_filter] DEBUG: KEPT: chr20:35438630 A>G
2026-06-02 15:36:14,765 [accessibility_filter] DEBUG: KEPT: chr20:35444251 A>G
2026-06-02 15:36:14,765 [accessibility_filter] DEBUG: KEPT: chr20:35444411 G>A
2026-06-02 15:36:14,765 [accessibility_filter] DEBUG: KEPT: chr20:35446649 T>C
2026-06-02 15:36:14,765 [accessibility_filter] DEBUG: REMOVED: chr20:35447056 A>T — not in accessible region
2026-06-02 15:36:14,765 [accessibility_filter] DEBUG: KEPT: chr20:35447335 G>A
2026-06-02 15:36:14,765 [accessibility_filter] DEBUG: KEPT: chr20:35448887 C>A
2026-06-02 15:36:14,765 [accessibility_filter] DEBUG: KEPT: chr20:35449053 A>G
2026-06-02 15:36:14,765 [accessibility_filter] DEBUG: KEPT: chr20:35449637 C>T
2026-06-02 15:36:14,765 [accessibility_filter] DEBUG: KEPT: chr20:35449712 G>A
2026-06-02 15:36:14,765 [accessibility_filter] DEBUG: REMOVED: chr20:35451572 T>G — not in accessible region
2026-06-02 15:36:14,765 [accessibility_filter] DEBUG: REMOVED: chr20:35456125 C>T — not in accessible region
2026-06-02 15:36:14,765 [accessibility_filter] DEBUG: REMOVED: chr20:35457571 C>G — not in accessible region
2026-06-02 15:36:14,765 [accessibility_filter] DEBUG: REMOVED: chr20:35463064 T>A — not in accessible region
2026-06-02 15:36:14,765 [accessibility_filter] DEBUG: KEPT: chr20:35464448 A>G
2026-06-02 15:36:14,765 [accessibility_filter] DEBUG: REMOVED: chr20:35464779 G>A — not in accessible region
2026-06-02 15:36:14,765 [accessibility_filter] DEBUG: REMOVED: chr20:35464851 G>C — not in accessible region
2026-06-02 15:36:14,765 [accessibility_filter] DEBUG: KEPT: chr20:35466784 C>G
2026-06-02 15:36:14,765 [accessibility_filter] DEBUG: KEPT: chr20:35466801 G>A
2026-06-02 15:36:14,765 [accessibility_filter] DEBUG: KEPT: chr20:35467577 A>G
2026-06-02 15:36:14,765 [accessibility_filter] DEBUG: KEPT: chr20:35468953 C>A
2026-06-02 15:36:14,765 [accessibility_filter] DEBUG: KEPT: chr20:35470862 A>C
2026-06-02 15:36:14,765 [accessibility_filter] DEBUG: KEPT: chr20:35471048 T>C
2026-06-02 15:36:14,765 [accessibility_filter] DEBUG: KEPT: chr20:35471850 G>A
2026-06-02 15:36:14,765 [accessibility_filter] DEBUG: KEPT: chr20:35473753 C>T
2026-06-02 15:36:14,765 [accessibility_filter] DEBUG: KEPT: chr20:35474817 T>C
2026-06-02 15:36:14,765 [accessibility_filter] DEBUG: KEPT: chr20:35474885 T>C
2026-06-02 15:36:14,765 [accessibility_filter] DEBUG: KEPT: chr20:35476040 G>A
2026-06-02 15:36:14,765 [accessibility_filter] DEBUG: REMOVED: chr20:35477209 A>G — not in accessible region
2026-06-02 15:36:14,765 [accessibility_filter] DEBUG: REMOVED: chr20:35478521 C>T — not in accessible region
2026-06-02 15:36:14,765 [accessibility_filter] DEBUG: REMOVED: chr20:35481889 A>G — not in accessible region
2026-06-02 15:36:14,765 [accessibility_filter] DEBUG: REMOVED: chr20:35482555 T>A — not in accessible region
2026-06-02 15:36:14,765 [accessibility_filter] DEBUG: REMOVED: chr20:35483335 A>T — not in accessible region
2026-06-02 15:36:14,765 [accessibility_filter] DEBUG: KEPT: chr20:35485555 A>G
2026-06-02 15:36:14,765 [accessibility_filter] DEBUG: KEPT: chr20:35487005 G>A
2026-06-02 15:36:14,765 [accessibility_filter] DEBUG: KEPT: chr20:35489706 A>C
2026-06-02 15:36:14,765 [accessibility_filter] DEBUG: KEPT: chr20:35492443 A>T
2026-06-02 15:36:14,765 [accessibility_filter] DEBUG: REMOVED: chr20:35492848 C>T — not in accessible region
2026-06-02 15:36:14,765 [accessibility_filter] DEBUG: KEPT: chr20:35496586 C>G
2026-06-02 15:36:14,765 [accessibility_filter] DEBUG: KEPT: chr20:35498319 A>G
2026-06-02 15:36:14,765 [accessibility_filter] DEBUG: KEPT: chr20:35500935 A>G
2026-06-02 15:36:14,765 [accessibility_filter] DEBUG: KEPT: chr20:35501852 T>C
2026-06-02 15:36:14,765 [accessibility_filter] DEBUG: KEPT: chr20:35505188 A>C
2026-06-02 15:36:14,765 [accessibility_filter] DEBUG: KEPT: chr20:35509307 G>A
2026-06-02 15:36:14,765 [accessibility_filter] DEBUG: KEPT: chr20:35510282 A>G
2026-06-02 15:36:14,765 [accessibility_filter] DEBUG: KEPT: chr20:35511264 A>C
2026-06-02 15:36:14,765 [accessibility_filter] DEBUG: KEPT: chr20:35511335 G>C
2026-06-02 15:36:14,765 [accessibility_filter] DEBUG: KEPT: chr20:35511960 G>A
2026-06-02 15:36:14,765 [accessibility_filter] DEBUG: KEPT: chr20:35512514 G>C
2026-06-02 15:36:14,765 [accessibility_filter] DEBUG: REMOVED: chr20:35513389 T>G — not in accessible region
2026-06-02 15:36:14,765 [accessibility_filter] DEBUG: KEPT: chr20:35516644 T>G
2026-06-02 15:36:14,766 [accessibility_filter] DEBUG: KEPT: chr20:35517281 T>C
2026-06-02 15:36:14,766 [accessibility_filter] DEBUG: REMOVED: chr20:35518147 A>G — not in accessible region
2026-06-02 15:36:14,766 [accessibility_filter] DEBUG: KEPT: chr20:35520128 G>A
2026-06-02 15:36:14,766 [accessibility_filter] DEBUG: REMOVED: chr20:35520432 C>T — not in accessible region
2026-06-02 15:36:14,766 [accessibility_filter] DEBUG: KEPT: chr20:35520775 A>G
2026-06-02 15:36:14,766 [accessibility_filter] DEBUG: REMOVED: chr20:35521599 G>A — not in accessible region
2026-06-02 15:36:14,766 [accessibility_filter] DEBUG: REMOVED: chr20:35521887 C>T — not in accessible region
2026-06-02 15:36:14,766 [accessibility_filter] DEBUG: REMOVED: chr20:35521890 G>A — not in accessible region
2026-06-02 15:36:14,766 [accessibility_filter] DEBUG: REMOVED: chr20:35524033 G>T — not in accessible region
2026-06-02 15:36:14,766 [accessibility_filter] DEBUG: REMOVED: chr20:35524728 C>T — not in accessible region
2026-06-02 15:36:14,766 [accessibility_filter] DEBUG: KEPT: chr20:35526165 T>A
2026-06-02 15:36:14,766 [accessibility_filter] DEBUG: KEPT: chr20:35527442 A>G
2026-06-02 15:36:14,766 [accessibility_filter] DEBUG: KEPT: chr20:35527943 C>T
2026-06-02 15:36:14,766 [accessibility_filter] DEBUG: KEPT: chr20:35533165 C>T
2026-06-02 15:36:14,766 [accessibility_filter] DEBUG: KEPT: chr20:35537096 T>A
2026-06-02 15:36:14,766 [accessibility_filter] DEBUG: REMOVED: chr20:35538891 G>A — not in accessible region
2026-06-02 15:36:14,766 [accessibility_filter] DEBUG: KEPT: chr20:35541132 C>T
2026-06-02 15:36:14,766 [accessibility_filter] DEBUG: KEPT: chr20:35541888 G>C
2026-06-02 15:36:14,766 [accessibility_filter] DEBUG: REMOVED: chr20:35545542 A>G — not in accessible region
2026-06-02 15:36:14,766 [accessibility_filter] DEBUG: KEPT: chr20:35547876 A>G
2026-06-02 15:36:14,766 [accessibility_filter] DEBUG: KEPT: chr20:35550652 A>G
2026-06-02 15:36:14,766 [accessibility_filter] DEBUG: KEPT: chr20:35552584 A>G
2026-06-02 15:36:14,766 [accessibility_filter] DEBUG: KEPT: chr20:35554756 C>T
2026-06-02 15:36:14,766 [accessibility_filter] DEBUG: KEPT: chr20:35555321 G>A
2026-06-02 15:36:14,766 [accessibility_filter] DEBUG: KEPT: chr20:35557690 T>C
2026-06-02 15:36:14,766 [accessibility_filter] DEBUG: KEPT: chr20:35557782 G>A
2026-06-02 15:36:14,766 [accessibility_filter] DEBUG: KEPT: chr20:35560079 C>T
2026-06-02 15:36:14,766 [accessibility_filter] DEBUG: KEPT: chr20:35560231 G>A
2026-06-02 15:36:14,766 [accessibility_filter] DEBUG: KEPT: chr20:35560522 A>G
2026-06-02 15:36:14,766 [accessibility_filter] DEBUG: KEPT: chr20:35560590 G>A
2026-06-02 15:36:14,766 [accessibility_filter] DEBUG: KEPT: chr20:35564250 T>A
2026-06-02 15:36:14,766 [accessibility_filter] DEBUG: REMOVED: chr20:35564391 G>C — not in accessible region
2026-06-02 15:36:14,766 [accessibility_filter] DEBUG: KEPT: chr20:35565425 T>C
2026-06-02 15:36:14,766 [accessibility_filter] DEBUG: REMOVED: chr20:35565683 G>A — not in accessible region
2026-06-02 15:36:14,766 [accessibility_filter] DEBUG: KEPT: chr20:35566170 G>A
2026-06-02 15:36:14,766 [accessibility_filter] DEBUG: KEPT: chr20:35566207 C>T
2026-06-02 15:36:14,766 [accessibility_filter] DEBUG: REMOVED: chr20:35570464 G>A — not in accessible region
2026-06-02 15:36:14,766 [accessibility_filter] DEBUG: REMOVED: chr20:35571307 C>T — not in accessible region
2026-06-02 15:36:14,766 [accessibility_filter] DEBUG: KEPT: chr20:35571517 G>C
2026-06-02 15:36:14,766 [accessibility_filter] DEBUG: KEPT: chr20:36173082 G>A
2026-06-02 15:36:14,766 [accessibility_filter] DEBUG: KEPT: chr20:36309447 G>C
2026-06-02 15:36:14,766 [accessibility_filter] DEBUG: KEPT: chr20:36312323 C>T
2026-06-02 15:36:14,766 [accessibility_filter] DEBUG: KEPT: chr20:36312890 G>T
2026-06-02 15:36:14,766 [accessibility_filter] DEBUG: KEPT: chr20:36313238 G>T
2026-06-02 15:36:14,766 [accessibility_filter] DEBUG: KEPT: chr20:36313607 G>C
2026-06-02 15:36:14,766 [accessibility_filter] DEBUG: KEPT: chr20:36314047 T>C
2026-06-02 15:36:14,766 [accessibility_filter] DEBUG: KEPT: chr20:36315190 A>G
2026-06-02 15:36:14,766 [accessibility_filter] DEBUG: KEPT: chr20:36316943 A>G
2026-06-02 15:36:14,766 [accessibility_filter] DEBUG: KEPT: chr20:36319330 A>G
2026-06-02 15:36:14,766 [accessibility_filter] DEBUG: KEPT: chr20:36319658 A>G
2026-06-02 15:36:14,766 [accessibility_filter] DEBUG: REMOVED: chr20:36406165 C>A — not in accessible region
2026-06-02 15:36:14,766 [accessibility_filter] DEBUG: REMOVED: chr20:36406170 G>A — not in accessible region
2026-06-02 15:36:14,766 [accessibility_filter] DEBUG: REMOVED: chr20:36964807 A>G — not in accessible region
2026-06-02 15:36:14,766 [accessibility_filter] DEBUG: REMOVED: chr20:36981236 C>T — not in accessible region
2026-06-02 15:36:14,766 [accessibility_filter] DEBUG: REMOVED: chr20:36981394 C>T — not in accessible region
2026-06-02 15:36:14,766 [accessibility_filter] DEBUG: REMOVED: chr20:36999682 T>C — not in accessible region
2026-06-02 15:36:14,766 [accessibility_filter] DEBUG: REMOVED: chr20:36999896 A>C — not in accessible region
2026-06-02 15:36:14,766 [accessibility_filter] DEBUG: REMOVED: chr20:37001522 T>C — not in accessible region
2026-06-02 15:36:14,766 [accessibility_filter] DEBUG: REMOVED: chr20:37068815 C>A — not in accessible region
2026-06-02 15:36:14,766 [accessibility_filter] DEBUG: KEPT: chr20:37901395 T>G
2026-06-02 15:36:14,766 [accessibility_filter] DEBUG: KEPT: chr20:38139365 T>A
2026-06-02 15:36:14,766 [accessibility_filter] DEBUG: KEPT: chr20:38172180 C>T
2026-06-02 15:36:14,766 [accessibility_filter] DEBUG: REMOVED: chr20:38176286 C>T — not in accessible region
2026-06-02 15:36:14,767 [accessibility_filter] DEBUG: REMOVED: chr20:38341326 G>A — not in accessible region
2026-06-02 15:36:14,767 [accessibility_filter] DEBUG: KEPT: chr20:38341765 G>C
2026-06-02 15:36:14,767 [accessibility_filter] DEBUG: KEPT: chr20:38342053 A>G
2026-06-02 15:36:14,767 [accessibility_filter] DEBUG: KEPT: chr20:38342143 C>A
2026-06-02 15:36:14,767 [accessibility_filter] DEBUG: KEPT: chr20:38342234 A>G
2026-06-02 15:36:14,767 [accessibility_filter] DEBUG: KEPT: chr20:38342421 A>C
2026-06-02 15:36:14,767 [accessibility_filter] DEBUG: KEPT: chr20:38342716 A>T
2026-06-02 15:36:14,767 [accessibility_filter] DEBUG: KEPT: chr20:38343306 C>T
2026-06-02 15:36:14,767 [accessibility_filter] DEBUG: KEPT: chr20:38344539 T>C
2026-06-02 15:36:14,767 [accessibility_filter] DEBUG: KEPT: chr20:38345681 C>T
2026-06-02 15:36:14,767 [accessibility_filter] DEBUG: KEPT: chr20:38345754 G>A
2026-06-02 15:36:14,767 [accessibility_filter] DEBUG: KEPT: chr20:38346109 C>G
2026-06-02 15:36:14,767 [accessibility_filter] DEBUG: KEPT: chr20:38346312 G>A
2026-06-02 15:36:14,767 [accessibility_filter] DEBUG: REMOVED: chr20:38348505 A>G — not in accessible region
2026-06-02 15:36:14,767 [accessibility_filter] DEBUG: REMOVED: chr20:38348824 C>G — not in accessible region
2026-06-02 15:36:14,767 [accessibility_filter] DEBUG: KEPT: chr20:38349567 A>G
2026-06-02 15:36:14,767 [accessibility_filter] DEBUG: KEPT: chr20:38349779 A>G
2026-06-02 15:36:14,767 [accessibility_filter] DEBUG: KEPT: chr20:38350107 A>T
2026-06-02 15:36:14,767 [accessibility_filter] DEBUG: KEPT: chr20:38351384 C>T
2026-06-02 15:36:14,767 [accessibility_filter] DEBUG: KEPT: chr20:38351693 G>T
2026-06-02 15:36:14,767 [accessibility_filter] DEBUG: KEPT: chr20:38352768 A>C
2026-06-02 15:36:14,767 [accessibility_filter] DEBUG: KEPT: chr20:38353928 C>T
2026-06-02 15:36:14,767 [accessibility_filter] DEBUG: REMOVED: chr20:38362422 A>G — not in accessible region
2026-06-02 15:36:14,767 [accessibility_filter] DEBUG: REMOVED: chr20:38363737 T>C — not in accessible region
2026-06-02 15:36:14,767 [accessibility_filter] DEBUG: REMOVED: chr20:38365471 C>T — not in accessible region
2026-06-02 15:36:14,767 [accessibility_filter] DEBUG: KEPT: chr20:38366696 T>C
2026-06-02 15:36:14,767 [accessibility_filter] DEBUG: REMOVED: chr20:38367274 C>T — not in accessible region
2026-06-02 15:36:14,767 [accessibility_filter] DEBUG: KEPT: chr20:38367921 G>T
2026-06-02 15:36:14,767 [accessibility_filter] DEBUG: KEPT: chr20:38368988 C>T
2026-06-02 15:36:14,767 [accessibility_filter] DEBUG: KEPT: chr20:38370399 A>T
2026-06-02 15:36:14,767 [accessibility_filter] DEBUG: KEPT: chr20:38372765 T>A
2026-06-02 15:36:14,767 [accessibility_filter] DEBUG: KEPT: chr20:38373290 C>T
2026-06-02 15:36:14,767 [accessibility_filter] DEBUG: REMOVED: chr20:38374336 C>T — not in accessible region
2026-06-02 15:36:14,767 [accessibility_filter] DEBUG: REMOVED: chr20:38375473 T>C — not in accessible region
2026-06-02 15:36:14,767 [accessibility_filter] DEBUG: KEPT: chr20:38376894 C>T
2026-06-02 15:36:14,767 [accessibility_filter] DEBUG: REMOVED: chr20:38380317 G>A — not in accessible region
2026-06-02 15:36:14,767 [accessibility_filter] DEBUG: KEPT: chr20:38380824 C>T
2026-06-02 15:36:14,767 [accessibility_filter] DEBUG: KEPT: chr20:38380982 G>T
2026-06-02 15:36:14,767 [accessibility_filter] DEBUG: KEPT: chr20:38381281 C>T
2026-06-02 15:36:14,767 [accessibility_filter] DEBUG: KEPT: chr20:38382164 T>A
2026-06-02 15:36:14,767 [accessibility_filter] DEBUG: KEPT: chr20:38382587 A>G
2026-06-02 15:36:14,767 [accessibility_filter] DEBUG: KEPT: chr20:38382626 G>A
2026-06-02 15:36:14,767 [accessibility_filter] DEBUG: KEPT: chr20:38397157 A>T
2026-06-02 15:36:14,767 [accessibility_filter] DEBUG: KEPT: chr20:38397277 T>C
2026-06-02 15:36:14,767 [accessibility_filter] DEBUG: KEPT: chr20:38397738 A>C
2026-06-02 15:36:14,767 [accessibility_filter] DEBUG: KEPT: chr20:38397980 G>A
2026-06-02 15:36:14,767 [accessibility_filter] DEBUG: KEPT: chr20:38398565 G>A
2026-06-02 15:36:14,767 [accessibility_filter] DEBUG: KEPT: chr20:38398584 A>G
2026-06-02 15:36:14,767 [accessibility_filter] DEBUG: REMOVED: chr20:38399573 C>A — not in accessible region
2026-06-02 15:36:14,767 [accessibility_filter] DEBUG: KEPT: chr20:38401177 C>T
2026-06-02 15:36:14,767 [accessibility_filter] DEBUG: KEPT: chr20:38401547 G>A
2026-06-02 15:36:14,767 [accessibility_filter] DEBUG: REMOVED: chr20:38401558 T>C — not in accessible region
2026-06-02 15:36:14,767 [accessibility_filter] DEBUG: REMOVED: chr20:38403608 T>C — not in accessible region
2026-06-02 15:36:14,767 [accessibility_filter] DEBUG: REMOVED: chr20:38403614 G>A — not in accessible region
2026-06-02 15:36:14,767 [accessibility_filter] DEBUG: REMOVED: chr20:38404935 T>C — not in accessible region
2026-06-02 15:36:14,767 [accessibility_filter] DEBUG: KEPT: chr20:38408937 T>C
2026-06-02 15:36:14,767 [accessibility_filter] DEBUG: REMOVED: chr20:38411227 A>G — not in accessible region
2026-06-02 15:36:14,767 [accessibility_filter] DEBUG: KEPT: chr20:38411969 G>C
2026-06-02 15:36:14,767 [accessibility_filter] DEBUG: REMOVED: chr20:38412870 A>G — not in accessible region
2026-06-02 15:36:14,767 [accessibility_filter] DEBUG: REMOVED: chr20:38413988 A>T — not in accessible region
2026-06-02 15:36:14,767 [accessibility_filter] DEBUG: KEPT: chr20:38414348 G>A
2026-06-02 15:36:14,767 [accessibility_filter] DEBUG: KEPT: chr20:38414563 G>A
2026-06-02 15:36:14,767 [accessibility_filter] DEBUG: KEPT: chr20:38414850 A>G
2026-06-02 15:36:14,768 [accessibility_filter] DEBUG: KEPT: chr20:38415226 C>T
2026-06-02 15:36:14,768 [accessibility_filter] DEBUG: REMOVED: chr20:38419488 T>A — not in accessible region
2026-06-02 15:36:14,768 [accessibility_filter] DEBUG: KEPT: chr20:38420312 A>G
2026-06-02 15:36:14,768 [accessibility_filter] DEBUG: KEPT: chr20:38421231 C>T
2026-06-02 15:36:14,768 [accessibility_filter] DEBUG: KEPT: chr20:38422106 G>A
2026-06-02 15:36:14,768 [accessibility_filter] DEBUG: KEPT: chr20:38422170 C>T
2026-06-02 15:36:14,768 [accessibility_filter] DEBUG: KEPT: chr20:38424935 T>C
2026-06-02 15:36:14,768 [accessibility_filter] DEBUG: KEPT: chr20:38426138 T>C
2026-06-02 15:36:14,768 [accessibility_filter] DEBUG: KEPT: chr20:38426372 G>A
2026-06-02 15:36:14,768 [accessibility_filter] DEBUG: KEPT: chr20:38427232 C>T
2026-06-02 15:36:14,768 [accessibility_filter] DEBUG: REMOVED: chr20:38430252 T>C — not in accessible region
2026-06-02 15:36:14,768 [accessibility_filter] DEBUG: REMOVED: chr20:38430427 C>T — not in accessible region
2026-06-02 15:36:14,768 [accessibility_filter] DEBUG: KEPT: chr20:38430706 T>C
2026-06-02 15:36:14,768 [accessibility_filter] DEBUG: KEPT: chr20:38430801 G>T
2026-06-02 15:36:14,768 [accessibility_filter] DEBUG: KEPT: chr20:38431106 G>T
2026-06-02 15:36:14,768 [accessibility_filter] DEBUG: KEPT: chr20:38433940 C>T
2026-06-02 15:36:14,768 [accessibility_filter] DEBUG: KEPT: chr20:38434831 G>A
2026-06-02 15:36:14,768 [accessibility_filter] DEBUG: KEPT: chr20:38434992 C>G
2026-06-02 15:36:14,768 [accessibility_filter] DEBUG: KEPT: chr20:38435028 T>C
2026-06-02 15:36:14,768 [accessibility_filter] DEBUG: KEPT: chr20:38435993 G>A
2026-06-02 15:36:14,768 [accessibility_filter] DEBUG: KEPT: chr20:38436101 A>G
2026-06-02 15:36:14,768 [accessibility_filter] DEBUG: KEPT: chr20:38440495 G>A
2026-06-02 15:36:14,768 [accessibility_filter] DEBUG: REMOVED: chr20:38595216 A>G — not in accessible region
2026-06-02 15:36:14,768 [accessibility_filter] DEBUG: REMOVED: chr20:39512626 A>G — not in accessible region
2026-06-02 15:36:14,768 [accessibility_filter] DEBUG: KEPT: chr20:39698337 C>A
2026-06-02 15:36:14,768 [accessibility_filter] DEBUG: REMOVED: chr20:39979132 C>T — not in accessible region
2026-06-02 15:36:14,768 [accessibility_filter] DEBUG: KEPT: chr20:40055079 G>A
2026-06-02 15:36:14,768 [accessibility_filter] DEBUG: REMOVED: chr20:40203352 C>T — not in accessible region
2026-06-02 15:36:14,768 [accessibility_filter] DEBUG: KEPT: chr20:40241997 G>T
2026-06-02 15:36:14,768 [accessibility_filter] DEBUG: REMOVED: chr20:40620625 A>G — not in accessible region
2026-06-02 15:36:14,768 [accessibility_filter] DEBUG: KEPT: chr20:40736725 C>T
2026-06-02 15:36:14,768 [accessibility_filter] DEBUG: KEPT: chr20:40971575 C>A
2026-06-02 15:36:14,768 [accessibility_filter] DEBUG: REMOVED: chr20:41554955 A>G — not in accessible region
2026-06-02 15:36:14,768 [accessibility_filter] DEBUG: KEPT: chr20:42027058 C>G
2026-06-02 15:36:14,768 [accessibility_filter] DEBUG: KEPT: chr20:42027129 C>G
2026-06-02 15:36:14,768 [accessibility_filter] DEBUG: KEPT: chr20:42029256 G>A
2026-06-02 15:36:14,768 [accessibility_filter] DEBUG: KEPT: chr20:42130697 G>A
2026-06-02 15:36:14,768 [accessibility_filter] DEBUG: KEPT: chr20:42244014 G>A
2026-06-02 15:36:14,768 [accessibility_filter] DEBUG: REMOVED: chr20:42300193 G>A — not in accessible region
2026-06-02 15:36:14,768 [accessibility_filter] DEBUG: REMOVED: chr20:42343971 C>T — not in accessible region
2026-06-02 15:36:14,768 [accessibility_filter] DEBUG: KEPT: chr20:42358262 T>C
2026-06-02 15:36:14,768 [accessibility_filter] DEBUG: KEPT: chr20:42420350 T>C
2026-06-02 15:36:14,768 [accessibility_filter] DEBUG: KEPT: chr20:42420793 C>T
2026-06-02 15:36:14,768 [accessibility_filter] DEBUG: KEPT: chr20:42459535 G>T
2026-06-02 15:36:14,768 [accessibility_filter] DEBUG: KEPT: chr20:42472028 C>A
2026-06-02 15:36:14,768 [accessibility_filter] DEBUG: KEPT: chr20:42496452 C>T
2026-06-02 15:36:14,768 [accessibility_filter] DEBUG: KEPT: chr20:42576339 C>G
2026-06-02 15:36:14,768 [accessibility_filter] DEBUG: KEPT: chr20:42654099 G>C
2026-06-02 15:36:14,768 [accessibility_filter] DEBUG: KEPT: chr20:42834314 T>C
2026-06-02 15:36:14,768 [accessibility_filter] DEBUG: KEPT: chr20:42865389 T>A
2026-06-02 15:36:14,768 [accessibility_filter] DEBUG: KEPT: chr20:42946239 G>T
2026-06-02 15:36:14,768 [accessibility_filter] DEBUG: KEPT: chr20:43096931 T>C
2026-06-02 15:36:14,768 [accessibility_filter] DEBUG: KEPT: chr20:43142473 C>T
2026-06-02 15:36:14,768 [accessibility_filter] DEBUG: REMOVED: chr20:43185843 A>C — not in accessible region
2026-06-02 15:36:14,768 [accessibility_filter] DEBUG: KEPT: chr20:43232614 A>G
2026-06-02 15:36:14,768 [accessibility_filter] DEBUG: KEPT: chr20:43280955 G>A
2026-06-02 15:36:14,768 [accessibility_filter] DEBUG: KEPT: chr20:43319309 C>T
2026-06-02 15:36:14,768 [accessibility_filter] DEBUG: KEPT: chr20:43319766 A>G
2026-06-02 15:36:14,768 [accessibility_filter] DEBUG: KEPT: chr20:43435995 G>A
2026-06-02 15:36:14,768 [accessibility_filter] DEBUG: KEPT: chr20:43492060 T>C
2026-06-02 15:36:14,769 [accessibility_filter] DEBUG: KEPT: chr20:43507706 C>A
2026-06-02 15:36:14,769 [accessibility_filter] DEBUG: KEPT: chr20:43526651 T>C
2026-06-02 15:36:14,769 [accessibility_filter] DEBUG: KEPT: chr20:43533142 A>G
2026-06-02 15:36:14,769 [accessibility_filter] DEBUG: KEPT: chr20:43559725 A>C
2026-06-02 15:36:14,769 [accessibility_filter] DEBUG: REMOVED: chr20:43658577 A>C — not in accessible region
2026-06-02 15:36:14,769 [accessibility_filter] DEBUG: KEPT: chr20:43692067 C>T
2026-06-02 15:36:14,769 [accessibility_filter] DEBUG: KEPT: chr20:43752936 A>C
2026-06-02 15:36:14,769 [accessibility_filter] DEBUG: KEPT: chr20:43923306 G>A
2026-06-02 15:36:14,769 [accessibility_filter] DEBUG: KEPT: chr20:44004596 C>T
2026-06-02 15:36:14,769 [accessibility_filter] DEBUG: KEPT: chr20:44266379 C>A
2026-06-02 15:36:14,769 [accessibility_filter] DEBUG: KEPT: chr20:44337881 T>C
2026-06-02 15:36:14,769 [accessibility_filter] DEBUG: REMOVED: chr20:44434525 G>C — not in accessible region
2026-06-02 15:36:14,769 [accessibility_filter] DEBUG: KEPT: chr20:45123227 C>G
2026-06-02 15:36:14,769 [accessibility_filter] DEBUG: KEPT: chr20:45367017 G>A
2026-06-02 15:36:14,769 [accessibility_filter] DEBUG: REMOVED: chr20:45506296 G>T — not in accessible region
2026-06-02 15:36:14,769 [accessibility_filter] DEBUG: KEPT: chr20:45578660 T>A
2026-06-02 15:36:14,769 [accessibility_filter] DEBUG: KEPT: chr20:45578686 C>T
2026-06-02 15:36:14,769 [accessibility_filter] DEBUG: REMOVED: chr20:45738868 C>T — not in accessible region
2026-06-02 15:36:14,769 [accessibility_filter] DEBUG: REMOVED: chr20:45845837 G>T — not in accessible region
2026-06-02 15:36:14,769 [accessibility_filter] DEBUG: REMOVED: chr20:45864633 C>T — not in accessible region
2026-06-02 15:36:14,769 [accessibility_filter] DEBUG: REMOVED: chr20:45869009 T>C — not in accessible region
2026-06-02 15:36:14,769 [accessibility_filter] DEBUG: KEPT: chr20:46492519 G>A
2026-06-02 15:36:14,769 [accessibility_filter] DEBUG: REMOVED: chr20:46842546 A>T — not in accessible region
2026-06-02 15:36:14,769 [accessibility_filter] DEBUG: REMOVED: chr20:46845558 A>C — not in accessible region
2026-06-02 15:36:14,769 [accessibility_filter] DEBUG: KEPT: chr20:46969925 G>A
2026-06-02 15:36:14,769 [accessibility_filter] DEBUG: KEPT: chr20:47053475 G>T
2026-06-02 15:36:14,769 [accessibility_filter] DEBUG: KEPT: chr20:47160262 T>G
2026-06-02 15:36:14,769 [accessibility_filter] DEBUG: REMOVED: chr20:47160841 T>C — not in accessible region
2026-06-02 15:36:14,769 [accessibility_filter] DEBUG: KEPT: chr20:47161314 T>C
2026-06-02 15:36:14,769 [accessibility_filter] DEBUG: KEPT: chr20:47161626 C>G
2026-06-02 15:36:14,769 [accessibility_filter] DEBUG: KEPT: chr20:47161650 A>G
2026-06-02 15:36:14,769 [accessibility_filter] DEBUG: KEPT: chr20:47161762 T>A
2026-06-02 15:36:14,769 [accessibility_filter] DEBUG: KEPT: chr20:47161905 G>A
2026-06-02 15:36:14,769 [accessibility_filter] DEBUG: KEPT: chr20:47164305 T>C
2026-06-02 15:36:14,769 [accessibility_filter] DEBUG: KEPT: chr20:47164669 G>T
2026-06-02 15:36:14,769 [accessibility_filter] DEBUG: KEPT: chr20:47164894 A>G
2026-06-02 15:36:14,769 [accessibility_filter] DEBUG: KEPT: chr20:47164991 G>A
2026-06-02 15:36:14,769 [accessibility_filter] DEBUG: KEPT: chr20:47165521 T>A
2026-06-02 15:36:14,769 [accessibility_filter] DEBUG: REMOVED: chr20:47166292 C>T — not in accessible region
2026-06-02 15:36:14,769 [accessibility_filter] DEBUG: REMOVED: chr20:47166394 A>T — not in accessible region
2026-06-02 15:36:14,769 [accessibility_filter] DEBUG: KEPT: chr20:47167102 C>T
2026-06-02 15:36:14,769 [accessibility_filter] DEBUG: REMOVED: chr20:47167504 A>G — not in accessible region
2026-06-02 15:36:14,769 [accessibility_filter] DEBUG: KEPT: chr20:47167615 T>C
2026-06-02 15:36:14,769 [accessibility_filter] DEBUG: REMOVED: chr20:47168306 C>T — not in accessible region
2026-06-02 15:36:14,769 [accessibility_filter] DEBUG: REMOVED: chr20:47168317 G>A — not in accessible region
2026-06-02 15:36:14,769 [accessibility_filter] DEBUG: KEPT: chr20:47168611 T>C
2026-06-02 15:36:14,769 [accessibility_filter] DEBUG: KEPT: chr20:47168991 A>G
2026-06-02 15:36:14,769 [accessibility_filter] DEBUG: KEPT: chr20:47212288 T>C
2026-06-02 15:36:14,769 [accessibility_filter] DEBUG: REMOVED: chr20:47647919 G>T — not in accessible region
2026-06-02 15:36:14,769 [accessibility_filter] DEBUG: REMOVED: chr20:47828295 G>A — not in accessible region
2026-06-02 15:36:14,769 [accessibility_filter] DEBUG: REMOVED: chr20:47828600 C>A — not in accessible region
2026-06-02 15:36:14,769 [accessibility_filter] DEBUG: REMOVED: chr20:47828646 A>G — not in accessible region
2026-06-02 15:36:14,769 [accessibility_filter] DEBUG: REMOVED: chr20:47830219 G>C — not in accessible region
2026-06-02 15:36:14,769 [accessibility_filter] DEBUG: REMOVED: chr20:47833311 T>C — not in accessible region
2026-06-02 15:36:14,769 [accessibility_filter] DEBUG: REMOVED: chr20:47833709 G>C — not in accessible region
2026-06-02 15:36:14,769 [accessibility_filter] DEBUG: REMOVED: chr20:47833711 G>A — not in accessible region
2026-06-02 15:36:14,769 [accessibility_filter] DEBUG: REMOVED: chr20:47836055 C>T — not in accessible region
2026-06-02 15:36:14,769 [accessibility_filter] DEBUG: REMOVED: chr20:47836116 T>C — not in accessible region
2026-06-02 15:36:14,769 [accessibility_filter] DEBUG: KEPT: chr20:47861070 G>C
2026-06-02 15:36:14,769 [accessibility_filter] DEBUG: REMOVED: chr20:47892916 C>G — not in accessible region
2026-06-02 15:36:14,769 [accessibility_filter] DEBUG: REMOVED: chr20:47893796 A>T — not in accessible region
2026-06-02 15:36:14,769 [accessibility_filter] DEBUG: REMOVED: chr20:47896309 A>C — not in accessible region
2026-06-02 15:36:14,770 [accessibility_filter] DEBUG: REMOVED: chr20:47897429 A>C — not in accessible region
2026-06-02 15:36:14,770 [accessibility_filter] DEBUG: REMOVED: chr20:47897836 C>G — not in accessible region
2026-06-02 15:36:14,770 [accessibility_filter] DEBUG: REMOVED: chr20:47902093 G>A — not in accessible region
2026-06-02 15:36:14,770 [accessibility_filter] DEBUG: REMOVED: chr20:47903374 G>C — not in accessible region
2026-06-02 15:36:14,770 [accessibility_filter] DEBUG: KEPT: chr20:48282117 C>T
2026-06-02 15:36:14,770 [accessibility_filter] DEBUG: KEPT: chr20:48294045 T>C
2026-06-02 15:36:14,770 [accessibility_filter] DEBUG: REMOVED: chr20:48472565 C>T — not in accessible region
2026-06-02 15:36:14,770 [accessibility_filter] DEBUG: REMOVED: chr20:48504029 T>C — not in accessible region
2026-06-02 15:36:14,770 [accessibility_filter] DEBUG: REMOVED: chr20:48504326 A>C — not in accessible region
2026-06-02 15:36:14,770 [accessibility_filter] DEBUG: REMOVED: chr20:48507255 G>A — not in accessible region
2026-06-02 15:36:14,770 [accessibility_filter] DEBUG: REMOVED: chr20:48509211 A>C — not in accessible region
2026-06-02 15:36:14,770 [accessibility_filter] DEBUG: REMOVED: chr20:48509649 C>T — not in accessible region
2026-06-02 15:36:14,770 [accessibility_filter] DEBUG: REMOVED: chr20:48510581 T>C — not in accessible region
2026-06-02 15:36:14,770 [accessibility_filter] DEBUG: REMOVED: chr20:48510899 A>C — not in accessible region
2026-06-02 15:36:14,770 [accessibility_filter] DEBUG: REMOVED: chr20:48513687 A>G — not in accessible region
2026-06-02 15:36:14,770 [accessibility_filter] DEBUG: REMOVED: chr20:48513775 A>G — not in accessible region
2026-06-02 15:36:14,770 [accessibility_filter] DEBUG: REMOVED: chr20:48515802 G>A — not in accessible region
2026-06-02 15:36:14,770 [accessibility_filter] DEBUG: REMOVED: chr20:48515838 G>C — not in accessible region
2026-06-02 15:36:14,770 [accessibility_filter] DEBUG: KEPT: chr20:48789721 T>C
2026-06-02 15:36:14,770 [accessibility_filter] DEBUG: REMOVED: chr20:48975813 G>A — not in accessible region
2026-06-02 15:36:14,770 [accessibility_filter] DEBUG: REMOVED: chr20:49181766 C>A — not in accessible region
2026-06-02 15:36:14,770 [accessibility_filter] DEBUG: KEPT: chr20:49680030 T>C
2026-06-02 15:36:14,770 [accessibility_filter] DEBUG: KEPT: chr20:49695957 G>A
2026-06-02 15:36:14,770 [accessibility_filter] DEBUG: REMOVED: chr20:49963473 G>C — not in accessible region
2026-06-02 15:36:14,770 [accessibility_filter] DEBUG: KEPT: chr20:50275405 G>A
2026-06-02 15:36:14,770 [accessibility_filter] DEBUG: REMOVED: chr20:50334918 G>A — not in accessible region
2026-06-02 15:36:14,770 [accessibility_filter] DEBUG: REMOVED: chr20:50640415 C>G — not in accessible region
2026-06-02 15:36:14,770 [accessibility_filter] DEBUG: KEPT: chr20:51018871 C>T
2026-06-02 15:36:14,770 [accessibility_filter] DEBUG: REMOVED: chr20:51085322 T>A — not in accessible region
2026-06-02 15:36:14,770 [accessibility_filter] DEBUG: REMOVED: chr20:51687775 A>G — not in accessible region
2026-06-02 15:36:14,770 [accessibility_filter] DEBUG: REMOVED: chr20:51989929 C>T — not in accessible region
2026-06-02 15:36:14,770 [accessibility_filter] DEBUG: KEPT: chr20:52328285 G>T
2026-06-02 15:36:14,770 [accessibility_filter] DEBUG: REMOVED: chr20:52423965 A>G — not in accessible region
2026-06-02 15:36:14,770 [accessibility_filter] DEBUG: REMOVED: chr20:52486671 T>G — not in accessible region
2026-06-02 15:36:14,770 [accessibility_filter] DEBUG: KEPT: chr20:52552200 G>A
2026-06-02 15:36:14,770 [accessibility_filter] DEBUG: KEPT: chr20:53000459 T>C
2026-06-02 15:36:14,770 [accessibility_filter] DEBUG: REMOVED: chr20:53246040 C>T — not in accessible region
2026-06-02 15:36:14,770 [accessibility_filter] DEBUG: REMOVED: chr20:53421740 T>C — not in accessible region
2026-06-02 15:36:14,770 [accessibility_filter] DEBUG: REMOVED: chr20:53475914 A>C — not in accessible region
2026-06-02 15:36:14,770 [accessibility_filter] DEBUG: REMOVED: chr20:53476136 A>G — not in accessible region
2026-06-02 15:36:14,770 [accessibility_filter] DEBUG: REMOVED: chr20:53476358 G>C — not in accessible region
2026-06-02 15:36:14,770 [accessibility_filter] DEBUG: REMOVED: chr20:53587338 C>A — not in accessible region
2026-06-02 15:36:14,770 [accessibility_filter] DEBUG: KEPT: chr20:54290365 G>A
2026-06-02 15:36:14,770 [accessibility_filter] DEBUG: KEPT: chr20:54510341 C>T
2026-06-02 15:36:14,770 [accessibility_filter] DEBUG: REMOVED: chr20:55075098 A>C — not in accessible region
2026-06-02 15:36:14,770 [accessibility_filter] DEBUG: REMOVED: chr20:55075120 G>C — not in accessible region
2026-06-02 15:36:14,770 [accessibility_filter] DEBUG: KEPT: chr20:55310039 G>C
2026-06-02 15:36:14,770 [accessibility_filter] DEBUG: KEPT: chr20:55367307 C>T
2026-06-02 15:36:14,770 [accessibility_filter] DEBUG: KEPT: chr20:55368617 A>G
2026-06-02 15:36:14,770 [accessibility_filter] DEBUG: KEPT: chr20:55493721 A>G
2026-06-02 15:36:14,770 [accessibility_filter] DEBUG: REMOVED: chr20:55493906 T>C — not in accessible region
2026-06-02 15:36:14,770 [accessibility_filter] DEBUG: KEPT: chr20:55506723 C>T
2026-06-02 15:36:14,770 [accessibility_filter] DEBUG: KEPT: chr20:55507012 C>A
2026-06-02 15:36:14,770 [accessibility_filter] DEBUG: KEPT: chr20:55507381 C>T
2026-06-02 15:36:14,770 [accessibility_filter] DEBUG: REMOVED: chr20:55507514 G>A — not in accessible region
2026-06-02 15:36:14,770 [accessibility_filter] DEBUG: KEPT: chr20:55508763 T>G
2026-06-02 15:36:14,770 [accessibility_filter] DEBUG: KEPT: chr20:55508793 G>A
2026-06-02 15:36:14,770 [accessibility_filter] DEBUG: KEPT: chr20:55509036 G>T
2026-06-02 15:36:14,770 [accessibility_filter] DEBUG: KEPT: chr20:55509503 A>G
2026-06-02 15:36:14,770 [accessibility_filter] DEBUG: KEPT: chr20:55509656 C>G
2026-06-02 15:36:14,770 [accessibility_filter] DEBUG: KEPT: chr20:55512430 T>C
2026-06-02 15:36:14,771 [accessibility_filter] DEBUG: KEPT: chr20:55512739 C>A
2026-06-02 15:36:14,771 [accessibility_filter] DEBUG: KEPT: chr20:55513097 T>C
2026-06-02 15:36:14,771 [accessibility_filter] DEBUG: KEPT: chr20:55514112 A>G
2026-06-02 15:36:14,771 [accessibility_filter] DEBUG: KEPT: chr20:55514328 G>C
2026-06-02 15:36:14,771 [accessibility_filter] DEBUG: KEPT: chr20:55515104 C>T
2026-06-02 15:36:14,771 [accessibility_filter] DEBUG: KEPT: chr20:55515469 C>G
2026-06-02 15:36:14,771 [accessibility_filter] DEBUG: KEPT: chr20:55515470 A>G
2026-06-02 15:36:14,771 [accessibility_filter] DEBUG: KEPT: chr20:55515983 A>G
2026-06-02 15:36:14,771 [accessibility_filter] DEBUG: KEPT: chr20:55516093 A>C
2026-06-02 15:36:14,771 [accessibility_filter] DEBUG: KEPT: chr20:55516495 C>T
2026-06-02 15:36:14,771 [accessibility_filter] DEBUG: KEPT: chr20:55516695 T>C
2026-06-02 15:36:14,771 [accessibility_filter] DEBUG: KEPT: chr20:55516839 C>T
2026-06-02 15:36:14,771 [accessibility_filter] DEBUG: KEPT: chr20:55516860 T>C
2026-06-02 15:36:14,771 [accessibility_filter] DEBUG: KEPT: chr20:55517366 T>C
2026-06-02 15:36:14,771 [accessibility_filter] DEBUG: KEPT: chr20:55517491 C>A
2026-06-02 15:36:14,771 [accessibility_filter] DEBUG: REMOVED: chr20:55517549 C>T — not in accessible region
2026-06-02 15:36:14,771 [accessibility_filter] DEBUG: KEPT: chr20:55517883 T>C
2026-06-02 15:36:14,771 [accessibility_filter] DEBUG: REMOVED: chr20:55518747 G>T — not in accessible region
2026-06-02 15:36:14,771 [accessibility_filter] DEBUG: KEPT: chr20:55519230 A>C
2026-06-02 15:36:14,771 [accessibility_filter] DEBUG: KEPT: chr20:55519330 G>C
2026-06-02 15:36:14,771 [accessibility_filter] DEBUG: KEPT: chr20:55520092 A>G
2026-06-02 15:36:14,771 [accessibility_filter] DEBUG: KEPT: chr20:55521388 T>C
2026-06-02 15:36:14,771 [accessibility_filter] DEBUG: KEPT: chr20:55521666 T>C
2026-06-02 15:36:14,771 [accessibility_filter] DEBUG: KEPT: chr20:55521945 C>T
2026-06-02 15:36:14,771 [accessibility_filter] DEBUG: KEPT: chr20:55522144 T>A
2026-06-02 15:36:14,771 [accessibility_filter] DEBUG: KEPT: chr20:55522149 T>G
2026-06-02 15:36:14,771 [accessibility_filter] DEBUG: KEPT: chr20:55523192 G>T
2026-06-02 15:36:14,771 [accessibility_filter] DEBUG: KEPT: chr20:55523339 A>T
2026-06-02 15:36:14,771 [accessibility_filter] DEBUG: KEPT: chr20:55525044 G>A
2026-06-02 15:36:14,771 [accessibility_filter] DEBUG: REMOVED: chr20:55525374 T>A — not in accessible region
2026-06-02 15:36:14,771 [accessibility_filter] DEBUG: KEPT: chr20:55525961 C>G
2026-06-02 15:36:14,771 [accessibility_filter] DEBUG: REMOVED: chr20:55526469 G>T — not in accessible region
2026-06-02 15:36:14,771 [accessibility_filter] DEBUG: REMOVED: chr20:55526493 C>G — not in accessible region
2026-06-02 15:36:14,771 [accessibility_filter] DEBUG: KEPT: chr20:55527790 C>A
2026-06-02 15:36:14,771 [accessibility_filter] DEBUG: KEPT: chr20:55529408 A>T
2026-06-02 15:36:14,771 [accessibility_filter] DEBUG: KEPT: chr20:55532112 G>A
2026-06-02 15:36:14,771 [accessibility_filter] DEBUG: REMOVED: chr20:55532228 C>T — not in accessible region
2026-06-02 15:36:14,771 [accessibility_filter] DEBUG: REMOVED: chr20:55533016 T>C — not in accessible region
2026-06-02 15:36:14,771 [accessibility_filter] DEBUG: KEPT: chr20:55533358 C>T
2026-06-02 15:36:14,771 [accessibility_filter] DEBUG: KEPT: chr20:55534016 G>T
2026-06-02 15:36:14,771 [accessibility_filter] DEBUG: KEPT: chr20:55534531 A>G
2026-06-02 15:36:14,771 [accessibility_filter] DEBUG: KEPT: chr20:55534659 G>C
2026-06-02 15:36:14,771 [accessibility_filter] DEBUG: KEPT: chr20:55535662 C>T
2026-06-02 15:36:14,771 [accessibility_filter] DEBUG: KEPT: chr20:55537005 C>A
2026-06-02 15:36:14,771 [accessibility_filter] DEBUG: KEPT: chr20:55540539 G>A
2026-06-02 15:36:14,771 [accessibility_filter] DEBUG: KEPT: chr20:55540954 C>A
2026-06-02 15:36:14,771 [accessibility_filter] DEBUG: KEPT: chr20:55541245 T>C
2026-06-02 15:36:14,771 [accessibility_filter] DEBUG: KEPT: chr20:55541500 T>A
2026-06-02 15:36:14,771 [accessibility_filter] DEBUG: KEPT: chr20:55541596 G>T
2026-06-02 15:36:14,771 [accessibility_filter] DEBUG: KEPT: chr20:55542129 T>C
2026-06-02 15:36:14,771 [accessibility_filter] DEBUG: KEPT: chr20:55542447 G>A
2026-06-02 15:36:14,771 [accessibility_filter] DEBUG: KEPT: chr20:55542527 A>G
2026-06-02 15:36:14,771 [accessibility_filter] DEBUG: REMOVED: chr20:55542920 T>C — not in accessible region
2026-06-02 15:36:14,771 [accessibility_filter] DEBUG: KEPT: chr20:55543037 G>T
2026-06-02 15:36:14,771 [accessibility_filter] DEBUG: KEPT: chr20:55543270 C>T
2026-06-02 15:36:14,771 [accessibility_filter] DEBUG: KEPT: chr20:55543397 A>G
2026-06-02 15:36:14,771 [accessibility_filter] DEBUG: KEPT: chr20:55543443 C>T
2026-06-02 15:36:14,771 [accessibility_filter] DEBUG: KEPT: chr20:55544563 A>G
2026-06-02 15:36:14,771 [accessibility_filter] DEBUG: KEPT: chr20:55544778 T>C
2026-06-02 15:36:14,771 [accessibility_filter] DEBUG: KEPT: chr20:55545023 T>C
2026-06-02 15:36:14,771 [accessibility_filter] DEBUG: KEPT: chr20:55545198 G>A
2026-06-02 15:36:14,771 [accessibility_filter] DEBUG: KEPT: chr20:55545292 G>C
2026-06-02 15:36:14,771 [accessibility_filter] DEBUG: KEPT: chr20:55546331 T>C
2026-06-02 15:36:14,771 [accessibility_filter] DEBUG: KEPT: chr20:55546365 T>C
2026-06-02 15:36:14,772 [accessibility_filter] DEBUG: KEPT: chr20:55546986 A>G
2026-06-02 15:36:14,772 [accessibility_filter] DEBUG: KEPT: chr20:55547580 C>A
2026-06-02 15:36:14,772 [accessibility_filter] DEBUG: KEPT: chr20:55547735 G>A
2026-06-02 15:36:14,772 [accessibility_filter] DEBUG: KEPT: chr20:55847519 A>G
2026-06-02 15:36:14,772 [accessibility_filter] DEBUG: KEPT: chr20:55954627 G>A
2026-06-02 15:36:14,772 [accessibility_filter] DEBUG: REMOVED: chr20:56028975 T>C — not in accessible region
2026-06-02 15:36:14,772 [accessibility_filter] DEBUG: REMOVED: chr20:56122444 C>T — not in accessible region
2026-06-02 15:36:14,772 [accessibility_filter] DEBUG: REMOVED: chr20:56365896 G>A — not in accessible region
2026-06-02 15:36:14,772 [accessibility_filter] DEBUG: KEPT: chr20:57630852 C>T
2026-06-02 15:36:14,772 [accessibility_filter] DEBUG: REMOVED: chr20:57662714 A>C — not in accessible region
2026-06-02 15:36:14,772 [accessibility_filter] DEBUG: KEPT: chr20:57686276 G>A
2026-06-02 15:36:14,772 [accessibility_filter] DEBUG: KEPT: chr20:57721435 C>T
2026-06-02 15:36:14,772 [accessibility_filter] DEBUG: KEPT: chr20:57830448 G>T
2026-06-02 15:36:14,772 [accessibility_filter] DEBUG: KEPT: chr20:58232861 A>T
2026-06-02 15:36:14,772 [accessibility_filter] DEBUG: KEPT: chr20:58252069 C>G
2026-06-02 15:36:14,772 [accessibility_filter] DEBUG: KEPT: chr20:58381833 G>A
2026-06-02 15:36:14,772 [accessibility_filter] DEBUG: REMOVED: chr20:58414805 C>T — not in accessible region
2026-06-02 15:36:14,772 [accessibility_filter] DEBUG: KEPT: chr20:58761907 A>G
2026-06-02 15:36:14,772 [accessibility_filter] DEBUG: KEPT: chr20:59719543 G>T
2026-06-02 15:36:14,772 [accessibility_filter] DEBUG: KEPT: chr20:59743834 G>C
2026-06-02 15:36:14,772 [accessibility_filter] DEBUG: KEPT: chr20:59874526 C>T
2026-06-02 15:36:14,772 [accessibility_filter] DEBUG: REMOVED: chr20:59948049 G>A — not in accessible region
2026-06-02 15:36:14,772 [accessibility_filter] DEBUG: KEPT: chr20:60507600 C>T
2026-06-02 15:36:14,772 [accessibility_filter] DEBUG: REMOVED: chr20:60787078 C>T — not in accessible region
2026-06-02 15:36:14,772 [accessibility_filter] DEBUG: KEPT: chr20:61019912 A>G
2026-06-02 15:36:14,772 [accessibility_filter] DEBUG: KEPT: chr20:61362348 G>A
2026-06-02 15:36:14,772 [accessibility_filter] DEBUG: REMOVED: chr20:61653150 A>G — not in accessible region
2026-06-02 15:36:14,772 [accessibility_filter] DEBUG: REMOVED: chr20:61777709 C>T — not in accessible region
2026-06-02 15:36:14,772 [accessibility_filter] DEBUG: REMOVED: chr20:61911833 A>G — not in accessible region
2026-06-02 15:36:14,772 [accessibility_filter] DEBUG: REMOVED: chr20:61947923 T>C — not in accessible region
2026-06-02 15:36:14,772 [accessibility_filter] DEBUG: REMOVED: chr20:61947954 A>C — not in accessible region
2026-06-02 15:36:14,772 [accessibility_filter] DEBUG: KEPT: chr20:62132054 T>A
2026-06-02 15:36:14,772 [accessibility_filter] DEBUG: REMOVED: chr20:62186540 T>G — not in accessible region
2026-06-02 15:36:14,772 [accessibility_filter] DEBUG: KEPT: chr20:62407443 G>C
2026-06-02 15:36:14,772 [accessibility_filter] DEBUG: KEPT: chr20:62407449 A>G
2026-06-02 15:36:14,772 [accessibility_filter] DEBUG: KEPT: chr20:62413461 G>T
2026-06-02 15:36:14,772 [accessibility_filter] DEBUG: REMOVED: chr20:62440039 C>T — not in accessible region
2026-06-02 15:36:14,772 [accessibility_filter] DEBUG: KEPT: chr20:62516553 T>C
2026-06-02 15:36:14,772 [accessibility_filter] DEBUG: KEPT: chr20:62516579 A>G
2026-06-02 15:36:14,772 [accessibility_filter] DEBUG: KEPT: chr20:62516743 A>G
2026-06-02 15:36:14,772 [accessibility_filter] DEBUG: KEPT: chr20:62516765 C>G
2026-06-02 15:36:14,772 [accessibility_filter] DEBUG: KEPT: chr20:62517064 G>T
2026-06-02 15:36:14,772 [accessibility_filter] DEBUG: KEPT: chr20:62517232 C>T
2026-06-02 15:36:14,772 [accessibility_filter] DEBUG: KEPT: chr20:62518069 C>T
2026-06-02 15:36:14,772 [accessibility_filter] DEBUG: KEPT: chr20:62518258 A>G
2026-06-02 15:36:14,772 [accessibility_filter] DEBUG: KEPT: chr20:62518488 T>A
2026-06-02 15:36:14,772 [accessibility_filter] DEBUG: KEPT: chr20:62518731 T>C
2026-06-02 15:36:14,772 [accessibility_filter] DEBUG: KEPT: chr20:62518896 G>C
2026-06-02 15:36:14,772 [accessibility_filter] DEBUG: KEPT: chr20:62519168 G>A
2026-06-02 15:36:14,772 [accessibility_filter] DEBUG: KEPT: chr20:62519278 T>C
2026-06-02 15:36:14,772 [accessibility_filter] DEBUG: KEPT: chr20:62519504 G>C
2026-06-02 15:36:14,772 [accessibility_filter] DEBUG: KEPT: chr20:62519736 C>T
2026-06-02 15:36:14,772 [accessibility_filter] DEBUG: KEPT: chr20:62519762 G>A
2026-06-02 15:36:14,772 [accessibility_filter] DEBUG: KEPT: chr20:62520136 G>A
2026-06-02 15:36:14,772 [accessibility_filter] DEBUG: REMOVED: chr20:62520287 G>C — not in accessible region
2026-06-02 15:36:14,772 [accessibility_filter] DEBUG: REMOVED: chr20:62520822 T>G — not in accessible region
2026-06-02 15:36:14,772 [accessibility_filter] DEBUG: KEPT: chr20:62521416 T>C
2026-06-02 15:36:14,772 [accessibility_filter] DEBUG: REMOVED: chr20:62521567 A>G — not in accessible region
2026-06-02 15:36:14,772 [accessibility_filter] DEBUG: REMOVED: chr20:62521979 G>A — not in accessible region
2026-06-02 15:36:14,772 [accessibility_filter] DEBUG: KEPT: chr20:62522726 G>A
2026-06-02 15:36:14,772 [accessibility_filter] DEBUG: KEPT: chr20:62524658 G>A
2026-06-02 15:36:14,773 [accessibility_filter] DEBUG: KEPT: chr20:62525091 T>C
2026-06-02 15:36:14,773 [accessibility_filter] DEBUG: KEPT: chr20:62525230 C>T
2026-06-02 15:36:14,773 [accessibility_filter] DEBUG: KEPT: chr20:62526314 T>C
2026-06-02 15:36:14,773 [accessibility_filter] DEBUG: KEPT: chr20:62526691 G>A
2026-06-02 15:36:14,773 [accessibility_filter] DEBUG: REMOVED: chr20:62528316 T>G — not in accessible region
2026-06-02 15:36:14,773 [accessibility_filter] DEBUG: KEPT: chr20:62528699 T>C
2026-06-02 15:36:14,773 [accessibility_filter] DEBUG: KEPT: chr20:62529114 A>G
2026-06-02 15:36:14,773 [accessibility_filter] DEBUG: KEPT: chr20:62529139 T>C
2026-06-02 15:36:14,773 [accessibility_filter] DEBUG: KEPT: chr20:62529360 G>T
2026-06-02 15:36:14,773 [accessibility_filter] DEBUG: KEPT: chr20:62529938 T>G
2026-06-02 15:36:14,773 [accessibility_filter] DEBUG: KEPT: chr20:62531403 C>T
2026-06-02 15:36:14,773 [accessibility_filter] DEBUG: KEPT: chr20:62531677 T>A
2026-06-02 15:36:14,773 [accessibility_filter] DEBUG: KEPT: chr20:62531693 G>A
2026-06-02 15:36:14,773 [accessibility_filter] DEBUG: KEPT: chr20:62534111 C>T
2026-06-02 15:36:14,773 [accessibility_filter] DEBUG: KEPT: chr20:62534626 C>T
2026-06-02 15:36:14,773 [accessibility_filter] DEBUG: KEPT: chr20:62534965 C>T
2026-06-02 15:36:14,773 [accessibility_filter] DEBUG: KEPT: chr20:62535061 C>T
2026-06-02 15:36:14,773 [accessibility_filter] DEBUG: KEPT: chr20:62535583 C>T
2026-06-02 15:36:14,773 [accessibility_filter] DEBUG: KEPT: chr20:62536452 T>G
2026-06-02 15:36:14,773 [accessibility_filter] DEBUG: KEPT: chr20:62537682 C>G
2026-06-02 15:36:14,773 [accessibility_filter] DEBUG: KEPT: chr20:62537936 T>C
2026-06-02 15:36:14,773 [accessibility_filter] DEBUG: KEPT: chr20:62539175 G>A
2026-06-02 15:36:14,773 [accessibility_filter] DEBUG: KEPT: chr20:62539366 A>G
2026-06-02 15:36:14,773 [accessibility_filter] DEBUG: KEPT: chr20:62539413 T>C
2026-06-02 15:36:14,773 [accessibility_filter] DEBUG: KEPT: chr20:62539639 G>A
2026-06-02 15:36:14,773 [accessibility_filter] DEBUG: KEPT: chr20:62539964 G>C
2026-06-02 15:36:14,773 [accessibility_filter] DEBUG: KEPT: chr20:62540103 G>A
2026-06-02 15:36:14,773 [accessibility_filter] DEBUG: KEPT: chr20:62540109 C>G
2026-06-02 15:36:14,773 [accessibility_filter] DEBUG: KEPT: chr20:62540671 T>C
2026-06-02 15:36:14,773 [accessibility_filter] DEBUG: KEPT: chr20:62541430 T>G
2026-06-02 15:36:14,773 [accessibility_filter] DEBUG: KEPT: chr20:62541618 A>G
2026-06-02 15:36:14,773 [accessibility_filter] DEBUG: KEPT: chr20:62542576 G>A
2026-06-02 15:36:14,773 [accessibility_filter] DEBUG: REMOVED: chr20:62542809 T>C — not in accessible region
2026-06-02 15:36:14,773 [accessibility_filter] DEBUG: KEPT: chr20:62542818 T>C
2026-06-02 15:36:14,773 [accessibility_filter] DEBUG: KEPT: chr20:62543510 T>G
2026-06-02 15:36:14,773 [accessibility_filter] DEBUG: KEPT: chr20:62543555 A>G
2026-06-02 15:36:14,773 [accessibility_filter] DEBUG: KEPT: chr20:62543888 T>C
2026-06-02 15:36:14,773 [accessibility_filter] DEBUG: KEPT: chr20:62543970 C>T
2026-06-02 15:36:14,773 [accessibility_filter] DEBUG: KEPT: chr20:62544110 T>C
2026-06-02 15:36:14,773 [accessibility_filter] DEBUG: KEPT: chr20:62616254 T>G
2026-06-02 15:36:14,773 [accessibility_filter] DEBUG: KEPT: chr20:62616452 G>A
2026-06-02 15:36:14,773 [accessibility_filter] DEBUG: KEPT: chr20:62616911 T>C
2026-06-02 15:36:14,773 [accessibility_filter] DEBUG: KEPT: chr20:62617076 G>A
2026-06-02 15:36:14,773 [accessibility_filter] DEBUG: KEPT: chr20:62618376 A>G
2026-06-02 15:36:14,773 [accessibility_filter] DEBUG: KEPT: chr20:62618420 T>C
2026-06-02 15:36:14,773 [accessibility_filter] DEBUG: KEPT: chr20:62618957 G>A
2026-06-02 15:36:14,773 [accessibility_filter] DEBUG: KEPT: chr20:62619148 A>G
2026-06-02 15:36:14,773 [accessibility_filter] DEBUG: KEPT: chr20:62619535 A>G
2026-06-02 15:36:14,773 [accessibility_filter] DEBUG: KEPT: chr20:62619699 T>C
2026-06-02 15:36:14,773 [accessibility_filter] DEBUG: REMOVED: chr20:62620106 G>A — not in accessible region
2026-06-02 15:36:14,773 [accessibility_filter] DEBUG: REMOVED: chr20:62620209 C>G — not in accessible region
2026-06-02 15:36:14,773 [accessibility_filter] DEBUG: KEPT: chr20:62621447 T>C
2026-06-02 15:36:14,773 [accessibility_filter] DEBUG: REMOVED: chr20:62622421 C>T — not in accessible region
2026-06-02 15:36:14,773 [accessibility_filter] DEBUG: KEPT: chr20:62622874 C>T
2026-06-02 15:36:14,773 [accessibility_filter] DEBUG: KEPT: chr20:62623171 C>T
2026-06-02 15:36:14,773 [accessibility_filter] DEBUG: KEPT: chr20:62625306 C>T
2026-06-02 15:36:14,773 [accessibility_filter] DEBUG: REMOVED: chr20:62627425 A>T — not in accessible region
2026-06-02 15:36:14,773 [accessibility_filter] DEBUG: KEPT: chr20:62665239 C>T
2026-06-02 15:36:14,773 [accessibility_filter] DEBUG: KEPT: chr20:62824314 A>G
2026-06-02 15:36:14,773 [accessibility_filter] DEBUG: KEPT: chr20:63094259 C>T
2026-06-02 15:36:14,773 [accessibility_filter] DEBUG: KEPT: chr20:63094263 A>G
2026-06-02 15:36:14,773 [accessibility_filter] DEBUG: REMOVED: chr20:63303882 A>T — not in accessible region
2026-06-02 15:36:14,773 [accessibility_filter] DEBUG: REMOVED: chr20:63304430 G>C — not in accessible region
2026-06-02 15:36:14,773 [accessibility_filter] DEBUG: KEPT: chr20:63923947 G>A
2026-06-02 15:36:14,774 [accessibility_filter] DEBUG: REMOVED: chr20:64123974 T>C — not in accessible region
2026-06-02 15:36:14,774 [accessibility_filter] DEBUG: REMOVED: chr20:64175283 G>A — not in accessible region
2026-06-02 15:36:14,774 [accessibility_filter] DEBUG: KEPT: chr20:64270180 G>A
2026-06-02 15:36:14,774 [accessibility_filter] DEBUG: REMOVED: chr20:64288990 T>C — not in accessible region
2026-06-02 15:36:14,774 [accessibility_filter] DEBUG: REMOVED: chr20:64293957 C>T — not in accessible region
2026-06-02 15:36:14,774 [accessibility_filter] DEBUG: REMOVED: chr20:64301224 T>C — not in accessible region
2026-06-02 15:36:14,774 [accessibility_filter] DEBUG: REMOVED: chr20:64301930 C>G — not in accessible region
2026-06-02 15:36:14,774 [accessibility_filter] DEBUG: REMOVED: chr20:64303122 A>G — not in accessible region
2026-06-02 15:36:14,774 [accessibility_filter] DEBUG: REMOVED: chr20:64308053 G>T — not in accessible region
2026-06-02 15:36:14,774 [accessibility_filter] DEBUG: REMOVED: chr20:64309689 A>G — not in accessible region
2026-06-02 15:36:14,774 [accessibility_filter] DEBUG: REMOVED: chr20:64310744 T>C — not in accessible region
2026-06-02 15:36:14,774 [accessibility_filter] DEBUG: REMOVED: chr20:64311893 C>T — not in accessible region
2026-06-02 15:36:14,774 [accessibility_filter] DEBUG: REMOVED: chr20:64313634 G>A — not in accessible region
2026-06-02 15:36:14,774 [accessibility_filter] DEBUG: REMOVED: chr20:64314254 A>T — not in accessible region
2026-06-02 15:36:14,774 [accessibility_filter] DEBUG: REMOVED: chr20:64327334 G>C — not in accessible region
2026-06-02 15:36:14,774 [accessibility_filter] DEBUG: REMOVED: chr20:64329965 G>A — not in accessible region
2026-06-02 15:36:14,774 [accessibility_filter] DEBUG: REMOVED: chr20:64330371 C>T — not in accessible region
2026-06-02 15:36:14,774 [accessibility_filter] DEBUG: REMOVED: chr20:64330628 C>G — not in accessible region
2026-06-02 15:36:14,774 [accessibility_filter] DEBUG: REMOVED: chr20:64333013 T>G — not in accessible region
2026-06-02 15:36:14,774 [accessibility_filter] DEBUG: REMOVED: chr20:64333832 C>A — not in accessible region
2026-06-02 15:36:14,901 [accessibility_filter] INFO: ================================================================
2026-06-02 15:36:14,901 [accessibility_filter] INFO: RESULTS:
2026-06-02 15:36:14,901 [accessibility_filter] INFO:   variants_input=3564
2026-06-02 15:36:14,902 [accessibility_filter] INFO:   variants_kept=666
2026-06-02 15:36:14,902 [accessibility_filter] INFO:   variants_removed=2898
2026-06-02 15:36:14,902 [accessibility_filter] INFO:   chrom_not_in_bed=0
2026-06-02 15:36:14,902 [accessibility_filter] INFO:   pass_rate=18.7%
2026-06-02 15:36:14,902 [accessibility_filter] INFO:   elapsed=4.8 seconds
2026-06-02 15:36:14,902 [accessibility_filter] INFO: END accessibility_filter
2026-06-02 15:36:14,902 [accessibility_filter] INFO: ================================================================
[accessibility_filter] variants_kept=666
[accessibility_filter] END 2026-06-02T15:36:14+09:00
================================================================
