
sambamba 0.8.2
 by Artem Tarasov and Pjotr Prins (C) 2012-2021
    LDC 1.28.1 / DMD v2.098.1 / LLVM12.0.0 / bootstrap LDC - the LLVM D compiler (1.28.1)


sambamba 0.8.2
 by Artem Tarasov and Pjotr Prins (C) 2012-2021
    LDC 1.28.1 / DMD v2.098.1 / LLVM12.0.0 / bootstrap LDC - the LLVM D compiler (1.28.1)

[M::bwa_idx_load_from_disk] read 0 ALT contigs
[M::process] read 3960398 sequences (400000198 bp)...
[M::process] read 3960398 sequences (400000198 bp)...
[M::mem_pestat] # candidate unique pairs for (FF, FR, RF, RR): (156, 821057, 38, 24)
[M::mem_pestat] analyzing insert size distribution for orientation FF...
[M::mem_pestat] (25, 50, 75) percentile: (121, 204, 267)
[M::mem_pestat] low and high boundaries for computing mean and std.dev: (1, 559)
[M::mem_pestat] mean and std.dev: (194.98, 96.47)
[M::mem_pestat] low and high boundaries for proper pairs: (1, 705)
[M::mem_pestat] analyzing insert size distribution for orientation FR...
[M::mem_pestat] (25, 50, 75) percentile: (275, 318, 363)
[M::mem_pestat] low and high boundaries for computing mean and std.dev: (99, 539)
[M::mem_pestat] mean and std.dev: (318.85, 68.98)
[M::mem_pestat] low and high boundaries for proper pairs: (11, 627)
[M::mem_pestat] analyzing insert size distribution for orientation RF...
[M::mem_pestat] (25, 50, 75) percentile: (335, 386, 413)
[M::mem_pestat] low and high boundaries for computing mean and std.dev: (179, 569)
[M::mem_pestat] mean and std.dev: (382.30, 57.16)
[M::mem_pestat] low and high boundaries for proper pairs: (101, 647)
[M::mem_pestat] analyzing insert size distribution for orientation RR...
[M::mem_pestat] (25, 50, 75) percentile: (240, 1125, 1634)
[M::mem_pestat] low and high boundaries for computing mean and std.dev: (1, 4422)
[M::mem_pestat] mean and std.dev: (1064.29, 852.82)
[M::mem_pestat] low and high boundaries for proper pairs: (1, 5816)
[M::mem_pestat] skip orientation FF
[M::mem_pestat] skip orientation RF
[M::mem_pestat] skip orientation RR
[M::mem_process_seqs] Processed 3960398 reads in 635.198 CPU sec, 16.278 real sec
[M::mem_pestat] # candidate unique pairs for (FF, FR, RF, RR): (178, 1768737, 20, 71)
[M::mem_pestat] analyzing insert size distribution for orientation FF...
[M::mem_pestat] (25, 50, 75) percentile: (183, 257, 483)
[M::mem_pestat] low and high boundaries for computing mean and std.dev: (1, 1083)
[M::mem_pestat] mean and std.dev: (273.93, 186.43)
[M::mem_pestat] low and high boundaries for proper pairs: (1, 1383)
[M::mem_pestat] analyzing insert size distribution for orientation FR...
[M::mem_pestat] (25, 50, 75) percentile: (276, 318, 362)
[M::mem_pestat] low and high boundaries for computing mean and std.dev: (104, 534)
[M::mem_pestat] mean and std.dev: (319.11, 66.67)
[M::mem_pestat] low and high boundaries for proper pairs: (18, 620)
[M::mem_pestat] analyzing insert size distribution for orientation RF...
[M::mem_pestat] (25, 50, 75) percentile: (122, 310, 1779)
[M::mem_pestat] low and high boundaries for computing mean and std.dev: (1, 5093)
[M::mem_pestat] mean and std.dev: (698.35, 980.07)
[M::mem_pestat] low and high boundaries for proper pairs: (1, 6750)
[M::mem_pestat] analyzing insert size distribution for orientation RR...
[M::mem_pestat] (25, 50, 75) percentile: (741, 1068, 1514)
[M::mem_pestat] low and high boundaries for computing mean and std.dev: (1, 3060)
[M::mem_pestat] mean and std.dev: (978.18, 514.62)
[M::mem_pestat] low and high boundaries for proper pairs: (1, 3833)
[M::mem_pestat] skip orientation FF
[M::mem_pestat] skip orientation RF
[M::mem_pestat] skip orientation RR
[M::mem_process_seqs] Processed 3960398 reads in 916.639 CPU sec, 23.877 real sec
[M::process] read 3960398 sequences (400000198 bp)...
[M::mem_pestat] # candidate unique pairs for (FF, FR, RF, RR): (141, 1502504, 39, 33)
[M::mem_pestat] analyzing insert size distribution for orientation FF...
[M::mem_pestat] (25, 50, 75) percentile: (150, 229, 350)
[M::mem_pestat] low and high boundaries for computing mean and std.dev: (1, 750)
[M::mem_pestat] mean and std.dev: (214.03, 103.44)
[M::mem_pestat] low and high boundaries for proper pairs: (1, 950)
[M::mem_pestat] analyzing insert size distribution for orientation FR...
[M::mem_pestat] (25, 50, 75) percentile: (276, 318, 362)
[M::mem_pestat] low and high boundaries for computing mean and std.dev: (104, 534)
[M::mem_pestat] mean and std.dev: (319.27, 66.77)
[M::mem_pestat] low and high boundaries for proper pairs: (18, 620)
[M::mem_pestat] analyzing insert size distribution for orientation RF...
[M::mem_pestat] (25, 50, 75) percentile: (1583, 1620, 2047)
[M::mem_pestat] low and high boundaries for computing mean and std.dev: (655, 2975)
[M::mem_pestat] mean and std.dev: (1679.27, 194.30)
[M::mem_pestat] low and high boundaries for proper pairs: (191, 3439)
[M::mem_pestat] analyzing insert size distribution for orientation RR...
[M::mem_pestat] (25, 50, 75) percentile: (527, 1187, 1735)
[M::mem_pestat] low and high boundaries for computing mean and std.dev: (1, 4151)
[M::mem_pestat] mean and std.dev: (1198.73, 907.69)
[M::mem_pestat] low and high boundaries for proper pairs: (1, 5359)
[M::mem_pestat] skip orientation FF
[M::mem_pestat] skip orientation RF
[M::mem_pestat] skip orientation RR
[M::mem_process_seqs] Processed 3960398 reads in 1076.921 CPU sec, 27.565 real sec
[M::process] read 3960398 sequences (400000198 bp)...
[M::mem_pestat] # candidate unique pairs for (FF, FR, RF, RR): (188, 1721633, 21, 60)
[M::mem_pestat] analyzing insert size distribution for orientation FF...
[M::mem_pestat] (25, 50, 75) percentile: (180, 264, 404)
[M::mem_pestat] low and high boundaries for computing mean and std.dev: (1, 852)
[M::mem_pestat] mean and std.dev: (255.43, 163.24)
[M::mem_pestat] low and high boundaries for proper pairs: (1, 1076)
[M::mem_pestat] analyzing insert size distribution for orientation FR...
[M::mem_pestat] (25, 50, 75) percentile: (276, 317, 362)
[M::mem_pestat] low and high boundaries for computing mean and std.dev: (104, 534)
[M::mem_pestat] mean and std.dev: (318.88, 66.66)
[M::mem_pestat] low and high boundaries for proper pairs: (18, 620)
[M::mem_pestat] analyzing insert size distribution for orientation RF...
[M::mem_pestat] (25, 50, 75) percentile: (22, 35, 121)
[M::mem_pestat] low and high boundaries for computing mean and std.dev: (1, 319)
[M::mem_pestat] mean and std.dev: (53.74, 51.07)
[M::mem_pestat] low and high boundaries for proper pairs: (1, 418)
[M::mem_pestat] analyzing insert size distribution for orientation RR...
[M::mem_pestat] (25, 50, 75) percentile: (319, 894, 1334)
[M::mem_pestat] low and high boundaries for computing mean and std.dev: (1, 3364)
[M::mem_pestat] mean and std.dev: (917.45, 744.95)
[M::mem_pestat] low and high boundaries for proper pairs: (1, 4379)
[M::mem_pestat] skip orientation FF
[M::mem_pestat] skip orientation RF
[M::mem_pestat] skip orientation RR
[M::mem_process_seqs] Processed 3960398 reads in 1090.919 CPU sec, 28.413 real sec
[M::process] read 3960398 sequences (400000198 bp)...
[M::mem_pestat] # candidate unique pairs for (FF, FR, RF, RR): (190, 1724537, 22, 56)
[M::mem_pestat] analyzing insert size distribution for orientation FF...
[M::mem_pestat] (25, 50, 75) percentile: (203, 272, 564)
[M::mem_pestat] low and high boundaries for computing mean and std.dev: (1, 1286)
[M::mem_pestat] mean and std.dev: (333.57, 258.52)
[M::mem_pestat] low and high boundaries for proper pairs: (1, 1647)
[M::mem_pestat] analyzing insert size distribution for orientation FR...
[M::mem_pestat] (25, 50, 75) percentile: (276, 317, 362)
[M::mem_pestat] low and high boundaries for computing mean and std.dev: (104, 534)
[M::mem_pestat] mean and std.dev: (318.74, 66.62)
[M::mem_pestat] low and high boundaries for proper pairs: (18, 620)
[M::mem_pestat] analyzing insert size distribution for orientation RF...
[M::mem_pestat] (25, 50, 75) percentile: (1881, 1913, 1967)
[M::mem_pestat] low and high boundaries for computing mean and std.dev: (1709, 2139)
[M::mem_pestat] mean and std.dev: (1930.50, 70.69)
[M::mem_pestat] low and high boundaries for proper pairs: (1623, 2225)
[M::mem_pestat] analyzing insert size distribution for orientation RR...
[M::mem_pestat] (25, 50, 75) percentile: (526, 1010, 1913)
[M::mem_pestat] low and high boundaries for computing mean and std.dev: (1, 4687)
[M::mem_pestat] mean and std.dev: (1112.92, 909.70)
[M::mem_pestat] low and high boundaries for proper pairs: (1, 6074)
[M::mem_pestat] skip orientation FF
[M::mem_pestat] skip orientation RF
[M::mem_pestat] skip orientation RR
[M::mem_process_seqs] Processed 3960398 reads in 1139.127 CPU sec, 29.079 real sec
[M::process] read 3960398 sequences (400000198 bp)...
[M::mem_pestat] # candidate unique pairs for (FF, FR, RF, RR): (217, 1774862, 34, 58)
[M::mem_pestat] analyzing insert size distribution for orientation FF...
[M::mem_pestat] (25, 50, 75) percentile: (202, 277, 795)
[M::mem_pestat] low and high boundaries for computing mean and std.dev: (1, 1981)
[M::mem_pestat] mean and std.dev: (440.20, 418.72)
[M::mem_pestat] low and high boundaries for proper pairs: (1, 2574)
[M::mem_pestat] analyzing insert size distribution for orientation FR...
[M::mem_pestat] (25, 50, 75) percentile: (275, 317, 361)
[M::mem_pestat] low and high boundaries for computing mean and std.dev: (103, 533)
[M::mem_pestat] mean and std.dev: (318.46, 66.54)
[M::mem_pestat] low and high boundaries for proper pairs: (17, 619)
[M::mem_pestat] analyzing insert size distribution for orientation RF...
[M::mem_pestat] (25, 50, 75) percentile: (17, 101, 1981)
[M::mem_pestat] low and high boundaries for computing mean and std.dev: (1, 5909)
[M::mem_pestat] mean and std.dev: (649.61, 883.40)
[M::mem_pestat] low and high boundaries for proper pairs: (1, 7873)
[M::mem_pestat] analyzing insert size distribution for orientation RR...
[M::mem_pestat] (25, 50, 75) percentile: (801, 1308, 1873)
[M::mem_pestat] low and high boundaries for computing mean and std.dev: (1, 4017)
[M::mem_pestat] mean and std.dev: (1213.04, 760.43)
[M::mem_pestat] low and high boundaries for proper pairs: (1, 5089)
[M::mem_pestat] skip orientation FF
[M::mem_pestat] skip orientation RF
[M::mem_pestat] skip orientation RR
[M::mem_process_seqs] Processed 3960398 reads in 992.041 CPU sec, 26.049 real sec
[M::process] read 3960398 sequences (400000198 bp)...
[M::mem_pestat] # candidate unique pairs for (FF, FR, RF, RR): (231, 1728178, 3, 87)
[M::mem_pestat] analyzing insert size distribution for orientation FF...
[M::mem_pestat] (25, 50, 75) percentile: (174, 240, 359)
[M::mem_pestat] low and high boundaries for computing mean and std.dev: (1, 729)
[M::mem_pestat] mean and std.dev: (244.18, 143.68)
[M::mem_pestat] low and high boundaries for proper pairs: (1, 914)
[M::mem_pestat] analyzing insert size distribution for orientation FR...
[M::mem_pestat] (25, 50, 75) percentile: (275, 317, 361)
[M::mem_pestat] low and high boundaries for computing mean and std.dev: (103, 533)
[M::mem_pestat] mean and std.dev: (318.28, 66.60)
[M::mem_pestat] low and high boundaries for proper pairs: (17, 619)
[M::mem_pestat] skip orientation RF as there are not enough pairs
[M::mem_pestat] analyzing insert size distribution for orientation RR...
[M::mem_pestat] (25, 50, 75) percentile: (292, 625, 1062)
[M::mem_pestat] low and high boundaries for computing mean and std.dev: (1, 2602)
[M::mem_pestat] mean and std.dev: (745.40, 599.41)
[M::mem_pestat] low and high boundaries for proper pairs: (1, 3372)
[M::mem_pestat] skip orientation FF
[M::mem_pestat] skip orientation RR
[M::mem_process_seqs] Processed 3960398 reads in 1074.307 CPU sec, 27.855 real sec
[M::process] read 3960398 sequences (400000198 bp)...
[M::mem_pestat] # candidate unique pairs for (FF, FR, RF, RR): (163, 1787528, 5, 47)
[M::mem_pestat] analyzing insert size distribution for orientation FF...
[M::mem_pestat] (25, 50, 75) percentile: (151, 220, 281)
[M::mem_pestat] low and high boundaries for computing mean and std.dev: (1, 541)
[M::mem_pestat] mean and std.dev: (199.20, 82.49)
[M::mem_pestat] low and high boundaries for proper pairs: (1, 671)
[M::mem_pestat] analyzing insert size distribution for orientation FR...
[M::mem_pestat] (25, 50, 75) percentile: (275, 316, 360)
[M::mem_pestat] low and high boundaries for computing mean and std.dev: (105, 530)
[M::mem_pestat] mean and std.dev: (317.65, 66.27)
[M::mem_pestat] low and high boundaries for proper pairs: (20, 615)
[M::mem_pestat] skip orientation RF as there are not enough pairs
[M::mem_pestat] analyzing insert size distribution for orientation RR...
[M::mem_pestat] (25, 50, 75) percentile: (314, 800, 1212)
[M::mem_pestat] low and high boundaries for computing mean and std.dev: (1, 3008)
[M::mem_pestat] mean and std.dev: (835.59, 656.30)
[M::mem_pestat] low and high boundaries for proper pairs: (1, 3906)
[M::mem_pestat] skip orientation FF
[M::mem_pestat] skip orientation RR
[M::mem_process_seqs] Processed 3960398 reads in 973.809 CPU sec, 25.570 real sec
[M::process] read 3960398 sequences (400000198 bp)...
[M::mem_pestat] # candidate unique pairs for (FF, FR, RF, RR): (174, 1815896, 30, 27)
[M::mem_pestat] analyzing insert size distribution for orientation FF...
[M::mem_pestat] (25, 50, 75) percentile: (180, 227, 283)
[M::mem_pestat] low and high boundaries for computing mean and std.dev: (1, 489)
[M::mem_pestat] mean and std.dev: (218.96, 84.47)
[M::mem_pestat] low and high boundaries for proper pairs: (1, 592)
[M::mem_pestat] analyzing insert size distribution for orientation FR...
[M::mem_pestat] (25, 50, 75) percentile: (274, 315, 360)
[M::mem_pestat] low and high boundaries for computing mean and std.dev: (102, 532)
[M::mem_pestat] mean and std.dev: (317.20, 66.27)
[M::mem_pestat] low and high boundaries for proper pairs: (16, 618)
[M::mem_pestat] analyzing insert size distribution for orientation RF...
[M::mem_pestat] (25, 50, 75) percentile: (1792, 1839, 1871)
[M::mem_pestat] low and high boundaries for computing mean and std.dev: (1634, 2029)
[M::mem_pestat] mean and std.dev: (1844.86, 69.35)
[M::mem_pestat] low and high boundaries for proper pairs: (1555, 2122)
[M::mem_pestat] analyzing insert size distribution for orientation RR...
[M::mem_pestat] (25, 50, 75) percentile: (281, 901, 1283)
[M::mem_pestat] low and high boundaries for computing mean and std.dev: (1, 3287)
[M::mem_pestat] mean and std.dev: (918.38, 771.72)
[M::mem_pestat] low and high boundaries for proper pairs: (1, 4289)
[M::mem_pestat] skip orientation FF
[M::mem_pestat] skip orientation RF
[M::mem_pestat] skip orientation RR
[M::mem_process_seqs] Processed 3960398 reads in 864.919 CPU sec, 22.743 real sec
[M::process] read 3960398 sequences (400000198 bp)...
[M::mem_pestat] # candidate unique pairs for (FF, FR, RF, RR): (181, 1802055, 1, 21)
[M::mem_pestat] analyzing insert size distribution for orientation FF...
[M::mem_pestat] (25, 50, 75) percentile: (166, 228, 300)
[M::mem_pestat] low and high boundaries for computing mean and std.dev: (1, 568)
[M::mem_pestat] mean and std.dev: (227.53, 93.01)
[M::mem_pestat] low and high boundaries for proper pairs: (1, 702)
[M::mem_pestat] analyzing insert size distribution for orientation FR...
[M::mem_pestat] (25, 50, 75) percentile: (274, 315, 359)
[M::mem_pestat] low and high boundaries for computing mean and std.dev: (104, 529)
[M::mem_pestat] mean and std.dev: (316.69, 66.04)
[M::mem_pestat] low and high boundaries for proper pairs: (19, 614)
[M::mem_pestat] skip orientation RF as there are not enough pairs
[M::mem_pestat] analyzing insert size distribution for orientation RR...
[M::mem_pestat] (25, 50, 75) percentile: (226, 711, 1982)
[M::mem_pestat] low and high boundaries for computing mean and std.dev: (1, 5494)
[M::mem_pestat] mean and std.dev: (1119.19, 1190.85)
[M::mem_pestat] low and high boundaries for proper pairs: (1, 7250)
[M::mem_pestat] skip orientation FF
[M::mem_pestat] skip orientation RR
[M::mem_process_seqs] Processed 3960398 reads in 1056.374 CPU sec, 27.615 real sec
[M::process] read 3960398 sequences (400000198 bp)...
[M::mem_pestat] # candidate unique pairs for (FF, FR, RF, RR): (162, 1820046, 1, 20)
[M::mem_pestat] analyzing insert size distribution for orientation FF...
[M::mem_pestat] (25, 50, 75) percentile: (132, 207, 274)
[M::mem_pestat] low and high boundaries for computing mean and std.dev: (1, 558)
[M::mem_pestat] mean and std.dev: (196.55, 95.43)
[M::mem_pestat] low and high boundaries for proper pairs: (1, 700)
[M::mem_pestat] analyzing insert size distribution for orientation FR...
[M::mem_pestat] (25, 50, 75) percentile: (274, 314, 359)
[M::mem_pestat] low and high boundaries for computing mean and std.dev: (104, 529)
[M::mem_pestat] mean and std.dev: (316.20, 65.99)
[M::mem_pestat] low and high boundaries for proper pairs: (19, 614)
[M::mem_pestat] skip orientation RF as there are not enough pairs
[M::mem_pestat] analyzing insert size distribution for orientation RR...
[M::mem_pestat] (25, 50, 75) percentile: (251, 541, 758)
[M::mem_pestat] low and high boundaries for computing mean and std.dev: (1, 1772)
[M::mem_pestat] mean and std.dev: (497.11, 367.77)
[M::mem_pestat] low and high boundaries for proper pairs: (1, 2279)
[M::mem_pestat] skip orientation FF
[M::mem_pestat] skip orientation RR
[M::mem_process_seqs] Processed 3960398 reads in 893.544 CPU sec, 23.379 real sec
[M::process] read 3960398 sequences (400000198 bp)...
[M::mem_pestat] # candidate unique pairs for (FF, FR, RF, RR): (222, 1746094, 1, 67)
[M::mem_pestat] analyzing insert size distribution for orientation FF...
[M::mem_pestat] (25, 50, 75) percentile: (176, 245, 344)
[M::mem_pestat] low and high boundaries for computing mean and std.dev: (1, 680)
[M::mem_pestat] mean and std.dev: (219.14, 91.06)
[M::mem_pestat] low and high boundaries for proper pairs: (1, 848)
[M::mem_pestat] analyzing insert size distribution for orientation FR...
[M::mem_pestat] (25, 50, 75) percentile: (273, 314, 359)
[M::mem_pestat] low and high boundaries for computing mean and std.dev: (101, 531)
[M::mem_pestat] mean and std.dev: (316.14, 66.02)
[M::mem_pestat] low and high boundaries for proper pairs: (15, 617)
[M::mem_pestat] skip orientation RF as there are not enough pairs
[M::mem_pestat] analyzing insert size distribution for orientation RR...
[M::mem_pestat] (25, 50, 75) percentile: (854, 1065, 1245)
[M::mem_pestat] low and high boundaries for computing mean and std.dev: (72, 2027)
[M::mem_pestat] mean and std.dev: (932.48, 435.93)
[M::mem_pestat] low and high boundaries for proper pairs: (1, 2676)
[M::mem_pestat] skip orientation FF
[M::mem_pestat] skip orientation RR
[M::mem_process_seqs] Processed 3960398 reads in 931.230 CPU sec, 24.373 real sec
[M::process] read 3960398 sequences (400000198 bp)...
[M::mem_pestat] # candidate unique pairs for (FF, FR, RF, RR): (182, 1741328, 1, 16)
[M::mem_pestat] analyzing insert size distribution for orientation FF...
[M::mem_pestat] (25, 50, 75) percentile: (157, 214, 276)
[M::mem_pestat] low and high boundaries for computing mean and std.dev: (1, 514)
[M::mem_pestat] mean and std.dev: (209.43, 93.80)
[M::mem_pestat] low and high boundaries for proper pairs: (1, 633)
[M::mem_pestat] analyzing insert size distribution for orientation FR...
[M::mem_pestat] (25, 50, 75) percentile: (274, 315, 359)
[M::mem_pestat] low and high boundaries for computing mean and std.dev: (104, 529)
[M::mem_pestat] mean and std.dev: (316.61, 66.01)
[M::mem_pestat] low and high boundaries for proper pairs: (19, 614)
[M::mem_pestat] skip orientation RF as there are not enough pairs
[M::mem_pestat] analyzing insert size distribution for orientation RR...
[M::mem_pestat] (25, 50, 75) percentile: (141, 246, 1189)
[M::mem_pestat] low and high boundaries for computing mean and std.dev: (1, 3285)
[M::mem_pestat] mean and std.dev: (454.73, 547.59)
[M::mem_pestat] low and high boundaries for proper pairs: (1, 4333)
[M::mem_pestat] skip orientation FF
[M::mem_pestat] skip orientation RR
[M::mem_process_seqs] Processed 3960398 reads in 938.723 CPU sec, 24.552 real sec
[M::process] read 3960398 sequences (400000198 bp)...
[M::mem_pestat] # candidate unique pairs for (FF, FR, RF, RR): (207, 1798909, 3, 37)
[M::mem_pestat] analyzing insert size distribution for orientation FF...
[M::mem_pestat] (25, 50, 75) percentile: (159, 220, 290)
[M::mem_pestat] low and high boundaries for computing mean and std.dev: (1, 552)
[M::mem_pestat] mean and std.dev: (216.00, 95.43)
[M::mem_pestat] low and high boundaries for proper pairs: (1, 683)
[M::mem_pestat] analyzing insert size distribution for orientation FR...
[M::mem_pestat] (25, 50, 75) percentile: (274, 315, 359)
[M::mem_pestat] low and high boundaries for computing mean and std.dev: (104, 529)
[M::mem_pestat] mean and std.dev: (316.50, 66.02)
[M::mem_pestat] low and high boundaries for proper pairs: (19, 614)
[M::mem_pestat] skip orientation RF as there are not enough pairs
[M::mem_pestat] analyzing insert size distribution for orientation RR...
[M::mem_pestat] (25, 50, 75) percentile: (160, 285, 877)
[M::mem_pestat] low and high boundaries for computing mean and std.dev: (1, 2311)
[M::mem_pestat] mean and std.dev: (436.18, 425.02)
[M::mem_pestat] low and high boundaries for proper pairs: (1, 3028)
[M::mem_pestat] skip orientation FF
[M::mem_pestat] skip orientation RR
[M::mem_process_seqs] Processed 3960398 reads in 999.140 CPU sec, 26.143 real sec
[M::process] read 3960398 sequences (400000198 bp)...
[M::mem_pestat] # candidate unique pairs for (FF, FR, RF, RR): (161, 1725486, 3, 28)
[M::mem_pestat] analyzing insert size distribution for orientation FF...
[M::mem_pestat] (25, 50, 75) percentile: (139, 202, 272)
[M::mem_pestat] low and high boundaries for computing mean and std.dev: (1, 538)
[M::mem_pestat] mean and std.dev: (198.24, 88.55)
[M::mem_pestat] low and high boundaries for proper pairs: (1, 671)
[M::mem_pestat] analyzing insert size distribution for orientation FR...
[M::mem_pestat] (25, 50, 75) percentile: (273, 314, 358)
[M::mem_pestat] low and high boundaries for computing mean and std.dev: (103, 528)
[M::mem_pestat] mean and std.dev: (315.69, 65.85)
[M::mem_pestat] low and high boundaries for proper pairs: (18, 613)
[M::mem_pestat] skip orientation RF as there are not enough pairs
[M::mem_pestat] analyzing insert size distribution for orientation RR...
[M::mem_pestat] (25, 50, 75) percentile: (172, 247, 912)
[M::mem_pestat] low and high boundaries for computing mean and std.dev: (1, 2392)
[M::mem_pestat] mean and std.dev: (463.15, 472.61)
[M::mem_pestat] low and high boundaries for proper pairs: (1, 3132)
[M::mem_pestat] skip orientation FF
[M::mem_pestat] skip orientation RR
[M::mem_process_seqs] Processed 3960398 reads in 986.529 CPU sec, 25.670 real sec
[M::process] read 3960398 sequences (400000198 bp)...
[M::mem_pestat] # candidate unique pairs for (FF, FR, RF, RR): (170, 1739338, 1, 37)
[M::mem_pestat] analyzing insert size distribution for orientation FF...
[M::mem_pestat] (25, 50, 75) percentile: (176, 240, 295)
[M::mem_pestat] low and high boundaries for computing mean and std.dev: (1, 533)
[M::mem_pestat] mean and std.dev: (221.67, 82.87)
[M::mem_pestat] low and high boundaries for proper pairs: (1, 652)
[M::mem_pestat] analyzing insert size distribution for orientation FR...
[M::mem_pestat] (25, 50, 75) percentile: (275, 316, 360)
[M::mem_pestat] low and high boundaries for computing mean and std.dev: (105, 530)
[M::mem_pestat] mean and std.dev: (317.48, 66.21)
[M::mem_pestat] low and high boundaries for proper pairs: (20, 615)
[M::mem_pestat] skip orientation RF as there are not enough pairs
[M::mem_pestat] analyzing insert size distribution for orientation RR...
[M::mem_pestat] (25, 50, 75) percentile: (212, 795, 1738)
[M::mem_pestat] low and high boundaries for computing mean and std.dev: (1, 4790)
[M::mem_pestat] mean and std.dev: (1150.57, 1158.35)
[M::mem_pestat] low and high boundaries for proper pairs: (1, 6316)
[M::mem_pestat] skip orientation FF
[M::mem_pestat] skip orientation RR
[M::mem_process_seqs] Processed 3960398 reads in 966.947 CPU sec, 25.371 real sec
[M::process] read 3960398 sequences (400000198 bp)...
[M::mem_pestat] # candidate unique pairs for (FF, FR, RF, RR): (147, 1549307, 1, 49)
[M::mem_pestat] analyzing insert size distribution for orientation FF...
[M::mem_pestat] (25, 50, 75) percentile: (159, 243, 364)
[M::mem_pestat] low and high boundaries for computing mean and std.dev: (1, 774)
[M::mem_pestat] mean and std.dev: (212.22, 101.10)
[M::mem_pestat] low and high boundaries for proper pairs: (1, 979)
[M::mem_pestat] analyzing insert size distribution for orientation FR...
[M::mem_pestat] (25, 50, 75) percentile: (275, 316, 360)
[M::mem_pestat] low and high boundaries for computing mean and std.dev: (105, 530)
[M::mem_pestat] mean and std.dev: (317.30, 66.14)
[M::mem_pestat] low and high boundaries for proper pairs: (20, 615)
[M::mem_pestat] skip orientation RF as there are not enough pairs
[M::mem_pestat] analyzing insert size distribution for orientation RR...
[M::mem_pestat] (25, 50, 75) percentile: (762, 8100, 8496)
[M::mem_pestat] low and high boundaries for computing mean and std.dev: (1, 23964)
[M::mem_pestat] mean and std.dev: (5234.73, 3736.94)
[M::mem_pestat] low and high boundaries for proper pairs: (1, 31698)
[M::mem_pestat] skip orientation FF
[M::mem_pestat] skip orientation RR
[M::mem_process_seqs] Processed 3960398 reads in 1358.512 CPU sec, 34.958 real sec
[M::process] read 3960398 sequences (400000198 bp)...
[M::process] read 3960398 sequences (400000198 bp)...
[M::mem_pestat] # candidate unique pairs for (FF, FR, RF, RR): (0, 12, 0, 0)
[M::mem_pestat] skip orientation FF as there are not enough pairs
[M::mem_pestat] analyzing insert size distribution for orientation FR...
[M::mem_pestat] (25, 50, 75) percentile: (141, 194, 295)
[M::mem_pestat] low and high boundaries for computing mean and std.dev: (1, 603)
[M::mem_pestat] mean and std.dev: (220.33, 97.30)
[M::mem_pestat] low and high boundaries for proper pairs: (1, 757)
[M::mem_pestat] skip orientation RF as there are not enough pairs
[M::mem_pestat] skip orientation RR as there are not enough pairs
[M::mem_process_seqs] Processed 3960398 reads in 12339.503 CPU sec, 311.435 real sec
[M::process] read 3960398 sequences (400000198 bp)...
[M::mem_pestat] # candidate unique pairs for (FF, FR, RF, RR): (1, 12785, 0, 0)
[M::mem_pestat] skip orientation FF as there are not enough pairs
[M::mem_pestat] analyzing insert size distribution for orientation FR...
[M::mem_pestat] (25, 50, 75) percentile: (272, 314, 360)
[M::mem_pestat] low and high boundaries for computing mean and std.dev: (96, 536)
[M::mem_pestat] mean and std.dev: (315.70, 68.74)
[M::mem_pestat] low and high boundaries for proper pairs: (8, 624)
[M::mem_pestat] skip orientation RF as there are not enough pairs
[M::mem_pestat] skip orientation RR as there are not enough pairs
[M::mem_process_seqs] Processed 3960398 reads in 6008.092 CPU sec, 150.985 real sec
[M::mem_pestat] # candidate unique pairs for (FF, FR, RF, RR): (70, 748552, 3, 37)
[M::mem_pestat] analyzing insert size distribution for orientation FF...
[M::mem_pestat] (25, 50, 75) percentile: (129, 240, 373)
[M::mem_pestat] low and high boundaries for computing mean and std.dev: (1, 861)
[M::mem_pestat] mean and std.dev: (230.03, 147.21)
[M::mem_pestat] low and high boundaries for proper pairs: (1, 1105)
[M::mem_pestat] analyzing insert size distribution for orientation FR...
[M::mem_pestat] (25, 50, 75) percentile: (274, 316, 360)
[M::mem_pestat] low and high boundaries for computing mean and std.dev: (102, 532)
[M::mem_pestat] mean and std.dev: (317.29, 66.43)
[M::mem_pestat] low and high boundaries for proper pairs: (16, 618)
[M::mem_pestat] skip orientation RF as there are not enough pairs
[M::mem_pestat] analyzing insert size distribution for orientation RR...
[M::mem_pestat] (25, 50, 75) percentile: (226, 711, 1535)
[M::mem_pestat] low and high boundaries for computing mean and std.dev: (1, 4153)
[M::mem_pestat] mean and std.dev: (821.59, 674.67)
[M::mem_pestat] low and high boundaries for proper pairs: (1, 5462)
[M::mem_pestat] skip orientation FF
[M::mem_pestat] skip orientation RR
[M::mem_process_seqs] Processed 3960398 reads in 1286.600 CPU sec, 33.367 real sec
[M::process] read 3960398 sequences (400000198 bp)...
[M::mem_pestat] # candidate unique pairs for (FF, FR, RF, RR): (177, 1640424, 13, 62)
[M::mem_pestat] analyzing insert size distribution for orientation FF...
[M::mem_pestat] (25, 50, 75) percentile: (151, 231, 322)
[M::mem_pestat] low and high boundaries for computing mean and std.dev: (1, 664)
[M::mem_pestat] mean and std.dev: (228.82, 134.46)
[M::mem_pestat] low and high boundaries for proper pairs: (1, 835)
[M::mem_pestat] analyzing insert size distribution for orientation FR...
[M::mem_pestat] (25, 50, 75) percentile: (275, 316, 361)
[M::mem_pestat] low and high boundaries for computing mean and std.dev: (103, 533)
[M::mem_pestat] mean and std.dev: (318.03, 66.55)
[M::mem_pestat] low and high boundaries for proper pairs: (17, 619)
[M::mem_pestat] analyzing insert size distribution for orientation RF...
[M::mem_pestat] (25, 50, 75) percentile: (107, 145, 1632)
[M::mem_pestat] low and high boundaries for computing mean and std.dev: (1, 4682)
[M::mem_pestat] mean and std.dev: (689.23, 1064.66)
[M::mem_pestat] low and high boundaries for proper pairs: (1, 6207)
[M::mem_pestat] analyzing insert size distribution for orientation RR...
[M::mem_pestat] (25, 50, 75) percentile: (201, 556, 886)
[M::mem_pestat] low and high boundaries for computing mean and std.dev: (1, 2256)
[M::mem_pestat] mean and std.dev: (552.49, 448.54)
[M::mem_pestat] low and high boundaries for proper pairs: (1, 2941)
[M::mem_pestat] skip orientation FF
[M::mem_pestat] skip orientation RF
[M::mem_pestat] skip orientation RR
[M::mem_process_seqs] Processed 3960398 reads in 1034.684 CPU sec, 27.034 real sec
[M::process] read 3960398 sequences (400000198 bp)...
[M::mem_pestat] # candidate unique pairs for (FF, FR, RF, RR): (174, 1704285, 1, 38)
[M::mem_pestat] analyzing insert size distribution for orientation FF...
[M::mem_pestat] (25, 50, 75) percentile: (156, 223, 286)
[M::mem_pestat] low and high boundaries for computing mean and std.dev: (1, 546)
[M::mem_pestat] mean and std.dev: (205.73, 87.25)
[M::mem_pestat] low and high boundaries for proper pairs: (1, 676)
[M::mem_pestat] analyzing insert size distribution for orientation FR...
[M::mem_pestat] (25, 50, 75) percentile: (275, 316, 360)
[M::mem_pestat] low and high boundaries for computing mean and std.dev: (105, 530)
[M::mem_pestat] mean and std.dev: (317.47, 66.19)
[M::mem_pestat] low and high boundaries for proper pairs: (20, 615)
[M::mem_pestat] skip orientation RF as there are not enough pairs
[M::mem_pestat] analyzing insert size distribution for orientation RR...
[M::mem_pestat] (25, 50, 75) percentile: (175, 573, 913)
[M::mem_pestat] low and high boundaries for computing mean and std.dev: (1, 2389)
[M::mem_pestat] mean and std.dev: (648.00, 554.03)
[M::mem_pestat] low and high boundaries for proper pairs: (1, 3127)
[M::mem_pestat] skip orientation FF
[M::mem_pestat] skip orientation RR
[M::mem_process_seqs] Processed 3960398 reads in 968.705 CPU sec, 25.370 real sec
[M::process] read 3960398 sequences (400000198 bp)...
[M::mem_pestat] # candidate unique pairs for (FF, FR, RF, RR): (186, 1783210, 3, 36)
[M::mem_pestat] analyzing insert size distribution for orientation FF...
[M::mem_pestat] (25, 50, 75) percentile: (138, 209, 263)
[M::mem_pestat] low and high boundaries for computing mean and std.dev: (1, 513)
[M::mem_pestat] mean and std.dev: (197.44, 85.17)
[M::mem_pestat] low and high boundaries for proper pairs: (1, 638)
[M::mem_pestat] analyzing insert size distribution for orientation FR...
[M::mem_pestat] (25, 50, 75) percentile: (274, 315, 359)
[M::mem_pestat] low and high boundaries for computing mean and std.dev: (104, 529)
[M::mem_pestat] mean and std.dev: (316.68, 66.13)
[M::mem_pestat] low and high boundaries for proper pairs: (19, 614)
[M::mem_pestat] skip orientation RF as there are not enough pairs
[M::mem_pestat] analyzing insert size distribution for orientation RR...
[M::mem_pestat] (25, 50, 75) percentile: (203, 544, 965)
[M::mem_pestat] low and high boundaries for computing mean and std.dev: (1, 2489)
[M::mem_pestat] mean and std.dev: (645.09, 597.30)
[M::mem_pestat] low and high boundaries for proper pairs: (1, 3251)
[M::mem_pestat] skip orientation FF
[M::mem_pestat] skip orientation RR
[M::mem_process_seqs] Processed 3960398 reads in 953.052 CPU sec, 24.842 real sec
[M::process] read 3960398 sequences (400000198 bp)...
[M::mem_pestat] # candidate unique pairs for (FF, FR, RF, RR): (201, 1774170, 1, 46)
[M::mem_pestat] analyzing insert size distribution for orientation FF...
[M::mem_pestat] (25, 50, 75) percentile: (181, 239, 324)
[M::mem_pestat] low and high boundaries for computing mean and std.dev: (1, 610)
[M::mem_pestat] mean and std.dev: (224.43, 91.74)
[M::mem_pestat] low and high boundaries for proper pairs: (1, 753)
[M::mem_pestat] analyzing insert size distribution for orientation FR...
[M::mem_pestat] (25, 50, 75) percentile: (274, 315, 360)
[M::mem_pestat] low and high boundaries for computing mean and std.dev: (102, 532)
[M::mem_pestat] mean and std.dev: (317.06, 66.29)
[M::mem_pestat] low and high boundaries for proper pairs: (16, 618)
[M::mem_pestat] skip orientation RF as there are not enough pairs
[M::mem_pestat] analyzing insert size distribution for orientation RR...
[M::mem_pestat] (25, 50, 75) percentile: (239, 1284, 1859)
[M::mem_pestat] low and high boundaries for computing mean and std.dev: (1, 5099)
[M::mem_pestat] mean and std.dev: (1147.84, 865.73)
[M::mem_pestat] low and high boundaries for proper pairs: (1, 6719)
[M::mem_pestat] skip orientation FF
[M::mem_pestat] skip orientation RR
[M::mem_process_seqs] Processed 3960398 reads in 1049.436 CPU sec, 27.467 real sec
[M::process] read 3960398 sequences (400000198 bp)...
[M::mem_pestat] # candidate unique pairs for (FF, FR, RF, RR): (247, 1813082, 0, 57)
[M::mem_pestat] analyzing insert size distribution for orientation FF...
[M::mem_pestat] (25, 50, 75) percentile: (159, 215, 291)
[M::mem_pestat] low and high boundaries for computing mean and std.dev: (1, 555)
[M::mem_pestat] mean and std.dev: (212.84, 93.36)
[M::mem_pestat] low and high boundaries for proper pairs: (1, 687)
[M::mem_pestat] analyzing insert size distribution for orientation FR...
[M::mem_pestat] (25, 50, 75) percentile: (274, 315, 359)
[M::mem_pestat] low and high boundaries for computing mean and std.dev: (104, 529)
[M::mem_pestat] mean and std.dev: (316.95, 66.08)
[M::mem_pestat] low and high boundaries for proper pairs: (19, 614)
[M::mem_pestat] skip orientation RF as there are not enough pairs
[M::mem_pestat] analyzing insert size distribution for orientation RR...
[M::mem_pestat] (25, 50, 75) percentile: (268, 388, 1810)
[M::mem_pestat] low and high boundaries for computing mean and std.dev: (1, 4894)
[M::mem_pestat] mean and std.dev: (942.61, 875.19)
[M::mem_pestat] low and high boundaries for proper pairs: (1, 6436)
[M::mem_pestat] skip orientation FF
[M::mem_pestat] skip orientation RR
[M::mem_process_seqs] Processed 3960398 reads in 994.250 CPU sec, 25.786 real sec
[M::process] read 3960398 sequences (400000198 bp)...
[M::mem_pestat] # candidate unique pairs for (FF, FR, RF, RR): (202, 1835170, 1, 17)
[M::mem_pestat] analyzing insert size distribution for orientation FF...
[M::mem_pestat] (25, 50, 75) percentile: (152, 210, 263)
[M::mem_pestat] low and high boundaries for computing mean and std.dev: (1, 485)
[M::mem_pestat] mean and std.dev: (204.96, 87.41)
[M::mem_pestat] low and high boundaries for proper pairs: (1, 596)
[M::mem_pestat] analyzing insert size distribution for orientation FR...
[M::mem_pestat] (25, 50, 75) percentile: (273, 314, 358)
[M::mem_pestat] low and high boundaries for computing mean and std.dev: (103, 528)
[M::mem_pestat] mean and std.dev: (315.47, 65.80)
[M::mem_pestat] low and high boundaries for proper pairs: (18, 613)
[M::mem_pestat] skip orientation RF as there are not enough pairs
[M::mem_pestat] analyzing insert size distribution for orientation RR...
[M::mem_pestat] (25, 50, 75) percentile: (141, 228, 295)
[M::mem_pestat] low and high boundaries for computing mean and std.dev: (1, 603)
[M::mem_pestat] mean and std.dev: (210.00, 86.65)
[M::mem_pestat] low and high boundaries for proper pairs: (1, 757)
[M::mem_pestat] skip orientation FF
[M::mem_pestat] skip orientation RR
[M::mem_process_seqs] Processed 3960398 reads in 895.002 CPU sec, 23.486 real sec
[M::process] read 3960398 sequences (400000198 bp)...
[M::mem_pestat] # candidate unique pairs for (FF, FR, RF, RR): (219, 1703261, 2, 47)
[M::mem_pestat] analyzing insert size distribution for orientation FF...
[M::mem_pestat] (25, 50, 75) percentile: (140, 214, 271)
[M::mem_pestat] low and high boundaries for computing mean and std.dev: (1, 533)
[M::mem_pestat] mean and std.dev: (203.14, 91.77)
[M::mem_pestat] low and high boundaries for proper pairs: (1, 664)
[M::mem_pestat] analyzing insert size distribution for orientation FR...
[M::mem_pestat] (25, 50, 75) percentile: (274, 315, 359)
[M::mem_pestat] low and high boundaries for computing mean and std.dev: (104, 529)
[M::mem_pestat] mean and std.dev: (316.28, 65.95)
[M::mem_pestat] low and high boundaries for proper pairs: (19, 614)
[M::mem_pestat] skip orientation RF as there are not enough pairs
[M::mem_pestat] analyzing insert size distribution for orientation RR...
[M::mem_pestat] (25, 50, 75) percentile: (182, 234, 1007)
[M::mem_pestat] low and high boundaries for computing mean and std.dev: (1, 2657)
[M::mem_pestat] mean and std.dev: (566.11, 672.31)
[M::mem_pestat] low and high boundaries for proper pairs: (1, 3482)
[M::mem_pestat] skip orientation FF
[M::mem_pestat] skip orientation RR
[M::mem_process_seqs] Processed 3960398 reads in 894.227 CPU sec, 23.411 real sec
[M::process] read 3960398 sequences (400000198 bp)...
[M::mem_pestat] # candidate unique pairs for (FF, FR, RF, RR): (206, 1671800, 45, 90)
[M::mem_pestat] analyzing insert size distribution for orientation FF...
[M::mem_pestat] (25, 50, 75) percentile: (163, 244, 308)
[M::mem_pestat] low and high boundaries for computing mean and std.dev: (1, 598)
[M::mem_pestat] mean and std.dev: (232.42, 102.41)
[M::mem_pestat] low and high boundaries for proper pairs: (1, 743)
[M::mem_pestat] analyzing insert size distribution for orientation FR...
[M::mem_pestat] (25, 50, 75) percentile: (275, 317, 361)
[M::mem_pestat] low and high boundaries for computing mean and std.dev: (103, 533)
[M::mem_pestat] mean and std.dev: (318.49, 66.51)
[M::mem_pestat] low and high boundaries for proper pairs: (17, 619)
[M::mem_pestat] analyzing insert size distribution for orientation RF...
[M::mem_pestat] (25, 50, 75) percentile: (127, 166, 236)
[M::mem_pestat] low and high boundaries for computing mean and std.dev: (1, 454)
[M::mem_pestat] mean and std.dev: (170.00, 68.80)
[M::mem_pestat] low and high boundaries for proper pairs: (1, 563)
[M::mem_pestat] analyzing insert size distribution for orientation RR...
[M::mem_pestat] (25, 50, 75) percentile: (224, 335, 964)
[M::mem_pestat] low and high boundaries for computing mean and std.dev: (1, 2444)
[M::mem_pestat] mean and std.dev: (586.17, 550.69)
[M::mem_pestat] low and high boundaries for proper pairs: (1, 3184)
[M::mem_pestat] skip orientation FF
[M::mem_pestat] skip orientation RF
[M::mem_pestat] skip orientation RR
[M::mem_process_seqs] Processed 3960398 reads in 1028.739 CPU sec, 26.853 real sec
[M::process] read 3960398 sequences (400000198 bp)...
[M::mem_pestat] # candidate unique pairs for (FF, FR, RF, RR): (169, 1809133, 31, 33)
[M::mem_pestat] analyzing insert size distribution for orientation FF...
[M::mem_pestat] (25, 50, 75) percentile: (147, 211, 274)
[M::mem_pestat] low and high boundaries for computing mean and std.dev: (1, 528)
[M::mem_pestat] mean and std.dev: (202.95, 83.74)
[M::mem_pestat] low and high boundaries for proper pairs: (1, 655)
[M::mem_pestat] analyzing insert size distribution for orientation FR...
[M::mem_pestat] (25, 50, 75) percentile: (274, 315, 360)
[M::mem_pestat] low and high boundaries for computing mean and std.dev: (102, 532)
[M::mem_pestat] mean and std.dev: (317.19, 66.25)
[M::mem_pestat] low and high boundaries for proper pairs: (16, 618)
[M::mem_pestat] analyzing insert size distribution for orientation RF...
[M::mem_pestat] (25, 50, 75) percentile: (721, 762, 783)
[M::mem_pestat] low and high boundaries for computing mean and std.dev: (597, 907)
[M::mem_pestat] mean and std.dev: (745.66, 59.62)
[M::mem_pestat] low and high boundaries for proper pairs: (507, 984)
[M::mem_pestat] analyzing insert size distribution for orientation RR...
[M::mem_pestat] (25, 50, 75) percentile: (210, 305, 1047)
[M::mem_pestat] low and high boundaries for computing mean and std.dev: (1, 2721)
[M::mem_pestat] mean and std.dev: (619.10, 575.24)
[M::mem_pestat] low and high boundaries for proper pairs: (1, 3558)
[M::mem_pestat] skip orientation FF
[M::mem_pestat] skip orientation RF
[M::mem_pestat] skip orientation RR
[M::mem_process_seqs] Processed 3960398 reads in 871.473 CPU sec, 22.900 real sec
[M::process] read 3960398 sequences (400000198 bp)...
[M::mem_pestat] # candidate unique pairs for (FF, FR, RF, RR): (183, 1816010, 2, 24)
[M::mem_pestat] analyzing insert size distribution for orientation FF...
[M::mem_pestat] (25, 50, 75) percentile: (164, 221, 279)
[M::mem_pestat] low and high boundaries for computing mean and std.dev: (1, 509)
[M::mem_pestat] mean and std.dev: (215.39, 82.30)
[M::mem_pestat] low and high boundaries for proper pairs: (1, 624)
[M::mem_pestat] analyzing insert size distribution for orientation FR...
[M::mem_pestat] (25, 50, 75) percentile: (274, 315, 359)
[M::mem_pestat] low and high boundaries for computing mean and std.dev: (104, 529)
[M::mem_pestat] mean and std.dev: (316.81, 66.02)
[M::mem_pestat] low and high boundaries for proper pairs: (19, 614)
[M::mem_pestat] skip orientation RF as there are not enough pairs
[M::mem_pestat] analyzing insert size distribution for orientation RR...
[M::mem_pestat] (25, 50, 75) percentile: (252, 840, 1504)
[M::mem_pestat] low and high boundaries for computing mean and std.dev: (1, 4008)
[M::mem_pestat] mean and std.dev: (841.86, 799.45)
[M::mem_pestat] low and high boundaries for proper pairs: (1, 5260)
[M::mem_pestat] skip orientation FF
[M::mem_pestat] skip orientation RR
[M::mem_process_seqs] Processed 3960398 reads in 882.270 CPU sec, 23.286 real sec
[M::process] read 3960398 sequences (400000198 bp)...
[M::mem_pestat] # candidate unique pairs for (FF, FR, RF, RR): (160, 1713487, 7, 46)
[M::mem_pestat] analyzing insert size distribution for orientation FF...
[M::mem_pestat] (25, 50, 75) percentile: (158, 236, 297)
[M::mem_pestat] low and high boundaries for computing mean and std.dev: (1, 575)
[M::mem_pestat] mean and std.dev: (209.56, 95.86)
[M::mem_pestat] low and high boundaries for proper pairs: (1, 714)
[M::mem_pestat] analyzing insert size distribution for orientation FR...
[M::mem_pestat] (25, 50, 75) percentile: (275, 316, 361)
[M::mem_pestat] low and high boundaries for computing mean and std.dev: (103, 533)
[M::mem_pestat] mean and std.dev: (317.97, 66.51)
[M::mem_pestat] low and high boundaries for proper pairs: (17, 619)
[M::mem_pestat] skip orientation RF as there are not enough pairs
[M::mem_pestat] analyzing insert size distribution for orientation RR...
[M::mem_pestat] (25, 50, 75) percentile: (239, 929, 1402)
[M::mem_pestat] low and high boundaries for computing mean and std.dev: (1, 3728)
[M::mem_pestat] mean and std.dev: (960.87, 825.05)
[M::mem_pestat] low and high boundaries for proper pairs: (1, 4891)
[M::mem_pestat] skip orientation FF
[M::mem_pestat] skip orientation RR
[M::mem_process_seqs] Processed 3960398 reads in 1017.546 CPU sec, 26.764 real sec
[M::process] read 3960398 sequences (400000198 bp)...
[M::mem_pestat] # candidate unique pairs for (FF, FR, RF, RR): (179, 1785387, 6, 54)
[M::mem_pestat] analyzing insert size distribution for orientation FF...
[M::mem_pestat] (25, 50, 75) percentile: (186, 245, 302)
[M::mem_pestat] low and high boundaries for computing mean and std.dev: (1, 534)
[M::mem_pestat] mean and std.dev: (227.45, 82.70)
[M::mem_pestat] low and high boundaries for proper pairs: (1, 650)
[M::mem_pestat] analyzing insert size distribution for orientation FR...
[M::mem_pestat] (25, 50, 75) percentile: (274, 316, 360)
[M::mem_pestat] low and high boundaries for computing mean and std.dev: (102, 532)
[M::mem_pestat] mean and std.dev: (317.21, 66.36)
[M::mem_pestat] low and high boundaries for proper pairs: (16, 618)
[M::mem_pestat] skip orientation RF as there are not enough pairs
[M::mem_pestat] analyzing insert size distribution for orientation RR...
[M::mem_pestat] (25, 50, 75) percentile: (195, 333, 1241)
[M::mem_pestat] low and high boundaries for computing mean and std.dev: (1, 3333)
[M::mem_pestat] mean and std.dev: (687.94, 661.87)
[M::mem_pestat] low and high boundaries for proper pairs: (1, 4379)
[M::mem_pestat] skip orientation FF
[M::mem_pestat] skip orientation RR
[M::mem_process_seqs] Processed 3960398 reads in 1037.956 CPU sec, 26.554 real sec
[M::process] read 3960398 sequences (400000198 bp)...
[M::mem_pestat] # candidate unique pairs for (FF, FR, RF, RR): (125, 1417234, 2, 25)
[M::mem_pestat] analyzing insert size distribution for orientation FF...
[M::mem_pestat] (25, 50, 75) percentile: (185, 244, 330)
[M::mem_pestat] low and high boundaries for computing mean and std.dev: (1, 620)
[M::mem_pestat] mean and std.dev: (231.41, 100.19)
[M::mem_pestat] low and high boundaries for proper pairs: (1, 765)
[M::mem_pestat] analyzing insert size distribution for orientation FR...
[M::mem_pestat] (25, 50, 75) percentile: (274, 315, 359)
[M::mem_pestat] low and high boundaries for computing mean and std.dev: (104, 529)
[M::mem_pestat] mean and std.dev: (316.67, 66.15)
[M::mem_pestat] low and high boundaries for proper pairs: (19, 614)
[M::mem_pestat] skip orientation RF as there are not enough pairs
[M::mem_pestat] analyzing insert size distribution for orientation RR...
[M::mem_pestat] (25, 50, 75) percentile: (211, 914, 1486)
[M::mem_pestat] low and high boundaries for computing mean and std.dev: (1, 4036)
[M::mem_pestat] mean and std.dev: (936.96, 764.99)
[M::mem_pestat] low and high boundaries for proper pairs: (1, 5311)
[M::mem_pestat] skip orientation FF
[M::mem_pestat] skip orientation RR
[M::mem_process_seqs] Processed 3960398 reads in 891.083 CPU sec, 23.250 real sec
[M::process] read 3960398 sequences (400000198 bp)...
[M::mem_pestat] # candidate unique pairs for (FF, FR, RF, RR): (134, 1556152, 40, 28)
[M::mem_pestat] analyzing insert size distribution for orientation FF...
[M::mem_pestat] (25, 50, 75) percentile: (164, 227, 288)
[M::mem_pestat] low and high boundaries for computing mean and std.dev: (1, 536)
[M::mem_pestat] mean and std.dev: (213.68, 96.20)
[M::mem_pestat] low and high boundaries for proper pairs: (1, 660)
[M::mem_pestat] analyzing insert size distribution for orientation FR...
[M::mem_pestat] (25, 50, 75) percentile: (275, 316, 360)
[M::mem_pestat] low and high boundaries for computing mean and std.dev: (105, 530)
[M::mem_pestat] mean and std.dev: (317.50, 66.16)
[M::mem_pestat] low and high boundaries for proper pairs: (20, 615)
[M::mem_pestat] analyzing insert size distribution for orientation RF...
[M::mem_pestat] (25, 50, 75) percentile: (78, 1487, 3177)
[M::mem_pestat] low and high boundaries for computing mean and std.dev: (1, 9375)
[M::mem_pestat] mean and std.dev: (1679.90, 1456.79)
[M::mem_pestat] low and high boundaries for proper pairs: (1, 12474)
[M::mem_pestat] analyzing insert size distribution for orientation RR...
[M::mem_pestat] (25, 50, 75) percentile: (174, 677, 1527)
[M::mem_pestat] low and high boundaries for computing mean and std.dev: (1, 4233)
[M::mem_pestat] mean and std.dev: (864.04, 926.84)
[M::mem_pestat] low and high boundaries for proper pairs: (1, 5586)
[M::mem_pestat] skip orientation FF
[M::mem_pestat] skip orientation RF
[M::mem_pestat] skip orientation RR
[M::mem_process_seqs] Processed 3960398 reads in 1018.743 CPU sec, 26.527 real sec
[M::process] read 3960398 sequences (400000198 bp)...
[M::mem_pestat] # candidate unique pairs for (FF, FR, RF, RR): (174, 1828794, 49, 19)
[M::mem_pestat] analyzing insert size distribution for orientation FF...
[M::mem_pestat] (25, 50, 75) percentile: (161, 215, 288)
[M::mem_pestat] low and high boundaries for computing mean and std.dev: (1, 542)
[M::mem_pestat] mean and std.dev: (209.04, 92.45)
[M::mem_pestat] low and high boundaries for proper pairs: (1, 669)
[M::mem_pestat] analyzing insert size distribution for orientation FR...
[M::mem_pestat] (25, 50, 75) percentile: (275, 316, 360)
[M::mem_pestat] low and high boundaries for computing mean and std.dev: (105, 530)
[M::mem_pestat] mean and std.dev: (317.70, 66.26)
[M::mem_pestat] low and high boundaries for proper pairs: (20, 615)
[M::mem_pestat] analyzing insert size distribution for orientation RF...
[M::mem_pestat] (25, 50, 75) percentile: (1333, 1480, 1969)
[M::mem_pestat] low and high boundaries for computing mean and std.dev: (61, 3241)
[M::mem_pestat] mean and std.dev: (1654.74, 308.10)
[M::mem_pestat] low and high boundaries for proper pairs: (1, 3877)
[M::mem_pestat] analyzing insert size distribution for orientation RR...
[M::mem_pestat] (25, 50, 75) percentile: (280, 822, 1116)
[M::mem_pestat] low and high boundaries for computing mean and std.dev: (1, 2788)
[M::mem_pestat] mean and std.dev: (741.61, 504.92)
[M::mem_pestat] low and high boundaries for proper pairs: (1, 3624)
[M::mem_pestat] skip orientation FF
[M::mem_pestat] skip orientation RF
[M::mem_pestat] skip orientation RR
[M::mem_process_seqs] Processed 3960398 reads in 946.135 CPU sec, 24.723 real sec
[M::process] read 3960398 sequences (400000198 bp)...
[M::mem_pestat] # candidate unique pairs for (FF, FR, RF, RR): (175, 1823318, 38, 36)
[M::mem_pestat] analyzing insert size distribution for orientation FF...
[M::mem_pestat] (25, 50, 75) percentile: (162, 235, 294)
[M::mem_pestat] low and high boundaries for computing mean and std.dev: (1, 558)
[M::mem_pestat] mean and std.dev: (214.01, 86.70)
[M::mem_pestat] low and high boundaries for proper pairs: (1, 690)
[M::mem_pestat] analyzing insert size distribution for orientation FR...
[M::mem_pestat] (25, 50, 75) percentile: (274, 315, 360)
[M::mem_pestat] low and high boundaries for computing mean and std.dev: (102, 532)
[M::mem_pestat] mean and std.dev: (316.98, 66.23)
[M::mem_pestat] low and high boundaries for proper pairs: (16, 618)
[M::mem_pestat] analyzing insert size distribution for orientation RF...
[M::mem_pestat] (25, 50, 75) percentile: (1225, 1268, 1321)
[M::mem_pestat] low and high boundaries for computing mean and std.dev: (1033, 1513)
[M::mem_pestat] mean and std.dev: (1269.41, 59.08)
[M::mem_pestat] low and high boundaries for proper pairs: (937, 1609)
[M::mem_pestat] analyzing insert size distribution for orientation RR...
[M::mem_pestat] (25, 50, 75) percentile: (138, 211, 344)
[M::mem_pestat] low and high boundaries for computing mean and std.dev: (1, 756)
[M::mem_pestat] mean and std.dev: (193.83, 98.90)
[M::mem_pestat] low and high boundaries for proper pairs: (1, 962)
[M::mem_pestat] skip orientation FF
[M::mem_pestat] skip orientation RF
[M::mem_pestat] skip orientation RR
[M::mem_process_seqs] Processed 3960398 reads in 851.126 CPU sec, 22.335 real sec
[M::process] read 3960398 sequences (400000198 bp)...
[M::mem_pestat] # candidate unique pairs for (FF, FR, RF, RR): (163, 1816215, 6, 38)
[M::mem_pestat] analyzing insert size distribution for orientation FF...
[M::mem_pestat] (25, 50, 75) percentile: (171, 234, 292)
[M::mem_pestat] low and high boundaries for computing mean and std.dev: (1, 534)
[M::mem_pestat] mean and std.dev: (220.65, 91.02)
[M::mem_pestat] low and high boundaries for proper pairs: (1, 655)
[M::mem_pestat] analyzing insert size distribution for orientation FR...
[M::mem_pestat] (25, 50, 75) percentile: (275, 316, 360)
[M::mem_pestat] low and high boundaries for computing mean and std.dev: (105, 530)
[M::mem_pestat] mean and std.dev: (317.61, 66.18)
[M::mem_pestat] low and high boundaries for proper pairs: (20, 615)
[M::mem_pestat] skip orientation RF as there are not enough pairs
[M::mem_pestat] analyzing insert size distribution for orientation RR...
[M::mem_pestat] (25, 50, 75) percentile: (156, 701, 1206)
[M::mem_pestat] low and high boundaries for computing mean and std.dev: (1, 3306)
[M::mem_pestat] mean and std.dev: (748.83, 728.50)
[M::mem_pestat] low and high boundaries for proper pairs: (1, 4356)
[M::mem_pestat] skip orientation FF
[M::mem_pestat] skip orientation RR
[M::mem_process_seqs] Processed 3960398 reads in 1041.394 CPU sec, 26.633 real sec
[M::process] read 3960398 sequences (400000198 bp)...
[M::mem_pestat] # candidate unique pairs for (FF, FR, RF, RR): (160, 1795660, 2, 44)
[M::mem_pestat] analyzing insert size distribution for orientation FF...
[M::mem_pestat] (25, 50, 75) percentile: (173, 233, 320)
[M::mem_pestat] low and high boundaries for computing mean and std.dev: (1, 614)
[M::mem_pestat] mean and std.dev: (219.62, 115.74)
[M::mem_pestat] low and high boundaries for proper pairs: (1, 761)
[M::mem_pestat] analyzing insert size distribution for orientation FR...
[M::mem_pestat] (25, 50, 75) percentile: (275, 316, 360)
[M::mem_pestat] low and high boundaries for computing mean and std.dev: (105, 530)
[M::mem_pestat] mean and std.dev: (317.63, 66.19)
[M::mem_pestat] low and high boundaries for proper pairs: (20, 615)
[M::mem_pestat] skip orientation RF as there are not enough pairs
[M::mem_pestat] analyzing insert size distribution for orientation RR...
[M::mem_pestat] (25, 50, 75) percentile: (603, 1093, 1839)
[M::mem_pestat] low and high boundaries for computing mean and std.dev: (1, 4311)
[M::mem_pestat] mean and std.dev: (1223.23, 967.77)
[M::mem_pestat] low and high boundaries for proper pairs: (1, 5547)
[M::mem_pestat] skip orientation FF
[M::mem_pestat] skip orientation RR
[M::mem_process_seqs] Processed 3960398 reads in 1034.227 CPU sec, 26.892 real sec
[M::process] read 3960398 sequences (400000198 bp)...
[M::mem_pestat] # candidate unique pairs for (FF, FR, RF, RR): (173, 1750120, 2, 35)
[M::mem_pestat] analyzing insert size distribution for orientation FF...
[M::mem_pestat] (25, 50, 75) percentile: (151, 220, 293)
[M::mem_pestat] low and high boundaries for computing mean and std.dev: (1, 577)
[M::mem_pestat] mean and std.dev: (202.99, 93.33)
[M::mem_pestat] low and high boundaries for proper pairs: (1, 719)
[M::mem_pestat] analyzing insert size distribution for orientation FR...
[M::mem_pestat] (25, 50, 75) percentile: (274, 315, 359)
[M::mem_pestat] low and high boundaries for computing mean and std.dev: (104, 529)
[M::mem_pestat] mean and std.dev: (316.38, 65.94)
[M::mem_pestat] low and high boundaries for proper pairs: (19, 614)
[M::mem_pestat] skip orientation RF as there are not enough pairs
[M::mem_pestat] analyzing insert size distribution for orientation RR...
[M::mem_pestat] (25, 50, 75) percentile: (238, 509, 1662)
[M::mem_pestat] low and high boundaries for computing mean and std.dev: (1, 4510)
[M::mem_pestat] mean and std.dev: (867.75, 920.26)
[M::mem_pestat] low and high boundaries for proper pairs: (1, 5934)
[M::mem_pestat] skip orientation FF
[M::mem_pestat] skip orientation RR
[M::mem_process_seqs] Processed 3960398 reads in 918.181 CPU sec, 24.104 real sec
[M::process] read 3960398 sequences (400000198 bp)...
[M::mem_pestat] # candidate unique pairs for (FF, FR, RF, RR): (185, 1820686, 5, 43)
[M::mem_pestat] analyzing insert size distribution for orientation FF...
[M::mem_pestat] (25, 50, 75) percentile: (169, 238, 347)
[M::mem_pestat] low and high boundaries for computing mean and std.dev: (1, 703)
[M::mem_pestat] mean and std.dev: (244.10, 135.82)
[M::mem_pestat] low and high boundaries for proper pairs: (1, 881)
[M::mem_pestat] analyzing insert size distribution for orientation FR...
[M::mem_pestat] (25, 50, 75) percentile: (275, 316, 360)
[M::mem_pestat] low and high boundaries for computing mean and std.dev: (105, 530)
[M::mem_pestat] mean and std.dev: (317.59, 66.23)
[M::mem_pestat] low and high boundaries for proper pairs: (20, 615)
[M::mem_pestat] skip orientation RF as there are not enough pairs
[M::mem_pestat] analyzing insert size distribution for orientation RR...
[M::mem_pestat] (25, 50, 75) percentile: (284, 738, 1038)
[M::mem_pestat] low and high boundaries for computing mean and std.dev: (1, 2546)
[M::mem_pestat] mean and std.dev: (675.95, 429.35)
[M::mem_pestat] low and high boundaries for proper pairs: (1, 3300)
[M::mem_pestat] skip orientation FF
[M::mem_pestat] skip orientation RR
[M::mem_process_seqs] Processed 3960398 reads in 943.574 CPU sec, 24.779 real sec
[M::process] read 3960398 sequences (400000198 bp)...
[M::mem_pestat] # candidate unique pairs for (FF, FR, RF, RR): (225, 1835555, 1, 47)
[M::mem_pestat] analyzing insert size distribution for orientation FF...
[M::mem_pestat] (25, 50, 75) percentile: (167, 231, 319)
[M::mem_pestat] low and high boundaries for computing mean and std.dev: (1, 623)
[M::mem_pestat] mean and std.dev: (222.31, 93.42)
[M::mem_pestat] low and high boundaries for proper pairs: (1, 775)
[M::mem_pestat] analyzing insert size distribution for orientation FR...
[M::mem_pestat] (25, 50, 75) percentile: (274, 315, 359)
[M::mem_pestat] low and high boundaries for computing mean and std.dev: (104, 529)
[M::mem_pestat] mean and std.dev: (316.29, 65.86)
[M::mem_pestat] low and high boundaries for proper pairs: (19, 614)
[M::mem_pestat] skip orientation RF as there are not enough pairs
[M::mem_pestat] analyzing insert size distribution for orientation RR...
[M::mem_pestat] (25, 50, 75) percentile: (190, 393, 2510)
[M::mem_pestat] low and high boundaries for computing mean and std.dev: (1, 7150)
[M::mem_pestat] mean and std.dev: (1223.23, 1222.41)
[M::mem_pestat] low and high boundaries for proper pairs: (1, 9470)
[M::mem_pestat] skip orientation FF
[M::mem_pestat] skip orientation RR
[M::mem_process_seqs] Processed 3960398 reads in 859.925 CPU sec, 22.886 real sec
[M::process] read 3960398 sequences (400000198 bp)...
[M::mem_pestat] # candidate unique pairs for (FF, FR, RF, RR): (173, 1797183, 1, 56)
[M::mem_pestat] analyzing insert size distribution for orientation FF...
[M::mem_pestat] (25, 50, 75) percentile: (188, 267, 438)
[M::mem_pestat] low and high boundaries for computing mean and std.dev: (1, 938)
[M::mem_pestat] mean and std.dev: (249.59, 147.60)
[M::mem_pestat] low and high boundaries for proper pairs: (1, 1188)
[M::mem_pestat] analyzing insert size distribution for orientation FR...
[M::mem_pestat] (25, 50, 75) percentile: (274, 315, 359)
[M::mem_pestat] low and high boundaries for computing mean and std.dev: (104, 529)
[M::mem_pestat] mean and std.dev: (316.63, 66.02)
[M::mem_pestat] low and high boundaries for proper pairs: (19, 614)
[M::mem_pestat] skip orientation RF as there are not enough pairs
[M::mem_pestat] analyzing insert size distribution for orientation RR...
[M::mem_pestat] (25, 50, 75) percentile: (342, 1862, 2488)
[M::mem_pestat] low and high boundaries for computing mean and std.dev: (1, 6780)
[M::mem_pestat] mean and std.dev: (1697.77, 1295.82)
[M::mem_pestat] low and high boundaries for proper pairs: (1, 8926)
[M::mem_pestat] skip orientation FF
[M::mem_pestat] skip orientation RR
[M::mem_process_seqs] Processed 3960398 reads in 974.036 CPU sec, 25.502 real sec
[M::process] read 3960398 sequences (400000198 bp)...
[M::mem_pestat] # candidate unique pairs for (FF, FR, RF, RR): (169, 1795761, 2, 30)
[M::mem_pestat] analyzing insert size distribution for orientation FF...
[M::mem_pestat] (25, 50, 75) percentile: (175, 236, 310)
[M::mem_pestat] low and high boundaries for computing mean and std.dev: (1, 580)
[M::mem_pestat] mean and std.dev: (232.24, 94.31)
[M::mem_pestat] low and high boundaries for proper pairs: (1, 715)
[M::mem_pestat] analyzing insert size distribution for orientation FR...
[M::mem_pestat] (25, 50, 75) percentile: (274, 315, 360)
[M::mem_pestat] low and high boundaries for computing mean and std.dev: (102, 532)
[M::mem_pestat] mean and std.dev: (316.95, 66.29)
[M::mem_pestat] low and high boundaries for proper pairs: (16, 618)
[M::mem_pestat] skip orientation RF as there are not enough pairs
[M::mem_pestat] analyzing insert size distribution for orientation RR...
[M::mem_pestat] (25, 50, 75) percentile: (214, 604, 1128)
[M::mem_pestat] low and high boundaries for computing mean and std.dev: (1, 2956)
[M::mem_pestat] mean and std.dev: (735.03, 601.39)
[M::mem_pestat] low and high boundaries for proper pairs: (1, 3870)
[M::mem_pestat] skip orientation FF
[M::mem_pestat] skip orientation RR
[M::mem_process_seqs] Processed 3960398 reads in 905.651 CPU sec, 23.742 real sec
[M::process] read 3960398 sequences (400000198 bp)...
[M::mem_pestat] # candidate unique pairs for (FF, FR, RF, RR): (172, 1766510, 8, 19)
[M::mem_pestat] analyzing insert size distribution for orientation FF...
[M::mem_pestat] (25, 50, 75) percentile: (159, 223, 278)
[M::mem_pestat] low and high boundaries for computing mean and std.dev: (1, 516)
[M::mem_pestat] mean and std.dev: (213.25, 89.21)
[M::mem_pestat] low and high boundaries for proper pairs: (1, 635)
[M::mem_pestat] analyzing insert size distribution for orientation FR...
[M::mem_pestat] (25, 50, 75) percentile: (275, 316, 360)
[M::mem_pestat] low and high boundaries for computing mean and std.dev: (105, 530)
[M::mem_pestat] mean and std.dev: (317.45, 66.21)
[M::mem_pestat] low and high boundaries for proper pairs: (20, 615)
[M::mem_pestat] skip orientation RF as there are not enough pairs
[M::mem_pestat] analyzing insert size distribution for orientation RR...
[M::mem_pestat] (25, 50, 75) percentile: (253, 934, 1386)
[M::mem_pestat] low and high boundaries for computing mean and std.dev: (1, 3652)
[M::mem_pestat] mean and std.dev: (812.76, 738.90)
[M::mem_pestat] low and high boundaries for proper pairs: (1, 4785)
[M::mem_pestat] skip orientation FF
[M::mem_pestat] skip orientation RR
[M::mem_process_seqs] Processed 3960398 reads in 950.532 CPU sec, 24.920 real sec
[M::process] read 3960398 sequences (400000198 bp)...
[M::mem_pestat] # candidate unique pairs for (FF, FR, RF, RR): (191, 1826197, 2, 19)
[M::mem_pestat] analyzing insert size distribution for orientation FF...
[M::mem_pestat] (25, 50, 75) percentile: (151, 217, 260)
[M::mem_pestat] low and high boundaries for computing mean and std.dev: (1, 478)
[M::mem_pestat] mean and std.dev: (201.43, 78.41)
[M::mem_pestat] low and high boundaries for proper pairs: (1, 587)
[M::mem_pestat] analyzing insert size distribution for orientation FR...
[M::mem_pestat] (25, 50, 75) percentile: (273, 314, 358)
[M::mem_pestat] low and high boundaries for computing mean and std.dev: (103, 528)
[M::mem_pestat] mean and std.dev: (315.99, 65.89)
[M::mem_pestat] low and high boundaries for proper pairs: (18, 613)
[M::mem_pestat] skip orientation RF as there are not enough pairs
[M::mem_pestat] analyzing insert size distribution for orientation RR...
[M::mem_pestat] (25, 50, 75) percentile: (135, 182, 312)
[M::mem_pestat] low and high boundaries for computing mean and std.dev: (1, 666)
[M::mem_pestat] mean and std.dev: (184.53, 92.56)
[M::mem_pestat] low and high boundaries for proper pairs: (1, 843)
[M::mem_pestat] skip orientation FF
[M::mem_pestat] skip orientation RR
[M::mem_process_seqs] Processed 3960398 reads in 923.305 CPU sec, 24.093 real sec
[M::process] read 3960398 sequences (400000198 bp)...
[M::mem_pestat] # candidate unique pairs for (FF, FR, RF, RR): (80, 840485, 102, 29)
[M::mem_pestat] analyzing insert size distribution for orientation FF...
[M::mem_pestat] (25, 50, 75) percentile: (173, 239, 342)
[M::mem_pestat] low and high boundaries for computing mean and std.dev: (1, 680)
[M::mem_pestat] mean and std.dev: (214.39, 94.14)
[M::mem_pestat] low and high boundaries for proper pairs: (1, 849)
[M::mem_pestat] analyzing insert size distribution for orientation FR...
[M::mem_pestat] (25, 50, 75) percentile: (275, 316, 360)
[M::mem_pestat] low and high boundaries for computing mean and std.dev: (105, 530)
[M::mem_pestat] mean and std.dev: (317.70, 66.34)
[M::mem_pestat] low and high boundaries for proper pairs: (20, 615)
[M::mem_pestat] analyzing insert size distribution for orientation RF...
[M::mem_pestat] (25, 50, 75) percentile: (222, 1332, 2130)
[M::mem_pestat] low and high boundaries for computing mean and std.dev: (1, 5946)
[M::mem_pestat] mean and std.dev: (1320.14, 942.26)
[M::mem_pestat] low and high boundaries for proper pairs: (1, 7854)
[M::mem_pestat] analyzing insert size distribution for orientation RR...
[M::mem_pestat] (25, 50, 75) percentile: (343, 1362, 1985)
[M::mem_pestat] low and high boundaries for computing mean and std.dev: (1, 5269)
[M::mem_pestat] mean and std.dev: (1238.15, 887.23)
[M::mem_pestat] low and high boundaries for proper pairs: (1, 6911)
[M::mem_pestat] skip orientation FF
[M::mem_pestat] skip orientation RF
[M::mem_pestat] skip orientation RR
[M::process] read 3960398 sequences (400000198 bp)...
[M::mem_process_seqs] Processed 3960398 reads in 1427.384 CPU sec, 36.139 real sec
[M::process] read 3960398 sequences (400000198 bp)...
[M::mem_pestat] # candidate unique pairs for (FF, FR, RF, RR): (47, 258578, 0, 37)
[M::mem_pestat] analyzing insert size distribution for orientation FF...
[M::mem_pestat] (25, 50, 75) percentile: (207, 315, 500)
[M::mem_pestat] low and high boundaries for computing mean and std.dev: (1, 1086)
[M::mem_pestat] mean and std.dev: (374.62, 226.47)
[M::mem_pestat] low and high boundaries for proper pairs: (1, 1379)
[M::mem_pestat] analyzing insert size distribution for orientation FR...
[M::mem_pestat] (25, 50, 75) percentile: (275, 317, 361)
[M::mem_pestat] low and high boundaries for computing mean and std.dev: (103, 533)
[M::mem_pestat] mean and std.dev: (318.59, 66.82)
[M::mem_pestat] low and high boundaries for proper pairs: (17, 619)
[M::mem_pestat] skip orientation RF as there are not enough pairs
[M::mem_pestat] analyzing insert size distribution for orientation RR...
[M::mem_pestat] (25, 50, 75) percentile: (285, 421, 632)
[M::mem_pestat] low and high boundaries for computing mean and std.dev: (1, 1326)
[M::mem_pestat] mean and std.dev: (454.89, 213.96)
[M::mem_pestat] low and high boundaries for proper pairs: (1, 1673)
[M::mem_pestat] skip orientation FF
[M::mem_pestat] skip orientation RR
[M::mem_process_seqs] Processed 3960398 reads in 10778.931 CPU sec, 271.720 real sec
[M::mem_pestat] # candidate unique pairs for (FF, FR, RF, RR): (164, 1644918, 3, 30)
[M::mem_pestat] analyzing insert size distribution for orientation FF...
[M::mem_pestat] (25, 50, 75) percentile: (165, 228, 306)
[M::mem_pestat] low and high boundaries for computing mean and std.dev: (1, 588)
[M::mem_pestat] mean and std.dev: (217.38, 98.11)
[M::mem_pestat] low and high boundaries for proper pairs: (1, 729)
[M::mem_pestat] analyzing insert size distribution for orientation FR...
[M::mem_pestat] (25, 50, 75) percentile: (275, 316, 360)
[M::mem_pestat] low and high boundaries for computing mean and std.dev: (105, 530)
[M::mem_pestat] mean and std.dev: (317.44, 66.26)
[M::mem_pestat] low and high boundaries for proper pairs: (20, 615)
[M::mem_pestat] skip orientation RF as there are not enough pairs
[M::mem_pestat] analyzing insert size distribution for orientation RR...
[M::mem_pestat] (25, 50, 75) percentile: (179, 963, 1492)
[M::mem_pestat] low and high boundaries for computing mean and std.dev: (1, 4118)
[M::mem_pestat] mean and std.dev: (914.75, 942.30)
[M::mem_pestat] low and high boundaries for proper pairs: (1, 5431)
[M::mem_pestat] skip orientation FF
[M::mem_pestat] skip orientation RR
[M::mem_process_seqs] Processed 3960398 reads in 1007.994 CPU sec, 26.058 real sec
[M::process] read 3960398 sequences (400000198 bp)...
[M::mem_pestat] # candidate unique pairs for (FF, FR, RF, RR): (124, 1518396, 0, 19)
[M::mem_pestat] analyzing insert size distribution for orientation FF...
[M::mem_pestat] (25, 50, 75) percentile: (181, 238, 295)
[M::mem_pestat] low and high boundaries for computing mean and std.dev: (1, 523)
[M::mem_pestat] mean and std.dev: (220.84, 79.03)
[M::mem_pestat] low and high boundaries for proper pairs: (1, 637)
[M::mem_pestat] analyzing insert size distribution for orientation FR...
[M::mem_pestat] (25, 50, 75) percentile: (275, 316, 360)
[M::mem_pestat] low and high boundaries for computing mean and std.dev: (105, 530)
[M::mem_pestat] mean and std.dev: (317.50, 66.17)
[M::mem_pestat] low and high boundaries for proper pairs: (20, 615)
[M::mem_pestat] skip orientation RF as there are not enough pairs
[M::mem_pestat] analyzing insert size distribution for orientation RR...
[M::mem_pestat] (25, 50, 75) percentile: (225, 860, 1677)
[M::mem_pestat] low and high boundaries for computing mean and std.dev: (1, 4581)
[M::mem_pestat] mean and std.dev: (797.06, 695.38)
[M::mem_pestat] low and high boundaries for proper pairs: (1, 6033)
[M::mem_pestat] skip orientation FF
[M::mem_pestat] skip orientation RR
[M::mem_process_seqs] Processed 3960398 reads in 1087.965 CPU sec, 28.341 real sec
[M::process] read 3960398 sequences (400000198 bp)...
[M::mem_pestat] # candidate unique pairs for (FF, FR, RF, RR): (145, 1484445, 5, 20)
[M::mem_pestat] analyzing insert size distribution for orientation FF...
[M::mem_pestat] (25, 50, 75) percentile: (162, 219, 286)
[M::mem_pestat] low and high boundaries for computing mean and std.dev: (1, 534)
[M::mem_pestat] mean and std.dev: (210.01, 87.61)
[M::mem_pestat] low and high boundaries for proper pairs: (1, 658)
[M::mem_pestat] analyzing insert size distribution for orientation FR...
[M::mem_pestat] (25, 50, 75) percentile: (274, 315, 359)
[M::mem_pestat] low and high boundaries for computing mean and std.dev: (104, 529)
[M::mem_pestat] mean and std.dev: (316.64, 66.07)
[M::mem_pestat] low and high boundaries for proper pairs: (19, 614)
[M::mem_pestat] skip orientation RF as there are not enough pairs
[M::mem_pestat] analyzing insert size distribution for orientation RR...
[M::mem_pestat] (25, 50, 75) percentile: (155, 232, 1391)
[M::mem_pestat] low and high boundaries for computing mean and std.dev: (1, 3863)
[M::mem_pestat] mean and std.dev: (695.55, 810.28)
[M::mem_pestat] low and high boundaries for proper pairs: (1, 5099)
[M::mem_pestat] skip orientation FF
[M::mem_pestat] skip orientation RR
[M::mem_process_seqs] Processed 3960398 reads in 1060.308 CPU sec, 27.780 real sec
[M::process] read 3960398 sequences (400000198 bp)...
[M::mem_pestat] # candidate unique pairs for (FF, FR, RF, RR): (187, 1828952, 34, 42)
[M::mem_pestat] analyzing insert size distribution for orientation FF...
[M::mem_pestat] (25, 50, 75) percentile: (171, 233, 313)
[M::mem_pestat] low and high boundaries for computing mean and std.dev: (1, 597)
[M::mem_pestat] mean and std.dev: (218.76, 85.79)
[M::mem_pestat] low and high boundaries for proper pairs: (1, 739)
[M::mem_pestat] analyzing insert size distribution for orientation FR...
[M::mem_pestat] (25, 50, 75) percentile: (275, 316, 360)
[M::mem_pestat] low and high boundaries for computing mean and std.dev: (105, 530)
[M::mem_pestat] mean and std.dev: (317.41, 66.10)
[M::mem_pestat] low and high boundaries for proper pairs: (20, 615)
[M::mem_pestat] analyzing insert size distribution for orientation RF...
[M::mem_pestat] (25, 50, 75) percentile: (1074, 1483, 1525)
[M::mem_pestat] low and high boundaries for computing mean and std.dev: (172, 2427)
[M::mem_pestat] mean and std.dev: (1319.71, 285.74)
[M::mem_pestat] low and high boundaries for proper pairs: (1, 2878)
[M::mem_pestat] analyzing insert size distribution for orientation RR...
[M::mem_pestat] (25, 50, 75) percentile: (692, 1167, 1416)
[M::mem_pestat] low and high boundaries for computing mean and std.dev: (1, 2864)
[M::mem_pestat] mean and std.dev: (1045.44, 575.47)
[M::mem_pestat] low and high boundaries for proper pairs: (1, 3588)
[M::mem_pestat] skip orientation FF
[M::mem_pestat] skip orientation RF
[M::mem_pestat] skip orientation RR
[M::mem_process_seqs] Processed 3960398 reads in 951.054 CPU sec, 24.894 real sec
[M::process] read 3960398 sequences (400000198 bp)...
[M::mem_pestat] # candidate unique pairs for (FF, FR, RF, RR): (135, 1282574, 1, 44)
[M::mem_pestat] analyzing insert size distribution for orientation FF...
[M::mem_pestat] (25, 50, 75) percentile: (153, 244, 514)
[M::mem_pestat] low and high boundaries for computing mean and std.dev: (1, 1236)
[M::mem_pestat] mean and std.dev: (327.13, 265.17)
[M::mem_pestat] low and high boundaries for proper pairs: (1, 1597)
[M::mem_pestat] analyzing insert size distribution for orientation FR...
[M::mem_pestat] (25, 50, 75) percentile: (275, 316, 361)
[M::mem_pestat] low and high boundaries for computing mean and std.dev: (103, 533)
[M::mem_pestat] mean and std.dev: (318.10, 66.53)
[M::mem_pestat] low and high boundaries for proper pairs: (17, 619)
[M::mem_pestat] skip orientation RF as there are not enough pairs
[M::mem_pestat] analyzing insert size distribution for orientation RR...
[M::mem_pestat] (25, 50, 75) percentile: (420, 571, 986)
[M::mem_pestat] low and high boundaries for computing mean and std.dev: (1, 2118)
[M::mem_pestat] mean and std.dev: (653.38, 461.90)
[M::mem_pestat] low and high boundaries for proper pairs: (1, 2684)
[M::mem_pestat] skip orientation FF
[M::mem_pestat] skip orientation RR
[M::mem_process_seqs] Processed 3960398 reads in 1084.688 CPU sec, 28.118 real sec
[M::process] read 3960398 sequences (400000198 bp)...
[M::mem_pestat] # candidate unique pairs for (FF, FR, RF, RR): (164, 1809573, 13, 36)
[M::mem_pestat] analyzing insert size distribution for orientation FF...
[M::mem_pestat] (25, 50, 75) percentile: (163, 215, 274)
[M::mem_pestat] low and high boundaries for computing mean and std.dev: (1, 496)
[M::mem_pestat] mean and std.dev: (210.06, 78.98)
[M::mem_pestat] low and high boundaries for proper pairs: (1, 607)
[M::mem_pestat] analyzing insert size distribution for orientation FR...
[M::mem_pestat] (25, 50, 75) percentile: (274, 315, 359)
[M::mem_pestat] low and high boundaries for computing mean and std.dev: (104, 529)
[M::mem_pestat] mean and std.dev: (316.73, 66.00)
[M::mem_pestat] low and high boundaries for proper pairs: (19, 614)
[M::mem_pestat] analyzing insert size distribution for orientation RF...
[M::mem_pestat] (25, 50, 75) percentile: (1041, 1140, 1175)
[M::mem_pestat] low and high boundaries for computing mean and std.dev: (773, 1443)
[M::mem_pestat] mean and std.dev: (1122.60, 56.14)
[M::mem_pestat] low and high boundaries for proper pairs: (639, 1577)
[M::mem_pestat] analyzing insert size distribution for orientation RR...
[M::mem_pestat] (25, 50, 75) percentile: (216, 295, 1379)
[M::mem_pestat] low and high boundaries for computing mean and std.dev: (1, 3705)
[M::mem_pestat] mean and std.dev: (747.00, 766.88)
[M::mem_pestat] low and high boundaries for proper pairs: (1, 4868)
[M::mem_pestat] skip orientation FF
[M::mem_pestat] skip orientation RF
[M::mem_pestat] skip orientation RR
[M::mem_process_seqs] Processed 3960398 reads in 868.602 CPU sec, 22.763 real sec
[M::process] read 3960398 sequences (400000198 bp)...
[M::mem_pestat] # candidate unique pairs for (FF, FR, RF, RR): (211, 1864180, 0, 19)
[M::mem_pestat] analyzing insert size distribution for orientation FF...
[M::mem_pestat] (25, 50, 75) percentile: (161, 218, 262)
[M::mem_pestat] low and high boundaries for computing mean and std.dev: (1, 464)
[M::mem_pestat] mean and std.dev: (209.05, 83.96)
[M::mem_pestat] low and high boundaries for proper pairs: (1, 565)
[M::mem_pestat] analyzing insert size distribution for orientation FR...
[M::mem_pestat] (25, 50, 75) percentile: (273, 314, 358)
[M::mem_pestat] low and high boundaries for computing mean and std.dev: (103, 528)
[M::mem_pestat] mean and std.dev: (315.76, 65.86)
[M::mem_pestat] low and high boundaries for proper pairs: (18, 613)
[M::mem_pestat] skip orientation RF as there are not enough pairs
[M::mem_pestat] analyzing insert size distribution for orientation RR...
[M::mem_pestat] (25, 50, 75) percentile: (136, 185, 225)
[M::mem_pestat] low and high boundaries for computing mean and std.dev: (1, 403)
[M::mem_pestat] mean and std.dev: (146.19, 81.14)
[M::mem_pestat] low and high boundaries for proper pairs: (1, 492)
[M::mem_pestat] skip orientation FF
[M::mem_pestat] skip orientation RR
[M::mem_process_seqs] Processed 3960398 reads in 742.302 CPU sec, 19.716 real sec
[M::process] read 3960398 sequences (400000198 bp)...
[M::mem_pestat] # candidate unique pairs for (FF, FR, RF, RR): (208, 1778137, 2, 62)
[M::mem_pestat] analyzing insert size distribution for orientation FF...
[M::mem_pestat] (25, 50, 75) percentile: (172, 223, 291)
[M::mem_pestat] low and high boundaries for computing mean and std.dev: (1, 529)
[M::mem_pestat] mean and std.dev: (220.13, 93.21)
[M::mem_pestat] low and high boundaries for proper pairs: (1, 648)
[M::mem_pestat] analyzing insert size distribution for orientation FR...
[M::mem_pestat] (25, 50, 75) percentile: (274, 315, 359)
[M::mem_pestat] low and high boundaries for computing mean and std.dev: (104, 529)
[M::mem_pestat] mean and std.dev: (316.56, 66.01)
[M::mem_pestat] low and high boundaries for proper pairs: (19, 614)
[M::mem_pestat] skip orientation RF as there are not enough pairs
[M::mem_pestat] analyzing insert size distribution for orientation RR...
[M::mem_pestat] (25, 50, 75) percentile: (251, 489, 1333)
[M::mem_pestat] low and high boundaries for computing mean and std.dev: (1, 3497)
[M::mem_pestat] mean and std.dev: (779.07, 686.78)
[M::mem_pestat] low and high boundaries for proper pairs: (1, 4579)
[M::mem_pestat] skip orientation FF
[M::mem_pestat] skip orientation RR
[M::mem_process_seqs] Processed 3960398 reads in 978.887 CPU sec, 25.582 real sec
[M::process] read 3960398 sequences (400000198 bp)...
[M::mem_pestat] # candidate unique pairs for (FF, FR, RF, RR): (200, 1782872, 1, 20)
[M::mem_pestat] analyzing insert size distribution for orientation FF...
[M::mem_pestat] (25, 50, 75) percentile: (184, 230, 290)
[M::mem_pestat] low and high boundaries for computing mean and std.dev: (1, 502)
[M::mem_pestat] mean and std.dev: (226.37, 85.71)
[M::mem_pestat] low and high boundaries for proper pairs: (1, 608)
[M::mem_pestat] analyzing insert size distribution for orientation FR...
[M::mem_pestat] (25, 50, 75) percentile: (274, 315, 359)
[M::mem_pestat] low and high boundaries for computing mean and std.dev: (104, 529)
[M::mem_pestat] mean and std.dev: (316.29, 65.94)
[M::mem_pestat] low and high boundaries for proper pairs: (19, 614)
[M::mem_pestat] skip orientation RF as there are not enough pairs
[M::mem_pestat] analyzing insert size distribution for orientation RR...
[M::mem_pestat] (25, 50, 75) percentile: (185, 255, 381)
[M::mem_pestat] low and high boundaries for computing mean and std.dev: (1, 773)
[M::mem_pestat] mean and std.dev: (232.94, 87.43)
[M::mem_pestat] low and high boundaries for proper pairs: (1, 969)
[M::mem_pestat] skip orientation FF
[M::mem_pestat] skip orientation RR
[M::mem_process_seqs] Processed 3960398 reads in 1000.372 CPU sec, 26.120 real sec
[M::process] read 3960398 sequences (400000198 bp)...
[M::mem_pestat] # candidate unique pairs for (FF, FR, RF, RR): (172, 1832154, 4, 20)
[M::mem_pestat] analyzing insert size distribution for orientation FF...
[M::mem_pestat] (25, 50, 75) percentile: (166, 226, 275)
[M::mem_pestat] low and high boundaries for computing mean and std.dev: (1, 493)
[M::mem_pestat] mean and std.dev: (214.17, 75.40)
[M::mem_pestat] low and high boundaries for proper pairs: (1, 602)
[M::mem_pestat] analyzing insert size distribution for orientation FR...
[M::mem_pestat] (25, 50, 75) percentile: (273, 314, 359)
[M::mem_pestat] low and high boundaries for computing mean and std.dev: (101, 531)
[M::mem_pestat] mean and std.dev: (316.09, 66.02)
[M::mem_pestat] low and high boundaries for proper pairs: (15, 617)
[M::mem_pestat] skip orientation RF as there are not enough pairs
[M::mem_pestat] analyzing insert size distribution for orientation RR...
[M::mem_pestat] (25, 50, 75) percentile: (168, 313, 596)
[M::mem_pestat] low and high boundaries for computing mean and std.dev: (1, 1452)
[M::mem_pestat] mean and std.dev: (296.65, 289.70)
[M::mem_pestat] low and high boundaries for proper pairs: (1, 1880)
[M::mem_pestat] skip orientation FF
[M::mem_pestat] skip orientation RR
[M::mem_process_seqs] Processed 3960398 reads in 890.448 CPU sec, 23.366 real sec
[M::process] read 3960398 sequences (400000198 bp)...
[M::mem_pestat] # candidate unique pairs for (FF, FR, RF, RR): (193, 1769380, 1, 53)
[M::mem_pestat] analyzing insert size distribution for orientation FF...
[M::mem_pestat] (25, 50, 75) percentile: (162, 223, 313)
[M::mem_pestat] low and high boundaries for computing mean and std.dev: (1, 615)
[M::mem_pestat] mean and std.dev: (222.54, 100.52)
[M::mem_pestat] low and high boundaries for proper pairs: (1, 766)
[M::mem_pestat] analyzing insert size distribution for orientation FR...
[M::mem_pestat] (25, 50, 75) percentile: (274, 315, 359)
[M::mem_pestat] low and high boundaries for computing mean and std.dev: (104, 529)
[M::mem_pestat] mean and std.dev: (316.81, 66.11)
[M::mem_pestat] low and high boundaries for proper pairs: (19, 614)
[M::mem_pestat] skip orientation RF as there are not enough pairs
[M::mem_pestat] analyzing insert size distribution for orientation RR...
[M::mem_pestat] (25, 50, 75) percentile: (208, 345, 1338)
[M::mem_pestat] low and high boundaries for computing mean and std.dev: (1, 3598)
[M::mem_pestat] mean and std.dev: (823.50, 826.38)
[M::mem_pestat] low and high boundaries for proper pairs: (1, 4728)
[M::mem_pestat] skip orientation FF
[M::mem_pestat] skip orientation RR
[M::mem_process_seqs] Processed 3960398 reads in 1010.151 CPU sec, 26.391 real sec
[M::process] read 3960398 sequences (400000198 bp)...
[M::mem_pestat] # candidate unique pairs for (FF, FR, RF, RR): (168, 1814224, 2, 22)
[M::mem_pestat] analyzing insert size distribution for orientation FF...
[M::mem_pestat] (25, 50, 75) percentile: (179, 225, 282)
[M::mem_pestat] low and high boundaries for computing mean and std.dev: (1, 488)
[M::mem_pestat] mean and std.dev: (224.39, 78.61)
[M::mem_pestat] low and high boundaries for proper pairs: (1, 591)
[M::mem_pestat] analyzing insert size distribution for orientation FR...
[M::mem_pestat] (25, 50, 75) percentile: (274, 315, 359)
[M::mem_pestat] low and high boundaries for computing mean and std.dev: (104, 529)
[M::mem_pestat] mean and std.dev: (316.44, 65.97)
[M::mem_pestat] low and high boundaries for proper pairs: (19, 614)
[M::mem_pestat] skip orientation RF as there are not enough pairs
[M::mem_pestat] analyzing insert size distribution for orientation RR...
[M::mem_pestat] (25, 50, 75) percentile: (170, 345, 1258)
[M::mem_pestat] low and high boundaries for computing mean and std.dev: (1, 3434)
[M::mem_pestat] mean and std.dev: (637.25, 658.09)
[M::mem_pestat] low and high boundaries for proper pairs: (1, 4522)
[M::mem_pestat] skip orientation FF
[M::mem_pestat] skip orientation RR
[M::mem_process_seqs] Processed 3960398 reads in 959.501 CPU sec, 25.041 real sec
[M::process] read 3960398 sequences (400000198 bp)...
[M::mem_pestat] # candidate unique pairs for (FF, FR, RF, RR): (210, 1815877, 2, 50)
[M::mem_pestat] analyzing insert size distribution for orientation FF...
[M::mem_pestat] (25, 50, 75) percentile: (174, 232, 315)
[M::mem_pestat] low and high boundaries for computing mean and std.dev: (1, 597)
[M::mem_pestat] mean and std.dev: (210.48, 82.96)
[M::mem_pestat] low and high boundaries for proper pairs: (1, 738)
[M::mem_pestat] analyzing insert size distribution for orientation FR...
[M::mem_pestat] (25, 50, 75) percentile: (273, 314, 358)
[M::mem_pestat] low and high boundaries for computing mean and std.dev: (103, 528)
[M::mem_pestat] mean and std.dev: (315.66, 65.81)
[M::mem_pestat] low and high boundaries for proper pairs: (18, 613)
[M::mem_pestat] skip orientation RF as there are not enough pairs
[M::mem_pestat] analyzing insert size distribution for orientation RR...
[M::mem_pestat] (25, 50, 75) percentile: (238, 1188, 2744)
[M::mem_pestat] low and high boundaries for computing mean and std.dev: (1, 7756)
[M::mem_pestat] mean and std.dev: (1432.90, 1349.47)
[M::mem_pestat] low and high boundaries for proper pairs: (1, 10262)
[M::mem_pestat] skip orientation FF
[M::mem_pestat] skip orientation RR
[M::mem_process_seqs] Processed 3960398 reads in 944.066 CPU sec, 24.667 real sec
[M::process] read 3960398 sequences (400000198 bp)...
[M::mem_pestat] # candidate unique pairs for (FF, FR, RF, RR): (203, 1808170, 2, 26)
[M::mem_pestat] analyzing insert size distribution for orientation FF...
[M::mem_pestat] (25, 50, 75) percentile: (156, 213, 285)
[M::mem_pestat] low and high boundaries for computing mean and std.dev: (1, 543)
[M::mem_pestat] mean and std.dev: (209.64, 93.05)
[M::mem_pestat] low and high boundaries for proper pairs: (1, 672)
[M::mem_pestat] analyzing insert size distribution for orientation FR...
[M::mem_pestat] (25, 50, 75) percentile: (273, 314, 358)
[M::mem_pestat] low and high boundaries for computing mean and std.dev: (103, 528)
[M::mem_pestat] mean and std.dev: (315.87, 65.87)
[M::mem_pestat] low and high boundaries for proper pairs: (18, 613)
[M::mem_pestat] skip orientation RF as there are not enough pairs
[M::mem_pestat] analyzing insert size distribution for orientation RR...
[M::mem_pestat] (25, 50, 75) percentile: (659, 1049, 1742)
[M::mem_pestat] low and high boundaries for computing mean and std.dev: (1, 3908)
[M::mem_pestat] mean and std.dev: (1217.88, 857.73)
[M::mem_pestat] low and high boundaries for proper pairs: (1, 4991)
[M::mem_pestat] skip orientation FF
[M::mem_pestat] skip orientation RR
[M::mem_process_seqs] Processed 3960398 reads in 938.191 CPU sec, 24.443 real sec
[M::process] read 3960398 sequences (400000198 bp)...
[M::mem_pestat] # candidate unique pairs for (FF, FR, RF, RR): (169, 1772473, 2, 48)
[M::mem_pestat] analyzing insert size distribution for orientation FF...
[M::mem_pestat] (25, 50, 75) percentile: (163, 229, 301)
[M::mem_pestat] low and high boundaries for computing mean and std.dev: (1, 577)
[M::mem_pestat] mean and std.dev: (221.86, 89.47)
[M::mem_pestat] low and high boundaries for proper pairs: (1, 715)
[M::mem_pestat] analyzing insert size distribution for orientation FR...
[M::mem_pestat] (25, 50, 75) percentile: (274, 315, 359)
[M::mem_pestat] low and high boundaries for computing mean and std.dev: (104, 529)
[M::mem_pestat] mean and std.dev: (316.66, 66.06)
[M::mem_pestat] low and high boundaries for proper pairs: (19, 614)
[M::mem_pestat] skip orientation RF as there are not enough pairs
[M::mem_pestat] analyzing insert size distribution for orientation RR...
[M::mem_pestat] (25, 50, 75) percentile: (244, 911, 1849)
[M::mem_pestat] low and high boundaries for computing mean and std.dev: (1, 5059)
[M::mem_pestat] mean and std.dev: (1125.98, 1134.40)
[M::mem_pestat] low and high boundaries for proper pairs: (1, 6664)
[M::mem_pestat] skip orientation FF
[M::mem_pestat] skip orientation RR
[M::mem_process_seqs] Processed 3960398 reads in 1039.847 CPU sec, 27.029 real sec
[M::process] read 3960398 sequences (400000198 bp)...
[M::mem_pestat] # candidate unique pairs for (FF, FR, RF, RR): (168, 1798250, 0, 37)
[M::mem_pestat] analyzing insert size distribution for orientation FF...
[M::mem_pestat] (25, 50, 75) percentile: (172, 221, 290)
[M::mem_pestat] low and high boundaries for computing mean and std.dev: (1, 526)
[M::mem_pestat] mean and std.dev: (217.47, 91.38)
[M::mem_pestat] low and high boundaries for proper pairs: (1, 644)
[M::mem_pestat] analyzing insert size distribution for orientation FR...
[M::mem_pestat] (25, 50, 75) percentile: (274, 315, 359)
[M::mem_pestat] low and high boundaries for computing mean and std.dev: (104, 529)
[M::mem_pestat] mean and std.dev: (316.61, 66.07)
[M::mem_pestat] low and high boundaries for proper pairs: (19, 614)
[M::mem_pestat] skip orientation RF as there are not enough pairs
[M::mem_pestat] analyzing insert size distribution for orientation RR...
[M::mem_pestat] (25, 50, 75) percentile: (186, 266, 645)
[M::mem_pestat] low and high boundaries for computing mean and std.dev: (1, 1563)
[M::mem_pestat] mean and std.dev: (383.77, 343.00)
[M::mem_pestat] low and high boundaries for proper pairs: (1, 2022)
[M::mem_pestat] skip orientation FF
[M::mem_pestat] skip orientation RR
[M::mem_process_seqs] Processed 3960398 reads in 959.537 CPU sec, 25.138 real sec
[M::process] read 3960398 sequences (400000198 bp)...
[M::mem_pestat] # candidate unique pairs for (FF, FR, RF, RR): (203, 1832148, 2, 21)
[M::mem_pestat] analyzing insert size distribution for orientation FF...
[M::mem_pestat] (25, 50, 75) percentile: (176, 225, 304)
[M::mem_pestat] low and high boundaries for computing mean and std.dev: (1, 560)
[M::mem_pestat] mean and std.dev: (221.77, 88.24)
[M::mem_pestat] low and high boundaries for proper pairs: (1, 688)
[M::mem_pestat] analyzing insert size distribution for orientation FR...
[M::mem_pestat] (25, 50, 75) percentile: (274, 315, 359)
[M::mem_pestat] low and high boundaries for computing mean and std.dev: (104, 529)
[M::mem_pestat] mean and std.dev: (316.76, 66.05)
[M::mem_pestat] low and high boundaries for proper pairs: (19, 614)
[M::mem_pestat] skip orientation RF as there are not enough pairs
[M::mem_pestat] analyzing insert size distribution for orientation RR...
[M::mem_pestat] (25, 50, 75) percentile: (133, 268, 1162)
[M::mem_pestat] low and high boundaries for computing mean and std.dev: (1, 3220)
[M::mem_pestat] mean and std.dev: (716.33, 861.41)
[M::mem_pestat] low and high boundaries for proper pairs: (1, 4249)
[M::mem_pestat] skip orientation FF
[M::mem_pestat] skip orientation RR
[M::mem_process_seqs] Processed 3960398 reads in 840.496 CPU sec, 22.132 real sec
[M::process] read 3960398 sequences (400000198 bp)...
[M::mem_pestat] # candidate unique pairs for (FF, FR, RF, RR): (197, 1829506, 0, 51)
[M::mem_pestat] analyzing insert size distribution for orientation FF...
[M::mem_pestat] (25, 50, 75) percentile: (168, 242, 307)
[M::mem_pestat] low and high boundaries for computing mean and std.dev: (1, 585)
[M::mem_pestat] mean and std.dev: (224.05, 90.43)
[M::mem_pestat] low and high boundaries for proper pairs: (1, 724)
[M::mem_pestat] analyzing insert size distribution for orientation FR...
[M::mem_pestat] (25, 50, 75) percentile: (275, 316, 360)
[M::mem_pestat] low and high boundaries for computing mean and std.dev: (105, 530)
[M::mem_pestat] mean and std.dev: (317.41, 66.19)
[M::mem_pestat] low and high boundaries for proper pairs: (20, 615)
[M::mem_pestat] skip orientation RF as there are not enough pairs
[M::mem_pestat] analyzing insert size distribution for orientation RR...
[M::mem_pestat] (25, 50, 75) percentile: (233, 905, 1357)
[M::mem_pestat] low and high boundaries for computing mean and std.dev: (1, 3605)
[M::mem_pestat] mean and std.dev: (847.82, 713.68)
[M::mem_pestat] low and high boundaries for proper pairs: (1, 4729)
[M::mem_pestat] skip orientation FF
[M::mem_pestat] skip orientation RR
[M::mem_process_seqs] Processed 3960398 reads in 919.622 CPU sec, 24.634 real sec
[M::process] read 3960398 sequences (400000198 bp)...
[M::mem_pestat] # candidate unique pairs for (FF, FR, RF, RR): (172, 1781024, 0, 37)
[M::mem_pestat] analyzing insert size distribution for orientation FF...
[M::mem_pestat] (25, 50, 75) percentile: (155, 223, 286)
[M::mem_pestat] low and high boundaries for computing mean and std.dev: (1, 548)
[M::mem_pestat] mean and std.dev: (207.19, 84.30)
[M::mem_pestat] low and high boundaries for proper pairs: (1, 679)
[M::mem_pestat] analyzing insert size distribution for orientation FR...
[M::mem_pestat] (25, 50, 75) percentile: (274, 316, 360)
[M::mem_pestat] low and high boundaries for computing mean and std.dev: (102, 532)
[M::mem_pestat] mean and std.dev: (317.18, 66.30)
[M::mem_pestat] low and high boundaries for proper pairs: (16, 618)
[M::mem_pestat] skip orientation RF as there are not enough pairs
[M::mem_pestat] analyzing insert size distribution for orientation RR...
[M::mem_pestat] (25, 50, 75) percentile: (496, 938, 2255)
[M::mem_pestat] low and high boundaries for computing mean and std.dev: (1, 5773)
[M::mem_pestat] mean and std.dev: (1278.03, 1192.85)
[M::mem_pestat] low and high boundaries for proper pairs: (1, 7532)
[M::mem_pestat] skip orientation FF
[M::mem_pestat] skip orientation RR
[M::mem_process_seqs] Processed 3960398 reads in 1024.876 CPU sec, 26.815 real sec
[M::process] read 3960398 sequences (400000198 bp)...
[M::mem_pestat] # candidate unique pairs for (FF, FR, RF, RR): (166, 1825543, 46, 31)
[M::mem_pestat] analyzing insert size distribution for orientation FF...
[M::mem_pestat] (25, 50, 75) percentile: (182, 247, 310)
[M::mem_pestat] low and high boundaries for computing mean and std.dev: (1, 566)
[M::mem_pestat] mean and std.dev: (227.44, 95.99)
[M::mem_pestat] low and high boundaries for proper pairs: (1, 694)
[M::mem_pestat] analyzing insert size distribution for orientation FR...
[M::mem_pestat] (25, 50, 75) percentile: (276, 317, 362)
[M::mem_pestat] low and high boundaries for computing mean and std.dev: (104, 534)
[M::mem_pestat] mean and std.dev: (318.82, 66.61)
[M::mem_pestat] low and high boundaries for proper pairs: (18, 620)
[M::mem_pestat] analyzing insert size distribution for orientation RF...
[M::mem_pestat] (25, 50, 75) percentile: (64, 98, 434)
[M::mem_pestat] low and high boundaries for computing mean and std.dev: (1, 1174)
[M::mem_pestat] mean and std.dev: (200.41, 188.73)
[M::mem_pestat] low and high boundaries for proper pairs: (1, 1544)
[M::mem_pestat] analyzing insert size distribution for orientation RR...
[M::mem_pestat] (25, 50, 75) percentile: (223, 835, 1528)
[M::mem_pestat] low and high boundaries for computing mean and std.dev: (1, 4138)
[M::mem_pestat] mean and std.dev: (893.40, 775.97)
[M::mem_pestat] low and high boundaries for proper pairs: (1, 5443)
[M::mem_pestat] skip orientation FF
[M::mem_pestat] skip orientation RF
[M::mem_pestat] skip orientation RR
[M::mem_process_seqs] Processed 3960398 reads in 868.831 CPU sec, 22.670 real sec
[M::process] read 3960398 sequences (400000198 bp)...
[M::mem_pestat] # candidate unique pairs for (FF, FR, RF, RR): (132, 1672345, 49, 33)
[M::mem_pestat] analyzing insert size distribution for orientation FF...
[M::mem_pestat] (25, 50, 75) percentile: (143, 216, 282)
[M::mem_pestat] low and high boundaries for computing mean and std.dev: (1, 560)
[M::mem_pestat] mean and std.dev: (210.98, 100.85)
[M::mem_pestat] low and high boundaries for proper pairs: (1, 699)
[M::mem_pestat] analyzing insert size distribution for orientation FR...
[M::mem_pestat] (25, 50, 75) percentile: (274, 316, 360)
[M::mem_pestat] low and high boundaries for computing mean and std.dev: (102, 532)
[M::mem_pestat] mean and std.dev: (317.32, 66.32)
[M::mem_pestat] low and high boundaries for proper pairs: (16, 618)
[M::mem_pestat] analyzing insert size distribution for orientation RF...
[M::mem_pestat] (25, 50, 75) percentile: (39, 98, 200)
[M::mem_pestat] low and high boundaries for computing mean and std.dev: (1, 522)
[M::mem_pestat] mean and std.dev: (125.10, 108.89)
[M::mem_pestat] low and high boundaries for proper pairs: (1, 683)
[M::mem_pestat] analyzing insert size distribution for orientation RR...
[M::mem_pestat] (25, 50, 75) percentile: (156, 277, 1153)
[M::mem_pestat] low and high boundaries for computing mean and std.dev: (1, 3147)
[M::mem_pestat] mean and std.dev: (532.62, 610.83)
[M::mem_pestat] low and high boundaries for proper pairs: (1, 4144)
[M::mem_pestat] skip orientation FF
[M::mem_pestat] skip orientation RF
[M::mem_pestat] skip orientation RR
[M::mem_process_seqs] Processed 3960398 reads in 1018.961 CPU sec, 26.519 real sec
[M::process] read 3960398 sequences (400000198 bp)...
[M::mem_pestat] # candidate unique pairs for (FF, FR, RF, RR): (165, 1751875, 31, 24)
[M::mem_pestat] analyzing insert size distribution for orientation FF...
[M::mem_pestat] (25, 50, 75) percentile: (167, 224, 288)
[M::mem_pestat] low and high boundaries for computing mean and std.dev: (1, 530)
[M::mem_pestat] mean and std.dev: (211.13, 91.64)
[M::mem_pestat] low and high boundaries for proper pairs: (1, 651)
[M::mem_pestat] analyzing insert size distribution for orientation FR...
[M::mem_pestat] (25, 50, 75) percentile: (275, 316, 361)
[M::mem_pestat] low and high boundaries for computing mean and std.dev: (103, 533)
[M::mem_pestat] mean and std.dev: (317.85, 66.45)
[M::mem_pestat] low and high boundaries for proper pairs: (17, 619)
[M::mem_pestat] analyzing insert size distribution for orientation RF...
[M::mem_pestat] (25, 50, 75) percentile: (349, 365, 422)
[M::mem_pestat] low and high boundaries for computing mean and std.dev: (203, 568)
[M::mem_pestat] mean and std.dev: (377.66, 58.90)
[M::mem_pestat] low and high boundaries for proper pairs: (130, 641)
[M::mem_pestat] analyzing insert size distribution for orientation RR...
[M::mem_pestat] (25, 50, 75) percentile: (542, 1180, 1925)
[M::mem_pestat] low and high boundaries for computing mean and std.dev: (1, 4691)
[M::mem_pestat] mean and std.dev: (1372.29, 1089.29)
[M::mem_pestat] low and high boundaries for proper pairs: (1, 6074)
[M::mem_pestat] skip orientation FF
[M::mem_pestat] skip orientation RF
[M::mem_pestat] skip orientation RR
[M::mem_process_seqs] Processed 3960398 reads in 969.720 CPU sec, 25.219 real sec
[M::process] read 3960398 sequences (400000198 bp)...
[M::mem_pestat] # candidate unique pairs for (FF, FR, RF, RR): (156, 1793956, 0, 30)
[M::mem_pestat] analyzing insert size distribution for orientation FF...
[M::mem_pestat] (25, 50, 75) percentile: (167, 221, 284)
[M::mem_pestat] low and high boundaries for computing mean and std.dev: (1, 518)
[M::mem_pestat] mean and std.dev: (219.79, 90.41)
[M::mem_pestat] low and high boundaries for proper pairs: (1, 635)
[M::mem_pestat] analyzing insert size distribution for orientation FR...
[M::mem_pestat] (25, 50, 75) percentile: (275, 316, 360)
[M::mem_pestat] low and high boundaries for computing mean and std.dev: (105, 530)
[M::mem_pestat] mean and std.dev: (317.53, 66.18)
[M::mem_pestat] low and high boundaries for proper pairs: (20, 615)
[M::mem_pestat] skip orientation RF as there are not enough pairs
[M::mem_pestat] analyzing insert size distribution for orientation RR...
[M::mem_pestat] (25, 50, 75) percentile: (230, 729, 1310)
[M::mem_pestat] low and high boundaries for computing mean and std.dev: (1, 3470)
[M::mem_pestat] mean and std.dev: (793.62, 668.64)
[M::mem_pestat] low and high boundaries for proper pairs: (1, 4550)
[M::mem_pestat] skip orientation FF
[M::mem_pestat] skip orientation RR
[M::mem_process_seqs] Processed 3960398 reads in 875.058 CPU sec, 23.085 real sec
[M::process] read 3960398 sequences (400000198 bp)...
[M::mem_pestat] # candidate unique pairs for (FF, FR, RF, RR): (168, 1772918, 3, 19)
[M::mem_pestat] analyzing insert size distribution for orientation FF...
[M::mem_pestat] (25, 50, 75) percentile: (158, 210, 271)
[M::mem_pestat] low and high boundaries for computing mean and std.dev: (1, 497)
[M::mem_pestat] mean and std.dev: (202.68, 85.61)
[M::mem_pestat] low and high boundaries for proper pairs: (1, 610)
[M::mem_pestat] analyzing insert size distribution for orientation FR...
[M::mem_pestat] (25, 50, 75) percentile: (274, 315, 359)
[M::mem_pestat] low and high boundaries for computing mean and std.dev: (104, 529)
[M::mem_pestat] mean and std.dev: (316.47, 65.94)
[M::mem_pestat] low and high boundaries for proper pairs: (19, 614)
[M::mem_pestat] skip orientation RF as there are not enough pairs
[M::mem_pestat] analyzing insert size distribution for orientation RR...
[M::mem_pestat] (25, 50, 75) percentile: (178, 228, 1184)
[M::mem_pestat] low and high boundaries for computing mean and std.dev: (1, 3196)
[M::mem_pestat] mean and std.dev: (552.94, 663.37)
[M::mem_pestat] low and high boundaries for proper pairs: (1, 4202)
[M::mem_pestat] skip orientation FF
[M::mem_pestat] skip orientation RR
[M::mem_process_seqs] Processed 3960398 reads in 1000.626 CPU sec, 26.122 real sec
[M::process] read 3960398 sequences (400000198 bp)...
[M::mem_pestat] # candidate unique pairs for (FF, FR, RF, RR): (163, 1804548, 2, 25)
[M::mem_pestat] analyzing insert size distribution for orientation FF...
[M::mem_pestat] (25, 50, 75) percentile: (155, 219, 290)
[M::mem_pestat] low and high boundaries for computing mean and std.dev: (1, 560)
[M::mem_pestat] mean and std.dev: (209.29, 87.88)
[M::mem_pestat] low and high boundaries for proper pairs: (1, 695)
[M::mem_pestat] analyzing insert size distribution for orientation FR...
[M::mem_pestat] (25, 50, 75) percentile: (274, 315, 359)
[M::mem_pestat] low and high boundaries for computing mean and std.dev: (104, 529)
[M::mem_pestat] mean and std.dev: (316.77, 66.03)
[M::mem_pestat] low and high boundaries for proper pairs: (19, 614)
[M::mem_pestat] skip orientation RF as there are not enough pairs
[M::mem_pestat] analyzing insert size distribution for orientation RR...
[M::mem_pestat] (25, 50, 75) percentile: (242, 713, 1790)
[M::mem_pestat] low and high boundaries for computing mean and std.dev: (1, 4886)
[M::mem_pestat] mean and std.dev: (1037.48, 962.78)
[M::mem_pestat] low and high boundaries for proper pairs: (1, 6434)
[M::mem_pestat] skip orientation FF
[M::mem_pestat] skip orientation RR
[M::mem_process_seqs] Processed 3960398 reads in 1010.904 CPU sec, 26.315 real sec
[M::process] read 3960398 sequences (400000198 bp)...
[M::mem_pestat] # candidate unique pairs for (FF, FR, RF, RR): (184, 1777302, 0, 34)
[M::mem_pestat] analyzing insert size distribution for orientation FF...
[M::mem_pestat] (25, 50, 75) percentile: (163, 205, 251)
[M::mem_pestat] low and high boundaries for computing mean and std.dev: (1, 427)
[M::mem_pestat] mean and std.dev: (200.86, 74.32)
[M::mem_pestat] low and high boundaries for proper pairs: (1, 515)
[M::mem_pestat] analyzing insert size distribution for orientation FR...
[M::mem_pestat] (25, 50, 75) percentile: (275, 316, 360)
[M::mem_pestat] low and high boundaries for computing mean and std.dev: (105, 530)
[M::mem_pestat] mean and std.dev: (317.36, 66.17)
[M::mem_pestat] low and high boundaries for proper pairs: (20, 615)
[M::mem_pestat] skip orientation RF as there are not enough pairs
[M::mem_pestat] analyzing insert size distribution for orientation RR...
[M::mem_pestat] (25, 50, 75) percentile: (174, 294, 877)
[M::mem_pestat] low and high boundaries for computing mean and std.dev: (1, 2283)
[M::mem_pestat] mean and std.dev: (483.20, 550.20)
[M::mem_pestat] low and high boundaries for proper pairs: (1, 2986)
[M::mem_pestat] skip orientation FF
[M::mem_pestat] skip orientation RR
[M::mem_process_seqs] Processed 3960398 reads in 1010.711 CPU sec, 26.299 real sec
[M::process] read 3960398 sequences (400000198 bp)...
[M::mem_pestat] # candidate unique pairs for (FF, FR, RF, RR): (178, 1765113, 0, 71)
[M::mem_pestat] analyzing insert size distribution for orientation FF...
[M::mem_pestat] (25, 50, 75) percentile: (193, 270, 696)
[M::mem_pestat] low and high boundaries for computing mean and std.dev: (1, 1702)
[M::mem_pestat] mean and std.dev: (412.19, 370.70)
[M::mem_pestat] low and high boundaries for proper pairs: (1, 2205)
[M::mem_pestat] analyzing insert size distribution for orientation FR...
[M::mem_pestat] (25, 50, 75) percentile: (275, 317, 361)
[M::mem_pestat] low and high boundaries for computing mean and std.dev: (103, 533)
[M::mem_pestat] mean and std.dev: (318.23, 66.54)
[M::mem_pestat] low and high boundaries for proper pairs: (17, 619)
[M::mem_pestat] skip orientation RF as there are not enough pairs
[M::mem_pestat] analyzing insert size distribution for orientation RR...
[M::mem_pestat] (25, 50, 75) percentile: (853, 1102, 1406)
[M::mem_pestat] low and high boundaries for computing mean and std.dev: (1, 2512)
[M::mem_pestat] mean and std.dev: (1077.68, 472.79)
[M::mem_pestat] low and high boundaries for proper pairs: (1, 3065)
[M::mem_pestat] skip orientation FF
[M::mem_pestat] skip orientation RR
[M::mem_process_seqs] Processed 3960398 reads in 1016.210 CPU sec, 26.453 real sec
[M::process] read 3960398 sequences (400000198 bp)...
[M::mem_pestat] # candidate unique pairs for (FF, FR, RF, RR): (182, 1776736, 17, 42)
[M::mem_pestat] analyzing insert size distribution for orientation FF...
[M::mem_pestat] (25, 50, 75) percentile: (160, 223, 300)
[M::mem_pestat] low and high boundaries for computing mean and std.dev: (1, 580)
[M::mem_pestat] mean and std.dev: (215.22, 98.57)
[M::mem_pestat] low and high boundaries for proper pairs: (1, 720)
[M::mem_pestat] analyzing insert size distribution for orientation FR...
[M::mem_pestat] (25, 50, 75) percentile: (275, 317, 361)
[M::mem_pestat] low and high boundaries for computing mean and std.dev: (103, 533)
[M::mem_pestat] mean and std.dev: (318.50, 66.58)
[M::mem_pestat] low and high boundaries for proper pairs: (17, 619)
[M::mem_pestat] analyzing insert size distribution for orientation RF...
[M::mem_pestat] (25, 50, 75) percentile: (20, 60, 135)
[M::mem_pestat] low and high boundaries for computing mean and std.dev: (1, 365)
[M::mem_pestat] mean and std.dev: (50.86, 41.54)
[M::mem_pestat] low and high boundaries for proper pairs: (1, 480)
[M::mem_pestat] analyzing insert size distribution for orientation RR...
[M::mem_pestat] (25, 50, 75) percentile: (291, 962, 2072)
[M::mem_pestat] low and high boundaries for computing mean and std.dev: (1, 5634)
[M::mem_pestat] mean and std.dev: (1275.88, 1260.89)
[M::mem_pestat] low and high boundaries for proper pairs: (1, 7415)
[M::mem_pestat] skip orientation FF
[M::mem_pestat] skip orientation RF
[M::mem_pestat] skip orientation RR
[M::mem_process_seqs] Processed 3960398 reads in 1042.330 CPU sec, 27.452 real sec
[M::process] read 3960398 sequences (400000198 bp)...
[M::mem_pestat] # candidate unique pairs for (FF, FR, RF, RR): (186, 1808029, 12, 34)
[M::mem_pestat] analyzing insert size distribution for orientation FF...
[M::mem_pestat] (25, 50, 75) percentile: (172, 218, 295)
[M::mem_pestat] low and high boundaries for computing mean and std.dev: (1, 541)
[M::mem_pestat] mean and std.dev: (218.96, 89.50)
[M::mem_pestat] low and high boundaries for proper pairs: (1, 664)
[M::mem_pestat] analyzing insert size distribution for orientation FR...
[M::mem_pestat] (25, 50, 75) percentile: (274, 316, 360)
[M::mem_pestat] low and high boundaries for computing mean and std.dev: (102, 532)
[M::mem_pestat] mean and std.dev: (317.28, 66.23)
[M::mem_pestat] low and high boundaries for proper pairs: (16, 618)
[M::mem_pestat] analyzing insert size distribution for orientation RF...
[M::mem_pestat] (25, 50, 75) percentile: (1059, 1144, 1166)
[M::mem_pestat] low and high boundaries for computing mean and std.dev: (845, 1380)
[M::mem_pestat] mean and std.dev: (1108.45, 60.78)
[M::mem_pestat] low and high boundaries for proper pairs: (738, 1487)
[M::mem_pestat] analyzing insert size distribution for orientation RR...
[M::mem_pestat] (25, 50, 75) percentile: (120, 312, 1547)
[M::mem_pestat] low and high boundaries for computing mean and std.dev: (1, 4401)
[M::mem_pestat] mean and std.dev: (708.75, 788.86)
[M::mem_pestat] low and high boundaries for proper pairs: (1, 5828)
[M::mem_pestat] skip orientation FF
[M::mem_pestat] skip orientation RF
[M::mem_pestat] skip orientation RR
[M::mem_process_seqs] Processed 3960398 reads in 907.861 CPU sec, 23.799 real sec
[M::process] read 3960398 sequences (400000198 bp)...
[M::mem_pestat] # candidate unique pairs for (FF, FR, RF, RR): (189, 1828668, 24, 18)
[M::mem_pestat] analyzing insert size distribution for orientation FF...
[M::mem_pestat] (25, 50, 75) percentile: (146, 207, 284)
[M::mem_pestat] low and high boundaries for computing mean and std.dev: (1, 560)
[M::mem_pestat] mean and std.dev: (206.07, 93.79)
[M::mem_pestat] low and high boundaries for proper pairs: (1, 698)
[M::mem_pestat] analyzing insert size distribution for orientation FR...
[M::mem_pestat] (25, 50, 75) percentile: (274, 315, 360)
[M::mem_pestat] low and high boundaries for computing mean and std.dev: (102, 532)
[M::mem_pestat] mean and std.dev: (317.10, 66.16)
[M::mem_pestat] low and high boundaries for proper pairs: (16, 618)
[M::mem_pestat] analyzing insert size distribution for orientation RF...
[M::mem_pestat] (25, 50, 75) percentile: (236, 291, 329)
[M::mem_pestat] low and high boundaries for computing mean and std.dev: (50, 515)
[M::mem_pestat] mean and std.dev: (272.46, 59.23)
[M::mem_pestat] low and high boundaries for proper pairs: (1, 608)
[M::mem_pestat] analyzing insert size distribution for orientation RR...
[M::mem_pestat] (25, 50, 75) percentile: (180, 280, 970)
[M::mem_pestat] low and high boundaries for computing mean and std.dev: (1, 2550)
[M::mem_pestat] mean and std.dev: (449.00, 490.25)
[M::mem_pestat] low and high boundaries for proper pairs: (1, 3340)
[M::mem_pestat] skip orientation FF
[M::mem_pestat] skip orientation RF
[M::mem_pestat] skip orientation RR
[M::mem_process_seqs] Processed 3960398 reads in 981.612 CPU sec, 25.646 real sec
[M::process] read 3960398 sequences (400000198 bp)...
[M::mem_pestat] # candidate unique pairs for (FF, FR, RF, RR): (163, 1587231, 8, 23)
[M::mem_pestat] analyzing insert size distribution for orientation FF...
[M::mem_pestat] (25, 50, 75) percentile: (131, 205, 283)
[M::mem_pestat] low and high boundaries for computing mean and std.dev: (1, 587)
[M::mem_pestat] mean and std.dev: (198.90, 96.63)
[M::mem_pestat] low and high boundaries for proper pairs: (1, 739)
[M::mem_pestat] analyzing insert size distribution for orientation FR...
[M::mem_pestat] (25, 50, 75) percentile: (274, 315, 359)
[M::mem_pestat] low and high boundaries for computing mean and std.dev: (104, 529)
[M::mem_pestat] mean and std.dev: (316.63, 66.11)
[M::mem_pestat] low and high boundaries for proper pairs: (19, 614)
[M::mem_pestat] skip orientation RF as there are not enough pairs
[M::mem_pestat] analyzing insert size distribution for orientation RR...
[M::mem_pestat] (25, 50, 75) percentile: (144, 281, 1272)
[M::mem_pestat] low and high boundaries for computing mean and std.dev: (1, 3528)
[M::mem_pestat] mean and std.dev: (534.45, 703.79)
[M::mem_pestat] low and high boundaries for proper pairs: (1, 4656)
[M::mem_pestat] skip orientation FF
[M::mem_pestat] skip orientation RR
[M::mem_process_seqs] Processed 3960398 reads in 971.406 CPU sec, 25.332 real sec
[M::process] read 3960398 sequences (400000198 bp)...
[M::mem_pestat] # candidate unique pairs for (FF, FR, RF, RR): (218, 1834649, 0, 50)
[M::mem_pestat] analyzing insert size distribution for orientation FF...
[M::mem_pestat] (25, 50, 75) percentile: (177, 237, 330)
[M::mem_pestat] low and high boundaries for computing mean and std.dev: (1, 636)
[M::mem_pestat] mean and std.dev: (239.54, 123.13)
[M::mem_pestat] low and high boundaries for proper pairs: (1, 789)
[M::mem_pestat] analyzing insert size distribution for orientation FR...
[M::mem_pestat] (25, 50, 75) percentile: (273, 314, 358)
[M::mem_pestat] low and high boundaries for computing mean and std.dev: (103, 528)
[M::mem_pestat] mean and std.dev: (315.47, 65.84)
[M::mem_pestat] low and high boundaries for proper pairs: (18, 613)
[M::mem_pestat] skip orientation RF as there are not enough pairs
[M::mem_pestat] analyzing insert size distribution for orientation RR...
[M::mem_pestat] (25, 50, 75) percentile: (583, 1163, 2416)
[M::mem_pestat] low and high boundaries for computing mean and std.dev: (1, 6082)
[M::mem_pestat] mean and std.dev: (1400.86, 993.71)
[M::mem_pestat] low and high boundaries for proper pairs: (1, 7915)
[M::mem_pestat] skip orientation FF
[M::mem_pestat] skip orientation RR
[M::mem_process_seqs] Processed 3960398 reads in 883.209 CPU sec, 23.241 real sec
[M::process] read 3960398 sequences (400000198 bp)...
[M::mem_pestat] # candidate unique pairs for (FF, FR, RF, RR): (172, 1740792, 26, 18)
[M::mem_pestat] analyzing insert size distribution for orientation FF...
[M::mem_pestat] (25, 50, 75) percentile: (160, 214, 275)
[M::mem_pestat] low and high boundaries for computing mean and std.dev: (1, 505)
[M::mem_pestat] mean and std.dev: (210.89, 84.56)
[M::mem_pestat] low and high boundaries for proper pairs: (1, 620)
[M::mem_pestat] analyzing insert size distribution for orientation FR...
[M::mem_pestat] (25, 50, 75) percentile: (273, 314, 358)
[M::mem_pestat] low and high boundaries for computing mean and std.dev: (103, 528)
[M::mem_pestat] mean and std.dev: (315.52, 65.84)
[M::mem_pestat] low and high boundaries for proper pairs: (18, 613)
[M::mem_pestat] analyzing insert size distribution for orientation RF...
[M::mem_pestat] (25, 50, 75) percentile: (214, 3841, 4105)
[M::mem_pestat] low and high boundaries for computing mean and std.dev: (1, 11887)
[M::mem_pestat] mean and std.dev: (2222.69, 1876.72)
[M::mem_pestat] low and high boundaries for proper pairs: (1, 15778)
[M::mem_pestat] analyzing insert size distribution for orientation RR...
[M::mem_pestat] (25, 50, 75) percentile: (192, 347, 935)
[M::mem_pestat] low and high boundaries for computing mean and std.dev: (1, 2421)
[M::mem_pestat] mean and std.dev: (447.25, 400.25)
[M::mem_pestat] low and high boundaries for proper pairs: (1, 3164)
[M::mem_pestat] skip orientation FF
[M::mem_pestat] skip orientation RF
[M::mem_pestat] skip orientation RR
[M::mem_process_seqs] Processed 3960398 reads in 1100.017 CPU sec, 28.608 real sec
[M::process] read 3960398 sequences (400000198 bp)...
[M::mem_pestat] # candidate unique pairs for (FF, FR, RF, RR): (163, 1785425, 1, 19)
[M::mem_pestat] analyzing insert size distribution for orientation FF...
[M::mem_pestat] (25, 50, 75) percentile: (155, 228, 276)
[M::mem_pestat] low and high boundaries for computing mean and std.dev: (1, 518)
[M::mem_pestat] mean and std.dev: (213.47, 84.89)
[M::mem_pestat] low and high boundaries for proper pairs: (1, 639)
[M::mem_pestat] analyzing insert size distribution for orientation FR...
[M::mem_pestat] (25, 50, 75) percentile: (274, 314, 359)
[M::mem_pestat] low and high boundaries for computing mean and std.dev: (104, 529)
[M::mem_pestat] mean and std.dev: (316.24, 65.90)
[M::mem_pestat] low and high boundaries for proper pairs: (19, 614)
[M::mem_pestat] skip orientation RF as there are not enough pairs
[M::mem_pestat] analyzing insert size distribution for orientation RR...
[M::mem_pestat] (25, 50, 75) percentile: (213, 237, 2066)
[M::mem_pestat] low and high boundaries for computing mean and std.dev: (1, 5772)
[M::mem_pestat] mean and std.dev: (838.32, 1124.90)
[M::mem_pestat] low and high boundaries for proper pairs: (1, 7625)
[M::mem_pestat] skip orientation FF
[M::mem_pestat] skip orientation RR
[M::mem_process_seqs] Processed 3960398 reads in 940.319 CPU sec, 24.506 real sec
[M::process] read 3960398 sequences (400000198 bp)...
[M::mem_pestat] # candidate unique pairs for (FF, FR, RF, RR): (202, 1819128, 3, 31)
[M::mem_pestat] analyzing insert size distribution for orientation FF...
[M::mem_pestat] (25, 50, 75) percentile: (147, 216, 276)
[M::mem_pestat] low and high boundaries for computing mean and std.dev: (1, 534)
[M::mem_pestat] mean and std.dev: (208.50, 90.54)
[M::mem_pestat] low and high boundaries for proper pairs: (1, 663)
[M::mem_pestat] analyzing insert size distribution for orientation FR...
[M::mem_pestat] (25, 50, 75) percentile: (273, 314, 358)
[M::mem_pestat] low and high boundaries for computing mean and std.dev: (103, 528)
[M::mem_pestat] mean and std.dev: (315.94, 65.86)
[M::mem_pestat] low and high boundaries for proper pairs: (18, 613)
[M::mem_pestat] skip orientation RF as there are not enough pairs
[M::mem_pestat] analyzing insert size distribution for orientation RR...
[M::mem_pestat] (25, 50, 75) percentile: (177, 280, 898)
[M::mem_pestat] low and high boundaries for computing mean and std.dev: (1, 2340)
[M::mem_pestat] mean and std.dev: (525.07, 547.97)
[M::mem_pestat] low and high boundaries for proper pairs: (1, 3061)
[M::mem_pestat] skip orientation FF
[M::mem_pestat] skip orientation RR
[M::mem_process_seqs] Processed 3960398 reads in 1019.357 CPU sec, 26.789 real sec
[M::process] read 3960398 sequences (400000198 bp)...
[M::mem_pestat] # candidate unique pairs for (FF, FR, RF, RR): (205, 1822335, 7, 26)
[M::mem_pestat] analyzing insert size distribution for orientation FF...
[M::mem_pestat] (25, 50, 75) percentile: (166, 227, 278)
[M::mem_pestat] low and high boundaries for computing mean and std.dev: (1, 502)
[M::mem_pestat] mean and std.dev: (215.41, 82.21)
[M::mem_pestat] low and high boundaries for proper pairs: (1, 614)
[M::mem_pestat] analyzing insert size distribution for orientation FR...
[M::mem_pestat] (25, 50, 75) percentile: (274, 315, 359)
[M::mem_pestat] low and high boundaries for computing mean and std.dev: (104, 529)
[M::mem_pestat] mean and std.dev: (316.56, 66.05)
[M::mem_pestat] low and high boundaries for proper pairs: (19, 614)
[M::mem_pestat] skip orientation RF as there are not enough pairs
[M::mem_pestat] analyzing insert size distribution for orientation RR...
[M::mem_pestat] (25, 50, 75) percentile: (208, 340, 961)
[M::mem_pestat] low and high boundaries for computing mean and std.dev: (1, 2467)
[M::mem_pestat] mean and std.dev: (533.83, 543.45)
[M::mem_pestat] low and high boundaries for proper pairs: (1, 3220)
[M::mem_pestat] skip orientation FF
[M::mem_pestat] skip orientation RR
[M::mem_process_seqs] Processed 3960398 reads in 920.317 CPU sec, 24.102 real sec
[M::process] read 3960398 sequences (400000198 bp)...
[M::mem_pestat] # candidate unique pairs for (FF, FR, RF, RR): (155, 1779218, 0, 32)
[M::mem_pestat] analyzing insert size distribution for orientation FF...
[M::mem_pestat] (25, 50, 75) percentile: (171, 221, 271)
[M::mem_pestat] low and high boundaries for computing mean and std.dev: (1, 471)
[M::mem_pestat] mean and std.dev: (210.01, 82.33)
[M::mem_pestat] low and high boundaries for proper pairs: (1, 571)
[M::mem_pestat] analyzing insert size distribution for orientation FR...
[M::mem_pestat] (25, 50, 75) percentile: (274, 315, 359)
[M::mem_pestat] low and high boundaries for computing mean and std.dev: (104, 529)
[M::mem_pestat] mean and std.dev: (316.92, 66.08)
[M::mem_pestat] low and high boundaries for proper pairs: (19, 614)
[M::mem_pestat] skip orientation RF as there are not enough pairs
[M::mem_pestat] analyzing insert size distribution for orientation RR...
[M::mem_pestat] (25, 50, 75) percentile: (175, 262, 984)
[M::mem_pestat] low and high boundaries for computing mean and std.dev: (1, 2602)
[M::mem_pestat] mean and std.dev: (511.23, 562.41)
[M::mem_pestat] low and high boundaries for proper pairs: (1, 3411)
[M::mem_pestat] skip orientation FF
[M::mem_pestat] skip orientation RR
[M::mem_process_seqs] Processed 3960398 reads in 908.968 CPU sec, 23.857 real sec
[M::process] read 3960398 sequences (400000198 bp)...
[M::mem_pestat] # candidate unique pairs for (FF, FR, RF, RR): (159, 1688507, 21, 35)
[M::mem_pestat] analyzing insert size distribution for orientation FF...
[M::mem_pestat] (25, 50, 75) percentile: (173, 228, 305)
[M::mem_pestat] low and high boundaries for computing mean and std.dev: (1, 569)
[M::mem_pestat] mean and std.dev: (218.48, 85.29)
[M::mem_pestat] low and high boundaries for proper pairs: (1, 701)
[M::mem_pestat] analyzing insert size distribution for orientation FR...
[M::mem_pestat] (25, 50, 75) percentile: (275, 317, 361)
[M::mem_pestat] low and high boundaries for computing mean and std.dev: (103, 533)
[M::mem_pestat] mean and std.dev: (318.26, 66.41)
[M::mem_pestat] low and high boundaries for proper pairs: (17, 619)
[M::mem_pestat] analyzing insert size distribution for orientation RF...
[M::mem_pestat] (25, 50, 75) percentile: (396, 467, 517)
[M::mem_pestat] low and high boundaries for computing mean and std.dev: (154, 759)
[M::mem_pestat] mean and std.dev: (446.35, 73.89)
[M::mem_pestat] low and high boundaries for proper pairs: (33, 880)
[M::mem_pestat] analyzing insert size distribution for orientation RR...
[M::mem_pestat] (25, 50, 75) percentile: (247, 662, 1107)
[M::mem_pestat] low and high boundaries for computing mean and std.dev: (1, 2827)
[M::mem_pestat] mean and std.dev: (715.86, 496.23)
[M::mem_pestat] low and high boundaries for proper pairs: (1, 3687)
[M::mem_pestat] skip orientation FF
[M::mem_pestat] skip orientation RF
[M::mem_pestat] skip orientation RR
[M::mem_process_seqs] Processed 3960398 reads in 1022.519 CPU sec, 26.644 real sec
[M::process] read 3960398 sequences (400000198 bp)...
[M::mem_pestat] # candidate unique pairs for (FF, FR, RF, RR): (197, 1748196, 3, 35)
[M::mem_pestat] analyzing insert size distribution for orientation FF...
[M::mem_pestat] (25, 50, 75) percentile: (160, 221, 290)
[M::mem_pestat] low and high boundaries for computing mean and std.dev: (1, 550)
[M::mem_pestat] mean and std.dev: (210.82, 87.16)
[M::mem_pestat] low and high boundaries for proper pairs: (1, 680)
[M::mem_pestat] analyzing insert size distribution for orientation FR...
[M::mem_pestat] (25, 50, 75) percentile: (274, 316, 360)
[M::mem_pestat] low and high boundaries for computing mean and std.dev: (102, 532)
[M::mem_pestat] mean and std.dev: (317.32, 66.36)
[M::mem_pestat] low and high boundaries for proper pairs: (16, 618)
[M::mem_pestat] skip orientation RF as there are not enough pairs
[M::mem_pestat] analyzing insert size distribution for orientation RR...
[M::mem_pestat] (25, 50, 75) percentile: (244, 354, 1150)
[M::mem_pestat] low and high boundaries for computing mean and std.dev: (1, 2962)
[M::mem_pestat] mean and std.dev: (643.85, 641.38)
[M::mem_pestat] low and high boundaries for proper pairs: (1, 3868)
[M::mem_pestat] skip orientation FF
[M::mem_pestat] skip orientation RR
[M::mem_process_seqs] Processed 3960398 reads in 1228.606 CPU sec, 31.880 real sec
[M::process] read 3960398 sequences (400000198 bp)...
[M::mem_pestat] # candidate unique pairs for (FF, FR, RF, RR): (188, 1813660, 28, 25)
[M::mem_pestat] analyzing insert size distribution for orientation FF...
[M::mem_pestat] (25, 50, 75) percentile: (175, 231, 279)
[M::mem_pestat] low and high boundaries for computing mean and std.dev: (1, 487)
[M::mem_pestat] mean and std.dev: (218.01, 77.07)
[M::mem_pestat] low and high boundaries for proper pairs: (1, 591)
[M::mem_pestat] analyzing insert size distribution for orientation FR...
[M::mem_pestat] (25, 50, 75) percentile: (274, 315, 359)
[M::mem_pestat] low and high boundaries for computing mean and std.dev: (104, 529)
[M::mem_pestat] mean and std.dev: (316.69, 66.06)
[M::mem_pestat] low and high boundaries for proper pairs: (19, 614)
[M::mem_pestat] analyzing insert size distribution for orientation RF...
[M::mem_pestat] (25, 50, 75) percentile: (855, 899, 951)
[M::mem_pestat] low and high boundaries for computing mean and std.dev: (663, 1143)
[M::mem_pestat] mean and std.dev: (901.16, 62.37)
[M::mem_pestat] low and high boundaries for proper pairs: (567, 1239)
[M::mem_pestat] analyzing insert size distribution for orientation RR...
[M::mem_pestat] (25, 50, 75) percentile: (152, 651, 1725)
[M::mem_pestat] low and high boundaries for computing mean and std.dev: (1, 4871)
[M::mem_pestat] mean and std.dev: (977.80, 984.80)
[M::mem_pestat] low and high boundaries for proper pairs: (1, 6444)
[M::mem_pestat] skip orientation FF
[M::mem_pestat] skip orientation RF
[M::mem_pestat] skip orientation RR
[M::mem_process_seqs] Processed 3960398 reads in 904.358 CPU sec, 23.637 real sec
[M::process] read 3960398 sequences (400000198 bp)...
[M::mem_pestat] # candidate unique pairs for (FF, FR, RF, RR): (172, 1769326, 40, 28)
[M::mem_pestat] analyzing insert size distribution for orientation FF...
[M::mem_pestat] (25, 50, 75) percentile: (145, 210, 276)
[M::mem_pestat] low and high boundaries for computing mean and std.dev: (1, 538)
[M::mem_pestat] mean and std.dev: (201.48, 88.59)
[M::mem_pestat] low and high boundaries for proper pairs: (1, 669)
[M::mem_pestat] analyzing insert size distribution for orientation FR...
[M::mem_pestat] (25, 50, 75) percentile: (274, 315, 359)
[M::mem_pestat] low and high boundaries for computing mean and std.dev: (104, 529)
[M::mem_pestat] mean and std.dev: (316.27, 65.96)
[M::mem_pestat] low and high boundaries for proper pairs: (19, 614)
[M::mem_pestat] analyzing insert size distribution for orientation RF...
[M::mem_pestat] (25, 50, 75) percentile: (4430, 4445, 4490)
[M::mem_pestat] low and high boundaries for computing mean and std.dev: (4310, 4610)
[M::mem_pestat] mean and std.dev: (4452.59, 52.50)
[M::mem_pestat] low and high boundaries for proper pairs: (4243, 4670)
[M::mem_pestat] analyzing insert size distribution for orientation RR...
[M::mem_pestat] (25, 50, 75) percentile: (200, 241, 1121)
[M::mem_pestat] low and high boundaries for computing mean and std.dev: (1, 2963)
[M::mem_pestat] mean and std.dev: (622.96, 692.73)
[M::mem_pestat] low and high boundaries for proper pairs: (1, 3884)
[M::mem_pestat] skip orientation FF
[M::mem_pestat] skip orientation RF
[M::mem_pestat] skip orientation RR
[M::mem_process_seqs] Processed 3960398 reads in 899.666 CPU sec, 23.501 real sec
[M::process] read 3960398 sequences (400000198 bp)...
[M::mem_pestat] # candidate unique pairs for (FF, FR, RF, RR): (148, 1733882, 4, 22)
[M::mem_pestat] analyzing insert size distribution for orientation FF...
[M::mem_pestat] (25, 50, 75) percentile: (153, 219, 280)
[M::mem_pestat] low and high boundaries for computing mean and std.dev: (1, 534)
[M::mem_pestat] mean and std.dev: (211.01, 88.85)
[M::mem_pestat] low and high boundaries for proper pairs: (1, 661)
[M::mem_pestat] analyzing insert size distribution for orientation FR...
[M::mem_pestat] (25, 50, 75) percentile: (274, 315, 359)
[M::mem_pestat] low and high boundaries for computing mean and std.dev: (104, 529)
[M::mem_pestat] mean and std.dev: (316.60, 66.02)
[M::mem_pestat] low and high boundaries for proper pairs: (19, 614)
[M::mem_pestat] skip orientation RF as there are not enough pairs
[M::mem_pestat] analyzing insert size distribution for orientation RR...
[M::mem_pestat] (25, 50, 75) percentile: (180, 333, 780)
[M::mem_pestat] low and high boundaries for computing mean and std.dev: (1, 1980)
[M::mem_pestat] mean and std.dev: (455.15, 407.50)
[M::mem_pestat] low and high boundaries for proper pairs: (1, 2580)
[M::mem_pestat] skip orientation FF
[M::mem_pestat] skip orientation RR
[M::mem_process_seqs] Processed 3960398 reads in 1045.659 CPU sec, 26.662 real sec
[M::process] read 3960398 sequences (400000198 bp)...
[M::mem_pestat] # candidate unique pairs for (FF, FR, RF, RR): (190, 1750232, 7, 31)
[M::mem_pestat] analyzing insert size distribution for orientation FF...
[M::mem_pestat] (25, 50, 75) percentile: (163, 218, 278)
[M::mem_pestat] low and high boundaries for computing mean and std.dev: (1, 508)
[M::mem_pestat] mean and std.dev: (214.20, 82.02)
[M::mem_pestat] low and high boundaries for proper pairs: (1, 623)
[M::mem_pestat] analyzing insert size distribution for orientation FR...
[M::mem_pestat] (25, 50, 75) percentile: (273, 314, 358)
[M::mem_pestat] low and high boundaries for computing mean and std.dev: (103, 528)
[M::mem_pestat] mean and std.dev: (315.66, 65.79)
[M::mem_pestat] low and high boundaries for proper pairs: (18, 613)
[M::mem_pestat] skip orientation RF as there are not enough pairs
[M::mem_pestat] analyzing insert size distribution for orientation RR...
[M::mem_pestat] (25, 50, 75) percentile: (177, 302, 368)
[M::mem_pestat] low and high boundaries for computing mean and std.dev: (1, 750)
[M::mem_pestat] mean and std.dev: (267.48, 144.07)
[M::mem_pestat] low and high boundaries for proper pairs: (1, 941)
[M::mem_pestat] skip orientation FF
[M::mem_pestat] skip orientation RR
[M::mem_process_seqs] Processed 3960398 reads in 907.928 CPU sec, 23.785 real sec
[M::process] read 3960398 sequences (400000198 bp)...
[M::mem_pestat] # candidate unique pairs for (FF, FR, RF, RR): (207, 1823175, 0, 58)
[M::mem_pestat] analyzing insert size distribution for orientation FF...
[M::mem_pestat] (25, 50, 75) percentile: (182, 248, 353)
[M::mem_pestat] low and high boundaries for computing mean and std.dev: (1, 695)
[M::mem_pestat] mean and std.dev: (256.19, 139.43)
[M::mem_pestat] low and high boundaries for proper pairs: (1, 866)
[M::mem_pestat] analyzing insert size distribution for orientation FR...
[M::mem_pestat] (25, 50, 75) percentile: (274, 315, 359)
[M::mem_pestat] low and high boundaries for computing mean and std.dev: (104, 529)
[M::mem_pestat] mean and std.dev: (316.32, 66.04)
[M::mem_pestat] low and high boundaries for proper pairs: (19, 614)
[M::mem_pestat] skip orientation RF as there are not enough pairs
[M::mem_pestat] analyzing insert size distribution for orientation RR...
[M::mem_pestat] (25, 50, 75) percentile: (308, 485, 714)
[M::mem_pestat] low and high boundaries for computing mean and std.dev: (1, 1526)
[M::mem_pestat] mean and std.dev: (505.15, 292.90)
[M::mem_pestat] low and high boundaries for proper pairs: (1, 1932)
[M::mem_pestat] skip orientation FF
[M::mem_pestat] skip orientation RR
[M::mem_process_seqs] Processed 3960398 reads in 915.338 CPU sec, 24.110 real sec
[M::process] read 3960398 sequences (400000198 bp)...
[M::mem_pestat] # candidate unique pairs for (FF, FR, RF, RR): (163, 1795225, 1, 28)
[M::mem_pestat] analyzing insert size distribution for orientation FF...
[M::mem_pestat] (25, 50, 75) percentile: (164, 232, 306)
[M::mem_pestat] low and high boundaries for computing mean and std.dev: (1, 590)
[M::mem_pestat] mean and std.dev: (217.05, 99.60)
[M::mem_pestat] low and high boundaries for proper pairs: (1, 732)
[M::mem_pestat] analyzing insert size distribution for orientation FR...
[M::mem_pestat] (25, 50, 75) percentile: (274, 314, 359)
[M::mem_pestat] low and high boundaries for computing mean and std.dev: (104, 529)
[M::mem_pestat] mean and std.dev: (316.20, 65.90)
[M::mem_pestat] low and high boundaries for proper pairs: (19, 614)
[M::mem_pestat] skip orientation RF as there are not enough pairs
[M::mem_pestat] analyzing insert size distribution for orientation RR...
[M::mem_pestat] (25, 50, 75) percentile: (202, 545, 1649)
[M::mem_pestat] low and high boundaries for computing mean and std.dev: (1, 4543)
[M::mem_pestat] mean and std.dev: (926.37, 972.20)
[M::mem_pestat] low and high boundaries for proper pairs: (1, 5990)
[M::mem_pestat] skip orientation FF
[M::mem_pestat] skip orientation RR
[M::mem_process_seqs] Processed 3960398 reads in 966.581 CPU sec, 25.248 real sec
[M::process] read 3960398 sequences (400000198 bp)...
[M::mem_pestat] # candidate unique pairs for (FF, FR, RF, RR): (194, 1762370, 2, 36)
[M::mem_pestat] analyzing insert size distribution for orientation FF...
[M::mem_pestat] (25, 50, 75) percentile: (156, 233, 292)
[M::mem_pestat] low and high boundaries for computing mean and std.dev: (1, 564)
[M::mem_pestat] mean and std.dev: (212.06, 98.40)
[M::mem_pestat] low and high boundaries for proper pairs: (1, 700)
[M::mem_pestat] analyzing insert size distribution for orientation FR...
[M::mem_pestat] (25, 50, 75) percentile: (275, 316, 360)
[M::mem_pestat] low and high boundaries for computing mean and std.dev: (105, 530)
[M::mem_pestat] mean and std.dev: (317.53, 66.23)
[M::mem_pestat] low and high boundaries for proper pairs: (20, 615)
[M::mem_pestat] skip orientation RF as there are not enough pairs
[M::mem_pestat] analyzing insert size distribution for orientation RR...
[M::mem_pestat] (25, 50, 75) percentile: (376, 1194, 1929)
[M::mem_pestat] low and high boundaries for computing mean and std.dev: (1, 5035)
[M::mem_pestat] mean and std.dev: (1304.03, 1058.82)
[M::mem_pestat] low and high boundaries for proper pairs: (1, 6588)
[M::mem_pestat] skip orientation FF
[M::mem_pestat] skip orientation RR
[M::mem_process_seqs] Processed 3960398 reads in 942.065 CPU sec, 24.631 real sec
[M::process] read 3960398 sequences (400000198 bp)...
[M::mem_pestat] # candidate unique pairs for (FF, FR, RF, RR): (162, 1707527, 34, 31)
[M::mem_pestat] analyzing insert size distribution for orientation FF...
[M::mem_pestat] (25, 50, 75) percentile: (174, 234, 305)
[M::mem_pestat] low and high boundaries for computing mean and std.dev: (1, 567)
[M::mem_pestat] mean and std.dev: (218.03, 89.45)
[M::mem_pestat] low and high boundaries for proper pairs: (1, 698)
[M::mem_pestat] analyzing insert size distribution for orientation FR...
[M::mem_pestat] (25, 50, 75) percentile: (274, 315, 359)
[M::mem_pestat] low and high boundaries for computing mean and std.dev: (104, 529)
[M::mem_pestat] mean and std.dev: (316.85, 66.09)
[M::mem_pestat] low and high boundaries for proper pairs: (19, 614)
[M::mem_pestat] analyzing insert size distribution for orientation RF...
[M::mem_pestat] (25, 50, 75) percentile: (2658, 2808, 2848)
[M::mem_pestat] low and high boundaries for computing mean and std.dev: (2278, 3228)
[M::mem_pestat] mean and std.dev: (2802.85, 69.86)
[M::mem_pestat] low and high boundaries for proper pairs: (2088, 3418)
[M::mem_pestat] analyzing insert size distribution for orientation RR...
[M::mem_pestat] (25, 50, 75) percentile: (234, 865, 1316)
[M::mem_pestat] low and high boundaries for computing mean and std.dev: (1, 3480)
[M::mem_pestat] mean and std.dev: (807.48, 652.04)
[M::mem_pestat] low and high boundaries for proper pairs: (1, 4562)
[M::mem_pestat] skip orientation FF
[M::mem_pestat] skip orientation RF
[M::mem_pestat] skip orientation RR
[M::mem_process_seqs] Processed 3960398 reads in 923.105 CPU sec, 24.305 real sec
[M::process] read 3960398 sequences (400000198 bp)...
[M::mem_pestat] # candidate unique pairs for (FF, FR, RF, RR): (105, 1461961, 24, 41)
[M::mem_pestat] analyzing insert size distribution for orientation FF...
[M::mem_pestat] (25, 50, 75) percentile: (186, 254, 457)
[M::mem_pestat] low and high boundaries for computing mean and std.dev: (1, 999)
[M::mem_pestat] mean and std.dev: (272.04, 196.07)
[M::mem_pestat] low and high boundaries for proper pairs: (1, 1270)
[M::mem_pestat] analyzing insert size distribution for orientation FR...
[M::mem_pestat] (25, 50, 75) percentile: (276, 317, 362)
[M::mem_pestat] low and high boundaries for computing mean and std.dev: (104, 534)
[M::mem_pestat] mean and std.dev: (318.79, 66.76)
[M::mem_pestat] low and high boundaries for proper pairs: (18, 620)
[M::mem_pestat] analyzing insert size distribution for orientation RF...
[M::mem_pestat] (25, 50, 75) percentile: (90, 223, 1958)
[M::mem_pestat] low and high boundaries for computing mean and std.dev: (1, 5694)
[M::mem_pestat] mean and std.dev: (676.38, 875.19)
[M::mem_pestat] low and high boundaries for proper pairs: (1, 7562)
[M::mem_pestat] analyzing insert size distribution for orientation RR...
[M::mem_pestat] (25, 50, 75) percentile: (265, 906, 1527)
[M::mem_pestat] low and high boundaries for computing mean and std.dev: (1, 4051)
[M::mem_pestat] mean and std.dev: (989.49, 761.73)
[M::mem_pestat] low and high boundaries for proper pairs: (1, 5313)
[M::mem_pestat] skip orientation FF
[M::mem_pestat] skip orientation RF
[M::mem_pestat] skip orientation RR
[M::mem_process_seqs] Processed 3960398 reads in 1172.168 CPU sec, 30.390 real sec
[M::process] read 3960398 sequences (400000198 bp)...
[M::mem_pestat] # candidate unique pairs for (FF, FR, RF, RR): (154, 1611063, 73, 20)
[M::mem_pestat] analyzing insert size distribution for orientation FF...
[M::mem_pestat] (25, 50, 75) percentile: (155, 212, 274)
[M::mem_pestat] low and high boundaries for computing mean and std.dev: (1, 512)
[M::mem_pestat] mean and std.dev: (204.65, 91.67)
[M::mem_pestat] low and high boundaries for proper pairs: (1, 631)
[M::mem_pestat] analyzing insert size distribution for orientation FR...
[M::mem_pestat] (25, 50, 75) percentile: (276, 317, 362)
[M::mem_pestat] low and high boundaries for computing mean and std.dev: (104, 534)
[M::mem_pestat] mean and std.dev: (318.73, 66.63)
[M::mem_pestat] low and high boundaries for proper pairs: (18, 620)
[M::mem_pestat] analyzing insert size distribution for orientation RF...
[M::mem_pestat] (25, 50, 75) percentile: (97, 148, 197)
[M::mem_pestat] low and high boundaries for computing mean and std.dev: (1, 397)
[M::mem_pestat] mean and std.dev: (153.38, 73.89)
[M::mem_pestat] low and high boundaries for proper pairs: (1, 497)
[M::mem_pestat] analyzing insert size distribution for orientation RR...
[M::mem_pestat] (25, 50, 75) percentile: (227, 747, 1445)
[M::mem_pestat] low and high boundaries for computing mean and std.dev: (1, 3881)
[M::mem_pestat] mean and std.dev: (873.90, 717.72)
[M::mem_pestat] low and high boundaries for proper pairs: (1, 5099)
[M::mem_pestat] skip orientation FF
[M::mem_pestat] skip orientation RF
[M::mem_pestat] skip orientation RR
[M::mem_process_seqs] Processed 3960398 reads in 1076.966 CPU sec, 28.258 real sec
[M::process] read 3960398 sequences (400000198 bp)...
[M::mem_pestat] # candidate unique pairs for (FF, FR, RF, RR): (168, 1821126, 1, 25)
[M::mem_pestat] analyzing insert size distribution for orientation FF...
[M::mem_pestat] (25, 50, 75) percentile: (175, 226, 279)
[M::mem_pestat] low and high boundaries for computing mean and std.dev: (1, 487)
[M::mem_pestat] mean and std.dev: (213.08, 83.43)
[M::mem_pestat] low and high boundaries for proper pairs: (1, 591)
[M::mem_pestat] analyzing insert size distribution for orientation FR...
[M::mem_pestat] (25, 50, 75) percentile: (274, 315, 359)
[M::mem_pestat] low and high boundaries for computing mean and std.dev: (104, 529)
[M::mem_pestat] mean and std.dev: (316.86, 66.04)
[M::mem_pestat] low and high boundaries for proper pairs: (19, 614)
[M::mem_pestat] skip orientation RF as there are not enough pairs
[M::mem_pestat] analyzing insert size distribution for orientation RR...
[M::mem_pestat] (25, 50, 75) percentile: (160, 758, 1059)
[M::mem_pestat] low and high boundaries for computing mean and std.dev: (1, 2857)
[M::mem_pestat] mean and std.dev: (661.71, 614.37)
[M::mem_pestat] low and high boundaries for proper pairs: (1, 3756)
[M::mem_pestat] skip orientation FF
[M::mem_pestat] skip orientation RR
[M::mem_process_seqs] Processed 3960398 reads in 954.858 CPU sec, 24.992 real sec
[M::process] read 3960398 sequences (400000198 bp)...
[M::mem_pestat] # candidate unique pairs for (FF, FR, RF, RR): (159, 1763706, 2, 25)
[M::mem_pestat] analyzing insert size distribution for orientation FF...
[M::mem_pestat] (25, 50, 75) percentile: (175, 236, 294)
[M::mem_pestat] low and high boundaries for computing mean and std.dev: (1, 532)
[M::mem_pestat] mean and std.dev: (220.23, 84.80)
[M::mem_pestat] low and high boundaries for proper pairs: (1, 651)
[M::mem_pestat] analyzing insert size distribution for orientation FR...
[M::mem_pestat] (25, 50, 75) percentile: (274, 315, 359)
[M::mem_pestat] low and high boundaries for computing mean and std.dev: (104, 529)
[M::mem_pestat] mean and std.dev: (316.81, 66.07)
[M::mem_pestat] low and high boundaries for proper pairs: (19, 614)
[M::mem_pestat] skip orientation RF as there are not enough pairs
[M::mem_pestat] analyzing insert size distribution for orientation RR...
[M::mem_pestat] (25, 50, 75) percentile: (215, 937, 1407)
[M::mem_pestat] low and high boundaries for computing mean and std.dev: (1, 3791)
[M::mem_pestat] mean and std.dev: (821.04, 550.85)
[M::mem_pestat] low and high boundaries for proper pairs: (1, 4983)
[M::mem_pestat] skip orientation FF
[M::mem_pestat] skip orientation RR
[M::mem_process_seqs] Processed 3960398 reads in 899.584 CPU sec, 23.534 real sec
[M::process] read 3960398 sequences (400000198 bp)...
[M::mem_pestat] # candidate unique pairs for (FF, FR, RF, RR): (185, 1770128, 33, 21)
[M::mem_pestat] analyzing insert size distribution for orientation FF...
[M::mem_pestat] (25, 50, 75) percentile: (162, 220, 271)
[M::mem_pestat] low and high boundaries for computing mean and std.dev: (1, 489)
[M::mem_pestat] mean and std.dev: (216.66, 85.44)
[M::mem_pestat] low and high boundaries for proper pairs: (1, 598)
[M::mem_pestat] analyzing insert size distribution for orientation FR...
[M::mem_pestat] (25, 50, 75) percentile: (273, 314, 358)
[M::mem_pestat] low and high boundaries for computing mean and std.dev: (103, 528)
[M::mem_pestat] mean and std.dev: (315.55, 65.85)
[M::mem_pestat] low and high boundaries for proper pairs: (18, 613)
[M::mem_pestat] analyzing insert size distribution for orientation RF...
[M::mem_pestat] (25, 50, 75) percentile: (3294, 4904, 4960)
[M::mem_pestat] low and high boundaries for computing mean and std.dev: (1, 8292)
[M::mem_pestat] mean and std.dev: (4374.30, 781.85)
[M::mem_pestat] low and high boundaries for proper pairs: (1, 9958)
[M::mem_pestat] analyzing insert size distribution for orientation RR...
[M::mem_pestat] (25, 50, 75) percentile: (120, 235, 313)
[M::mem_pestat] low and high boundaries for computing mean and std.dev: (1, 699)
[M::mem_pestat] mean and std.dev: (183.39, 99.57)
[M::mem_pestat] low and high boundaries for proper pairs: (1, 892)
[M::mem_pestat] skip orientation FF
[M::mem_pestat] skip orientation RF
[M::mem_pestat] skip orientation RR
[M::mem_process_seqs] Processed 3960398 reads in 723.377 CPU sec, 19.224 real sec
[M::process] read 3960398 sequences (400000198 bp)...
[M::mem_pestat] # candidate unique pairs for (FF, FR, RF, RR): (182, 1802965, 3, 36)
[M::mem_pestat] analyzing insert size distribution for orientation FF...
[M::mem_pestat] (25, 50, 75) percentile: (180, 237, 297)
[M::mem_pestat] low and high boundaries for computing mean and std.dev: (1, 531)
[M::mem_pestat] mean and std.dev: (216.35, 84.04)
[M::mem_pestat] low and high boundaries for proper pairs: (1, 648)
[M::mem_pestat] analyzing insert size distribution for orientation FR...
[M::mem_pestat] (25, 50, 75) percentile: (274, 315, 359)
[M::mem_pestat] low and high boundaries for computing mean and std.dev: (104, 529)
[M::mem_pestat] mean and std.dev: (316.52, 66.04)
[M::mem_pestat] low and high boundaries for proper pairs: (19, 614)
[M::mem_pestat] skip orientation RF as there are not enough pairs
[M::mem_pestat] analyzing insert size distribution for orientation RR...
[M::mem_pestat] (25, 50, 75) percentile: (248, 769, 1331)
[M::mem_pestat] low and high boundaries for computing mean and std.dev: (1, 3497)
[M::mem_pestat] mean and std.dev: (844.31, 672.83)
[M::mem_pestat] low and high boundaries for proper pairs: (1, 4580)
[M::mem_pestat] skip orientation FF
[M::mem_pestat] skip orientation RR
[M::mem_process_seqs] Processed 3960398 reads in 946.490 CPU sec, 24.784 real sec
[M::process] read 3960398 sequences (400000198 bp)...
[M::mem_pestat] # candidate unique pairs for (FF, FR, RF, RR): (180, 1795413, 3, 23)
[M::mem_pestat] analyzing insert size distribution for orientation FF...
[M::mem_pestat] (25, 50, 75) percentile: (158, 216, 273)
[M::mem_pestat] low and high boundaries for computing mean and std.dev: (1, 503)
[M::mem_pestat] mean and std.dev: (205.91, 85.11)
[M::mem_pestat] low and high boundaries for proper pairs: (1, 618)
[M::mem_pestat] analyzing insert size distribution for orientation FR...
[M::mem_pestat] (25, 50, 75) percentile: (273, 314, 358)
[M::mem_pestat] low and high boundaries for computing mean and std.dev: (103, 528)
[M::mem_pestat] mean and std.dev: (315.98, 65.97)
[M::mem_pestat] low and high boundaries for proper pairs: (18, 613)
[M::mem_pestat] skip orientation RF as there are not enough pairs
[M::mem_pestat] analyzing insert size distribution for orientation RR...
[M::mem_pestat] (25, 50, 75) percentile: (252, 672, 1221)
[M::mem_pestat] low and high boundaries for computing mean and std.dev: (1, 3159)
[M::mem_pestat] mean and std.dev: (625.19, 459.95)
[M::mem_pestat] low and high boundaries for proper pairs: (1, 4128)
[M::mem_pestat] skip orientation FF
[M::mem_pestat] skip orientation RR
[M::mem_process_seqs] Processed 3960398 reads in 918.363 CPU sec, 24.090 real sec
[M::process] read 3960398 sequences (400000198 bp)...
[M::process] read 3960398 sequences (400000198 bp)...
[M::mem_pestat] # candidate unique pairs for (FF, FR, RF, RR): (111, 1025464, 117, 14)
[M::mem_pestat] analyzing insert size distribution for orientation FF...
[M::mem_pestat] (25, 50, 75) percentile: (160, 233, 299)
[M::mem_pestat] low and high boundaries for computing mean and std.dev: (1, 577)
[M::mem_pestat] mean and std.dev: (215.85, 92.54)
[M::mem_pestat] low and high boundaries for proper pairs: (1, 716)
[M::mem_pestat] analyzing insert size distribution for orientation FR...
[M::mem_pestat] (25, 50, 75) percentile: (274, 315, 360)
[M::mem_pestat] low and high boundaries for computing mean and std.dev: (102, 532)
[M::mem_pestat] mean and std.dev: (317.11, 66.24)
[M::mem_pestat] low and high boundaries for proper pairs: (16, 618)
[M::mem_pestat] analyzing insert size distribution for orientation RF...
[M::mem_pestat] (25, 50, 75) percentile: (562, 2350, 5477)
[M::mem_pestat] low and high boundaries for computing mean and std.dev: (1, 15307)
[M::mem_pestat] mean and std.dev: (3375.28, 2949.32)
[M::mem_pestat] low and high boundaries for proper pairs: (1, 20222)
[M::mem_pestat] analyzing insert size distribution for orientation RR...
[M::mem_pestat] (25, 50, 75) percentile: (233, 1213, 2226)
[M::mem_pestat] low and high boundaries for computing mean and std.dev: (1, 6212)
[M::mem_pestat] mean and std.dev: (1364.71, 1070.91)
[M::mem_pestat] low and high boundaries for proper pairs: (1, 8205)
[M::mem_pestat] skip orientation FF
[M::mem_pestat] skip orientation RF
[M::mem_pestat] skip orientation RR
[M::mem_process_seqs] Processed 3960398 reads in 2403.406 CPU sec, 60.967 real sec
[M::mem_pestat] # candidate unique pairs for (FF, FR, RF, RR): (200, 1778369, 52, 20)
[M::mem_pestat] analyzing insert size distribution for orientation FF...
[M::mem_pestat] (25, 50, 75) percentile: (156, 223, 288)
[M::mem_pestat] low and high boundaries for computing mean and std.dev: (1, 552)
[M::mem_pestat] mean and std.dev: (208.95, 92.27)
[M::mem_pestat] low and high boundaries for proper pairs: (1, 684)
[M::mem_pestat] analyzing insert size distribution for orientation FR...
[M::mem_pestat] (25, 50, 75) percentile: (273, 314, 358)
[M::mem_pestat] low and high boundaries for computing mean and std.dev: (103, 528)
[M::mem_pestat] mean and std.dev: (315.90, 65.85)
[M::mem_pestat] low and high boundaries for proper pairs: (18, 613)
[M::mem_pestat] analyzing insert size distribution for orientation RF...
[M::mem_pestat] (25, 50, 75) percentile: (6407, 6447, 6485)
[M::mem_pestat] low and high boundaries for computing mean and std.dev: (6251, 6641)
[M::mem_pestat] mean and std.dev: (6455.04, 61.70)
[M::mem_pestat] low and high boundaries for proper pairs: (6173, 6719)
[M::mem_pestat] analyzing insert size distribution for orientation RR...
[M::mem_pestat] (25, 50, 75) percentile: (173, 290, 892)
[M::mem_pestat] low and high boundaries for computing mean and std.dev: (1, 2330)
[M::mem_pestat] mean and std.dev: (451.21, 475.43)
[M::mem_pestat] low and high boundaries for proper pairs: (1, 3049)
[M::mem_pestat] skip orientation FF
[M::mem_pestat] skip orientation RF
[M::mem_pestat] skip orientation RR
[M::mem_process_seqs] Processed 3960398 reads in 1030.357 CPU sec, 26.638 real sec
[M::process] read 3960398 sequences (400000198 bp)...
[M::mem_pestat] # candidate unique pairs for (FF, FR, RF, RR): (145, 1548693, 2, 15)
[M::mem_pestat] analyzing insert size distribution for orientation FF...
[M::mem_pestat] (25, 50, 75) percentile: (139, 211, 263)
[M::mem_pestat] low and high boundaries for computing mean and std.dev: (1, 511)
[M::mem_pestat] mean and std.dev: (195.80, 90.07)
[M::mem_pestat] low and high boundaries for proper pairs: (1, 635)
[M::mem_pestat] analyzing insert size distribution for orientation FR...
[M::mem_pestat] (25, 50, 75) percentile: (273, 314, 358)
[M::mem_pestat] low and high boundaries for computing mean and std.dev: (103, 528)
[M::mem_pestat] mean and std.dev: (315.56, 65.90)
[M::mem_pestat] low and high boundaries for proper pairs: (18, 613)
[M::mem_pestat] skip orientation RF as there are not enough pairs
[M::mem_pestat] analyzing insert size distribution for orientation RR...
[M::mem_pestat] (25, 50, 75) percentile: (159, 298, 701)
[M::mem_pestat] low and high boundaries for computing mean and std.dev: (1, 1785)
[M::mem_pestat] mean and std.dev: (473.29, 529.17)
[M::mem_pestat] low and high boundaries for proper pairs: (1, 2590)
[M::mem_pestat] skip orientation FF
[M::mem_pestat] skip orientation RR
[M::process] read 3960398 sequences (400000198 bp)...
[M::mem_process_seqs] Processed 3960398 reads in 1318.346 CPU sec, 33.701 real sec
[M::mem_pestat] # candidate unique pairs for (FF, FR, RF, RR): (172, 1756269, 0, 41)
[M::mem_pestat] analyzing insert size distribution for orientation FF...
[M::mem_pestat] (25, 50, 75) percentile: (156, 225, 288)
[M::mem_pestat] low and high boundaries for computing mean and std.dev: (1, 552)
[M::mem_pestat] mean and std.dev: (210.96, 84.28)
[M::mem_pestat] low and high boundaries for proper pairs: (1, 684)
[M::mem_pestat] analyzing insert size distribution for orientation FR...
[M::mem_pestat] (25, 50, 75) percentile: (274, 315, 359)
[M::mem_pestat] low and high boundaries for computing mean and std.dev: (104, 529)
[M::mem_pestat] mean and std.dev: (316.75, 66.07)
[M::mem_pestat] low and high boundaries for proper pairs: (19, 614)
[M::mem_pestat] skip orientation RF as there are not enough pairs
[M::mem_pestat] analyzing insert size distribution for orientation RR...
[M::mem_pestat] (25, 50, 75) percentile: (203, 286, 963)
[M::mem_pestat] low and high boundaries for computing mean and std.dev: (1, 2483)
[M::mem_pestat] mean and std.dev: (510.66, 564.90)
[M::mem_pestat] low and high boundaries for proper pairs: (1, 3243)
[M::mem_pestat] skip orientation FF
[M::mem_pestat] skip orientation RR
[M::mem_process_seqs] Processed 3960398 reads in 1058.457 CPU sec, 27.464 real sec
[M::process] read 3960398 sequences (400000198 bp)...
[M::mem_pestat] # candidate unique pairs for (FF, FR, RF, RR): (165, 1788753, 0, 25)
[M::mem_pestat] analyzing insert size distribution for orientation FF...
[M::mem_pestat] (25, 50, 75) percentile: (160, 219, 289)
[M::mem_pestat] low and high boundaries for computing mean and std.dev: (1, 547)
[M::mem_pestat] mean and std.dev: (206.23, 86.40)
[M::mem_pestat] low and high boundaries for proper pairs: (1, 676)
[M::mem_pestat] analyzing insert size distribution for orientation FR...
[M::mem_pestat] (25, 50, 75) percentile: (274, 315, 359)
[M::mem_pestat] low and high boundaries for computing mean and std.dev: (104, 529)
[M::mem_pestat] mean and std.dev: (316.53, 66.06)
[M::mem_pestat] low and high boundaries for proper pairs: (19, 614)
[M::mem_pestat] skip orientation RF as there are not enough pairs
[M::mem_pestat] analyzing insert size distribution for orientation RR...
[M::mem_pestat] (25, 50, 75) percentile: (140, 233, 1683)
[M::mem_pestat] low and high boundaries for computing mean and std.dev: (1, 4769)
[M::mem_pestat] mean and std.dev: (669.22, 801.40)
[M::mem_pestat] low and high boundaries for proper pairs: (1, 6312)
[M::mem_pestat] skip orientation FF
[M::mem_pestat] skip orientation RR
[M::mem_process_seqs] Processed 3960398 reads in 1030.208 CPU sec, 26.913 real sec
[M::process] read 3960398 sequences (400000198 bp)...
[M::mem_pestat] # candidate unique pairs for (FF, FR, RF, RR): (180, 1775355, 15, 30)
[M::mem_pestat] analyzing insert size distribution for orientation FF...
[M::mem_pestat] (25, 50, 75) percentile: (161, 223, 292)
[M::mem_pestat] low and high boundaries for computing mean and std.dev: (1, 554)
[M::mem_pestat] mean and std.dev: (208.55, 88.28)
[M::mem_pestat] low and high boundaries for proper pairs: (1, 685)
[M::mem_pestat] analyzing insert size distribution for orientation FR...
[M::mem_pestat] (25, 50, 75) percentile: (273, 314, 359)
[M::mem_pestat] low and high boundaries for computing mean and std.dev: (101, 531)
[M::mem_pestat] mean and std.dev: (316.08, 66.15)
[M::mem_pestat] low and high boundaries for proper pairs: (15, 617)
[M::mem_pestat] analyzing insert size distribution for orientation RF...
[M::mem_pestat] (25, 50, 75) percentile: (2129, 2158, 2172)
[M::mem_pestat] low and high boundaries for computing mean and std.dev: (2043, 2258)
[M::mem_pestat] mean and std.dev: (2153.54, 26.79)
[M::mem_pestat] low and high boundaries for proper pairs: (2000, 2301)
[M::mem_pestat] analyzing insert size distribution for orientation RR...
[M::mem_pestat] (25, 50, 75) percentile: (351, 1667, 2914)
[M::mem_pestat] low and high boundaries for computing mean and std.dev: (1, 8040)
[M::mem_pestat] mean and std.dev: (1684.00, 1299.99)
[M::mem_pestat] low and high boundaries for proper pairs: (1, 10603)
[M::mem_pestat] skip orientation FF
[M::mem_pestat] skip orientation RF
[M::mem_pestat] skip orientation RR
[M::mem_process_seqs] Processed 3960398 reads in 991.314 CPU sec, 25.886 real sec
[M::process] read 3960398 sequences (400000198 bp)...
[M::mem_pestat] # candidate unique pairs for (FF, FR, RF, RR): (167, 1791398, 0, 25)
[M::mem_pestat] analyzing insert size distribution for orientation FF...
[M::mem_pestat] (25, 50, 75) percentile: (170, 226, 277)
[M::mem_pestat] low and high boundaries for computing mean and std.dev: (1, 491)
[M::mem_pestat] mean and std.dev: (212.91, 81.94)
[M::mem_pestat] low and high boundaries for proper pairs: (1, 598)
[M::mem_pestat] analyzing insert size distribution for orientation FR...
[M::mem_pestat] (25, 50, 75) percentile: (273, 314, 358)
[M::mem_pestat] low and high boundaries for computing mean and std.dev: (103, 528)
[M::mem_pestat] mean and std.dev: (315.83, 65.94)
[M::mem_pestat] low and high boundaries for proper pairs: (18, 613)
[M::mem_pestat] skip orientation RF as there are not enough pairs
[M::mem_pestat] analyzing insert size distribution for orientation RR...
[M::mem_pestat] (25, 50, 75) percentile: (151, 274, 801)
[M::mem_pestat] low and high boundaries for computing mean and std.dev: (1, 2101)
[M::mem_pestat] mean and std.dev: (481.96, 534.13)
[M::mem_pestat] low and high boundaries for proper pairs: (1, 2751)
[M::mem_pestat] skip orientation FF
[M::mem_pestat] skip orientation RR
[M::mem_process_seqs] Processed 3960398 reads in 979.896 CPU sec, 25.486 real sec
[M::process] read 3960398 sequences (400000198 bp)...
[M::mem_pestat] # candidate unique pairs for (FF, FR, RF, RR): (202, 1750775, 1, 32)
[M::mem_pestat] analyzing insert size distribution for orientation FF...
[M::mem_pestat] (25, 50, 75) percentile: (155, 219, 269)
[M::mem_pestat] low and high boundaries for computing mean and std.dev: (1, 497)
[M::mem_pestat] mean and std.dev: (207.75, 88.29)
[M::mem_pestat] low and high boundaries for proper pairs: (1, 611)
[M::mem_pestat] analyzing insert size distribution for orientation FR...
[M::mem_pestat] (25, 50, 75) percentile: (274, 314, 359)
[M::mem_pestat] low and high boundaries for computing mean and std.dev: (104, 529)
[M::mem_pestat] mean and std.dev: (316.17, 65.91)
[M::mem_pestat] low and high boundaries for proper pairs: (19, 614)
[M::mem_pestat] skip orientation RF as there are not enough pairs
[M::mem_pestat] analyzing insert size distribution for orientation RR...
[M::mem_pestat] (25, 50, 75) percentile: (135, 322, 980)
[M::mem_pestat] low and high boundaries for computing mean and std.dev: (1, 2670)
[M::mem_pestat] mean and std.dev: (528.17, 640.02)
[M::mem_pestat] low and high boundaries for proper pairs: (1, 3515)
[M::mem_pestat] skip orientation FF
[M::mem_pestat] skip orientation RR
[M::mem_process_seqs] Processed 3960398 reads in 960.232 CPU sec, 25.029 real sec
[M::process] read 3960398 sequences (400000198 bp)...
[M::mem_pestat] # candidate unique pairs for (FF, FR, RF, RR): (179, 1779872, 1, 21)
[M::mem_pestat] analyzing insert size distribution for orientation FF...
[M::mem_pestat] (25, 50, 75) percentile: (165, 229, 291)
[M::mem_pestat] low and high boundaries for computing mean and std.dev: (1, 543)
[M::mem_pestat] mean and std.dev: (216.39, 94.80)
[M::mem_pestat] low and high boundaries for proper pairs: (1, 669)
[M::mem_pestat] analyzing insert size distribution for orientation FR...
[M::mem_pestat] (25, 50, 75) percentile: (274, 315, 359)
[M::mem_pestat] low and high boundaries for computing mean and std.dev: (104, 529)
[M::mem_pestat] mean and std.dev: (316.25, 65.93)
[M::mem_pestat] low and high boundaries for proper pairs: (19, 614)
[M::mem_pestat] skip orientation RF as there are not enough pairs
[M::mem_pestat] analyzing insert size distribution for orientation RR...
[M::mem_pestat] (25, 50, 75) percentile: (264, 699, 1246)
[M::mem_pestat] low and high boundaries for computing mean and std.dev: (1, 3210)
[M::mem_pestat] mean and std.dev: (592.65, 417.36)
[M::mem_pestat] low and high boundaries for proper pairs: (1, 4192)
[M::mem_pestat] skip orientation FF
[M::mem_pestat] skip orientation RR
[M::mem_process_seqs] Processed 3960398 reads in 1050.685 CPU sec, 27.575 real sec
[M::process] read 3960398 sequences (400000198 bp)...
[M::mem_pestat] # candidate unique pairs for (FF, FR, RF, RR): (164, 1693465, 4, 20)
[M::mem_pestat] analyzing insert size distribution for orientation FF...
[M::mem_pestat] (25, 50, 75) percentile: (180, 228, 278)
[M::mem_pestat] low and high boundaries for computing mean and std.dev: (1, 474)
[M::mem_pestat] mean and std.dev: (225.10, 80.60)
[M::mem_pestat] low and high boundaries for proper pairs: (1, 572)
[M::mem_pestat] analyzing insert size distribution for orientation FR...
[M::mem_pestat] (25, 50, 75) percentile: (273, 314, 358)
[M::mem_pestat] low and high boundaries for computing mean and std.dev: (103, 528)
[M::mem_pestat] mean and std.dev: (315.61, 65.82)
[M::mem_pestat] low and high boundaries for proper pairs: (18, 613)
[M::mem_pestat] skip orientation RF as there are not enough pairs
[M::mem_pestat] analyzing insert size distribution for orientation RR...
[M::mem_pestat] (25, 50, 75) percentile: (183, 240, 305)
[M::mem_pestat] low and high boundaries for computing mean and std.dev: (1, 549)
[M::mem_pestat] mean and std.dev: (212.17, 96.24)
[M::mem_pestat] low and high boundaries for proper pairs: (1, 671)
[M::mem_pestat] skip orientation FF
[M::mem_pestat] skip orientation RR
[M::mem_process_seqs] Processed 3960398 reads in 966.519 CPU sec, 25.176 real sec
[M::process] read 3960398 sequences (400000198 bp)...
[M::mem_pestat] # candidate unique pairs for (FF, FR, RF, RR): (186, 1809635, 0, 35)
[M::mem_pestat] analyzing insert size distribution for orientation FF...
[M::mem_pestat] (25, 50, 75) percentile: (170, 228, 277)
[M::mem_pestat] low and high boundaries for computing mean and std.dev: (1, 491)
[M::mem_pestat] mean and std.dev: (220.65, 81.90)
[M::mem_pestat] low and high boundaries for proper pairs: (1, 598)
[M::mem_pestat] analyzing insert size distribution for orientation FR...
[M::mem_pestat] (25, 50, 75) percentile: (273, 314, 358)
[M::mem_pestat] low and high boundaries for computing mean and std.dev: (103, 528)
[M::mem_pestat] mean and std.dev: (315.99, 65.91)
[M::mem_pestat] low and high boundaries for proper pairs: (18, 613)
[M::mem_pestat] skip orientation RF as there are not enough pairs
[M::mem_pestat] analyzing insert size distribution for orientation RR...
[M::mem_pestat] (25, 50, 75) percentile: (182, 319, 719)
[M::mem_pestat] low and high boundaries for computing mean and std.dev: (1, 1793)
[M::mem_pestat] mean and std.dev: (413.52, 323.96)
[M::mem_pestat] low and high boundaries for proper pairs: (1, 2330)
[M::mem_pestat] skip orientation FF
[M::mem_pestat] skip orientation RR
[M::mem_process_seqs] Processed 3960398 reads in 927.315 CPU sec, 24.387 real sec
[M::process] read 3960398 sequences (400000198 bp)...
[M::mem_pestat] # candidate unique pairs for (FF, FR, RF, RR): (186, 1719516, 2, 16)
[M::mem_pestat] analyzing insert size distribution for orientation FF...
[M::mem_pestat] (25, 50, 75) percentile: (174, 222, 292)
[M::mem_pestat] low and high boundaries for computing mean and std.dev: (1, 528)
[M::mem_pestat] mean and std.dev: (217.95, 90.71)
[M::mem_pestat] low and high boundaries for proper pairs: (1, 646)
[M::mem_pestat] analyzing insert size distribution for orientation FR...
[M::mem_pestat] (25, 50, 75) percentile: (273, 314, 358)
[M::mem_pestat] low and high boundaries for computing mean and std.dev: (103, 528)
[M::mem_pestat] mean and std.dev: (315.70, 65.89)
[M::mem_pestat] low and high boundaries for proper pairs: (18, 613)
[M::mem_pestat] skip orientation RF as there are not enough pairs
[M::mem_pestat] analyzing insert size distribution for orientation RR...
[M::mem_pestat] (25, 50, 75) percentile: (268, 1138, 1840)
[M::mem_pestat] low and high boundaries for computing mean and std.dev: (1, 4984)
[M::mem_pestat] mean and std.dev: (1049.73, 931.61)
[M::mem_pestat] low and high boundaries for proper pairs: (1, 6556)
[M::mem_pestat] skip orientation FF
[M::mem_pestat] skip orientation RR
[M::mem_process_seqs] Processed 3960398 reads in 960.193 CPU sec, 25.073 real sec
[M::process] read 3960398 sequences (400000198 bp)...
[M::mem_pestat] # candidate unique pairs for (FF, FR, RF, RR): (171, 1816413, 2, 18)
[M::mem_pestat] analyzing insert size distribution for orientation FF...
[M::mem_pestat] (25, 50, 75) percentile: (170, 226, 303)
[M::mem_pestat] low and high boundaries for computing mean and std.dev: (1, 569)
[M::mem_pestat] mean and std.dev: (217.64, 91.71)
[M::mem_pestat] low and high boundaries for proper pairs: (1, 702)
[M::mem_pestat] analyzing insert size distribution for orientation FR...
[M::mem_pestat] (25, 50, 75) percentile: (273, 314, 359)
[M::mem_pestat] low and high boundaries for computing mean and std.dev: (101, 531)
[M::mem_pestat] mean and std.dev: (316.16, 66.07)
[M::mem_pestat] low and high boundaries for proper pairs: (15, 617)
[M::mem_pestat] skip orientation RF as there are not enough pairs
[M::mem_pestat] analyzing insert size distribution for orientation RR...
[M::mem_pestat] (25, 50, 75) percentile: (114, 318, 1599)
[M::mem_pestat] low and high boundaries for computing mean and std.dev: (1, 4569)
[M::mem_pestat] mean and std.dev: (750.06, 1033.69)
[M::mem_pestat] low and high boundaries for proper pairs: (1, 6054)
[M::mem_pestat] skip orientation FF
[M::mem_pestat] skip orientation RR
[M::mem_process_seqs] Processed 3960398 reads in 931.431 CPU sec, 24.299 real sec
[M::process] read 3960398 sequences (400000198 bp)...
[M::mem_pestat] # candidate unique pairs for (FF, FR, RF, RR): (149, 1702066, 5, 16)
[M::mem_pestat] analyzing insert size distribution for orientation FF...
[M::mem_pestat] (25, 50, 75) percentile: (162, 231, 284)
[M::mem_pestat] low and high boundaries for computing mean and std.dev: (1, 528)
[M::mem_pestat] mean and std.dev: (218.81, 94.61)
[M::mem_pestat] low and high boundaries for proper pairs: (1, 650)
[M::mem_pestat] analyzing insert size distribution for orientation FR...
[M::mem_pestat] (25, 50, 75) percentile: (274, 315, 359)
[M::mem_pestat] low and high boundaries for computing mean and std.dev: (104, 529)
[M::mem_pestat] mean and std.dev: (316.47, 66.01)
[M::mem_pestat] low and high boundaries for proper pairs: (19, 614)
[M::mem_pestat] skip orientation RF as there are not enough pairs
[M::mem_pestat] analyzing insert size distribution for orientation RR...
[M::mem_pestat] (25, 50, 75) percentile: (151, 352, 1260)
[M::mem_pestat] low and high boundaries for computing mean and std.dev: (1, 3478)
[M::mem_pestat] mean and std.dev: (742.12, 820.79)
[M::mem_pestat] low and high boundaries for proper pairs: (1, 4587)
[M::mem_pestat] skip orientation FF
[M::mem_pestat] skip orientation RR
[M::mem_process_seqs] Processed 3960398 reads in 1100.138 CPU sec, 29.034 real sec
[M::process] read 3960398 sequences (400000198 bp)...
[M::mem_pestat] # candidate unique pairs for (FF, FR, RF, RR): (181, 1791020, 2, 23)
[M::mem_pestat] analyzing insert size distribution for orientation FF...
[M::mem_pestat] (25, 50, 75) percentile: (164, 225, 289)
[M::mem_pestat] low and high boundaries for computing mean and std.dev: (1, 539)
[M::mem_pestat] mean and std.dev: (213.93, 86.61)
[M::mem_pestat] low and high boundaries for proper pairs: (1, 664)
[M::mem_pestat] analyzing insert size distribution for orientation FR...
[M::mem_pestat] (25, 50, 75) percentile: (274, 315, 359)
[M::mem_pestat] low and high boundaries for computing mean and std.dev: (104, 529)
[M::mem_pestat] mean and std.dev: (316.50, 65.99)
[M::mem_pestat] low and high boundaries for proper pairs: (19, 614)
[M::mem_pestat] skip orientation RF as there are not enough pairs
[M::mem_pestat] analyzing insert size distribution for orientation RR...
[M::mem_pestat] (25, 50, 75) percentile: (167, 312, 981)
[M::mem_pestat] low and high boundaries for computing mean and std.dev: (1, 2609)
[M::mem_pestat] mean and std.dev: (648.96, 634.18)
[M::mem_pestat] low and high boundaries for proper pairs: (1, 3423)
[M::mem_pestat] skip orientation FF
[M::mem_pestat] skip orientation RR
[M::mem_process_seqs] Processed 3960398 reads in 850.833 CPU sec, 22.301 real sec
[M::process] read 3960398 sequences (400000198 bp)...
[M::mem_pestat] # candidate unique pairs for (FF, FR, RF, RR): (205, 1812369, 1, 28)
[M::mem_pestat] analyzing insert size distribution for orientation FF...
[M::mem_pestat] (25, 50, 75) percentile: (160, 222, 282)
[M::mem_pestat] low and high boundaries for computing mean and std.dev: (1, 526)
[M::mem_pestat] mean and std.dev: (210.27, 96.07)
[M::mem_pestat] low and high boundaries for proper pairs: (1, 648)
[M::mem_pestat] analyzing insert size distribution for orientation FR...
[M::mem_pestat] (25, 50, 75) percentile: (273, 314, 358)
[M::mem_pestat] low and high boundaries for computing mean and std.dev: (103, 528)
[M::mem_pestat] mean and std.dev: (315.69, 65.89)
[M::mem_pestat] low and high boundaries for proper pairs: (18, 613)
[M::mem_pestat] skip orientation RF as there are not enough pairs
[M::mem_pestat] analyzing insert size distribution for orientation RR...
[M::mem_pestat] (25, 50, 75) percentile: (138, 281, 1321)
[M::mem_pestat] low and high boundaries for computing mean and std.dev: (1, 3687)
[M::mem_pestat] mean and std.dev: (637.21, 665.94)
[M::mem_pestat] low and high boundaries for proper pairs: (1, 4870)
[M::mem_pestat] skip orientation FF
[M::mem_pestat] skip orientation RR
[M::mem_process_seqs] Processed 3960398 reads in 978.980 CPU sec, 25.538 real sec
[M::process] read 3960398 sequences (400000198 bp)...
[M::mem_pestat] # candidate unique pairs for (FF, FR, RF, RR): (212, 1759332, 0, 45)
[M::mem_pestat] analyzing insert size distribution for orientation FF...
[M::mem_pestat] (25, 50, 75) percentile: (166, 243, 348)
[M::mem_pestat] low and high boundaries for computing mean and std.dev: (1, 712)
[M::mem_pestat] mean and std.dev: (213.44, 91.05)
[M::mem_pestat] low and high boundaries for proper pairs: (1, 894)
[M::mem_pestat] analyzing insert size distribution for orientation FR...
[M::mem_pestat] (25, 50, 75) percentile: (273, 314, 358)
[M::mem_pestat] low and high boundaries for computing mean and std.dev: (103, 528)
[M::mem_pestat] mean and std.dev: (316.01, 65.92)
[M::mem_pestat] low and high boundaries for proper pairs: (18, 613)
[M::mem_pestat] skip orientation RF as there are not enough pairs
[M::mem_pestat] analyzing insert size distribution for orientation RR...
[M::mem_pestat] (25, 50, 75) percentile: (944, 7376, 8020)
[M::mem_pestat] low and high boundaries for computing mean and std.dev: (1, 22172)
[M::mem_pestat] mean and std.dev: (4998.80, 3496.84)
[M::mem_pestat] low and high boundaries for proper pairs: (1, 29248)
[M::mem_pestat] skip orientation FF
[M::mem_pestat] skip orientation RR
[M::mem_process_seqs] Processed 3960398 reads in 1069.742 CPU sec, 27.821 real sec
[M::process] read 3960398 sequences (400000198 bp)...
[M::mem_pestat] # candidate unique pairs for (FF, FR, RF, RR): (169, 1828019, 3, 22)
[M::mem_pestat] analyzing insert size distribution for orientation FF...
[M::mem_pestat] (25, 50, 75) percentile: (168, 214, 266)
[M::mem_pestat] low and high boundaries for computing mean and std.dev: (1, 462)
[M::mem_pestat] mean and std.dev: (208.59, 79.70)
[M::mem_pestat] low and high boundaries for proper pairs: (1, 560)
[M::mem_pestat] analyzing insert size distribution for orientation FR...
[M::mem_pestat] (25, 50, 75) percentile: (273, 314, 358)
[M::mem_pestat] low and high boundaries for computing mean and std.dev: (103, 528)
[M::mem_pestat] mean and std.dev: (316.00, 65.89)
[M::mem_pestat] low and high boundaries for proper pairs: (18, 613)
[M::mem_pestat] skip orientation RF as there are not enough pairs
[M::mem_pestat] analyzing insert size distribution for orientation RR...
[M::mem_pestat] (25, 50, 75) percentile: (122, 273, 868)
[M::mem_pestat] low and high boundaries for computing mean and std.dev: (1, 2360)
[M::mem_pestat] mean and std.dev: (422.75, 460.22)
[M::mem_pestat] low and high boundaries for proper pairs: (1, 3106)
[M::mem_pestat] skip orientation FF
[M::mem_pestat] skip orientation RR
[M::mem_process_seqs] Processed 3960398 reads in 905.901 CPU sec, 23.293 real sec
[M::process] read 3960398 sequences (400000198 bp)...
[M::mem_pestat] # candidate unique pairs for (FF, FR, RF, RR): (170, 1823495, 21, 22)
[M::mem_pestat] analyzing insert size distribution for orientation FF...
[M::mem_pestat] (25, 50, 75) percentile: (170, 222, 281)
[M::mem_pestat] low and high boundaries for computing mean and std.dev: (1, 503)
[M::mem_pestat] mean and std.dev: (216.38, 85.72)
[M::mem_pestat] low and high boundaries for proper pairs: (1, 614)
[M::mem_pestat] analyzing insert size distribution for orientation FR...
[M::mem_pestat] (25, 50, 75) percentile: (274, 315, 359)
[M::mem_pestat] low and high boundaries for computing mean and std.dev: (104, 529)
[M::mem_pestat] mean and std.dev: (316.31, 66.00)
[M::mem_pestat] low and high boundaries for proper pairs: (19, 614)
[M::mem_pestat] analyzing insert size distribution for orientation RF...
[M::mem_pestat] (25, 50, 75) percentile: (753, 788, 824)
[M::mem_pestat] low and high boundaries for computing mean and std.dev: (611, 966)
[M::mem_pestat] mean and std.dev: (780.24, 55.83)
[M::mem_pestat] low and high boundaries for proper pairs: (540, 1037)
[M::mem_pestat] analyzing insert size distribution for orientation RR...
[M::mem_pestat] (25, 50, 75) percentile: (196, 367, 1312)
[M::mem_pestat] low and high boundaries for computing mean and std.dev: (1, 3544)
[M::mem_pestat] mean and std.dev: (745.71, 863.31)
[M::mem_pestat] low and high boundaries for proper pairs: (1, 4660)
[M::mem_pestat] skip orientation FF
[M::mem_pestat] skip orientation RF
[M::mem_pestat] skip orientation RR
[M::mem_process_seqs] Processed 3960398 reads in 856.428 CPU sec, 22.414 real sec
[M::process] read 3960398 sequences (400000198 bp)...
[M::mem_pestat] # candidate unique pairs for (FF, FR, RF, RR): (110, 1182831, 37, 21)
[M::mem_pestat] analyzing insert size distribution for orientation FF...
[M::mem_pestat] (25, 50, 75) percentile: (155, 221, 304)
[M::mem_pestat] low and high boundaries for computing mean and std.dev: (1, 602)
[M::mem_pestat] mean and std.dev: (212.87, 95.26)
[M::mem_pestat] low and high boundaries for proper pairs: (1, 751)
[M::mem_pestat] analyzing insert size distribution for orientation FR...
[M::mem_pestat] (25, 50, 75) percentile: (274, 315, 360)
[M::mem_pestat] low and high boundaries for computing mean and std.dev: (102, 532)
[M::mem_pestat] mean and std.dev: (317.00, 66.46)
[M::mem_pestat] low and high boundaries for proper pairs: (16, 618)
[M::mem_pestat] analyzing insert size distribution for orientation RF...
[M::mem_pestat] (25, 50, 75) percentile: (48, 174, 246)
[M::mem_pestat] low and high boundaries for computing mean and std.dev: (1, 642)
[M::mem_pestat] mean and std.dev: (160.39, 114.79)
[M::mem_pestat] low and high boundaries for proper pairs: (1, 840)
[M::mem_pestat] analyzing insert size distribution for orientation RR...
[M::mem_pestat] (25, 50, 75) percentile: (371, 1118, 1340)
[M::mem_pestat] low and high boundaries for computing mean and std.dev: (1, 3278)
[M::mem_pestat] mean and std.dev: (825.50, 470.23)
[M::mem_pestat] low and high boundaries for proper pairs: (1, 4247)
[M::mem_pestat] skip orientation FF
[M::mem_pestat] skip orientation RF
[M::mem_pestat] skip orientation RR
[M::mem_process_seqs] Processed 3960398 reads in 1128.219 CPU sec, 29.396 real sec
[M::process] read 3960398 sequences (400000198 bp)...
[M::mem_pestat] # candidate unique pairs for (FF, FR, RF, RR): (154, 1770443, 47, 19)
[M::mem_pestat] analyzing insert size distribution for orientation FF...
[M::mem_pestat] (25, 50, 75) percentile: (155, 215, 278)
[M::mem_pestat] low and high boundaries for computing mean and std.dev: (1, 524)
[M::mem_pestat] mean and std.dev: (207.05, 83.47)
[M::mem_pestat] low and high boundaries for proper pairs: (1, 647)
[M::mem_pestat] analyzing insert size distribution for orientation FR...
[M::mem_pestat] (25, 50, 75) percentile: (275, 316, 360)
[M::mem_pestat] low and high boundaries for computing mean and std.dev: (105, 530)
[M::mem_pestat] mean and std.dev: (317.75, 66.27)
[M::mem_pestat] low and high boundaries for proper pairs: (20, 615)
[M::mem_pestat] analyzing insert size distribution for orientation RF...
[M::mem_pestat] (25, 50, 75) percentile: (38, 93, 215)
[M::mem_pestat] low and high boundaries for computing mean and std.dev: (1, 569)
[M::mem_pestat] mean and std.dev: (121.13, 91.03)
[M::mem_pestat] low and high boundaries for proper pairs: (1, 746)
[M::mem_pestat] analyzing insert size distribution for orientation RR...
[M::mem_pestat] (25, 50, 75) percentile: (229, 277, 1185)
[M::mem_pestat] low and high boundaries for computing mean and std.dev: (1, 3097)
[M::mem_pestat] mean and std.dev: (541.83, 530.34)
[M::mem_pestat] low and high boundaries for proper pairs: (1, 4053)
[M::mem_pestat] skip orientation FF
[M::mem_pestat] skip orientation RF
[M::mem_pestat] skip orientation RR
[M::mem_process_seqs] Processed 3960398 reads in 834.059 CPU sec, 22.023 real sec
[M::process] read 3960398 sequences (400000198 bp)...
[M::mem_pestat] # candidate unique pairs for (FF, FR, RF, RR): (196, 1825460, 4, 20)
[M::mem_pestat] analyzing insert size distribution for orientation FF...
[M::mem_pestat] (25, 50, 75) percentile: (139, 219, 267)
[M::mem_pestat] low and high boundaries for computing mean and std.dev: (1, 523)
[M::mem_pestat] mean and std.dev: (197.79, 90.24)
[M::mem_pestat] low and high boundaries for proper pairs: (1, 651)
[M::mem_pestat] analyzing insert size distribution for orientation FR...
[M::mem_pestat] (25, 50, 75) percentile: (274, 315, 360)
[M::mem_pestat] low and high boundaries for computing mean and std.dev: (102, 532)
[M::mem_pestat] mean and std.dev: (317.08, 66.30)
[M::mem_pestat] low and high boundaries for proper pairs: (16, 618)
[M::mem_pestat] skip orientation RF as there are not enough pairs
[M::mem_pestat] analyzing insert size distribution for orientation RR...
[M::mem_pestat] (25, 50, 75) percentile: (147, 231, 867)
[M::mem_pestat] low and high boundaries for computing mean and std.dev: (1, 2307)
[M::mem_pestat] mean and std.dev: (392.16, 428.72)
[M::mem_pestat] low and high boundaries for proper pairs: (1, 3027)
[M::mem_pestat] skip orientation FF
[M::mem_pestat] skip orientation RR
[M::mem_process_seqs] Processed 3960398 reads in 846.809 CPU sec, 22.240 real sec
[M::process] read 3960398 sequences (400000198 bp)...
[M::mem_pestat] # candidate unique pairs for (FF, FR, RF, RR): (143, 1585894, 0, 34)
[M::mem_pestat] analyzing insert size distribution for orientation FF...
[M::mem_pestat] (25, 50, 75) percentile: (153, 215, 269)
[M::mem_pestat] low and high boundaries for computing mean and std.dev: (1, 501)
[M::mem_pestat] mean and std.dev: (205.80, 80.68)
[M::mem_pestat] low and high boundaries for proper pairs: (1, 617)
[M::mem_pestat] analyzing insert size distribution for orientation FR...
[M::mem_pestat] (25, 50, 75) percentile: (273, 314, 358)
[M::mem_pestat] low and high boundaries for computing mean and std.dev: (103, 528)
[M::mem_pestat] mean and std.dev: (315.89, 65.88)
[M::mem_pestat] low and high boundaries for proper pairs: (18, 613)
[M::mem_pestat] skip orientation RF as there are not enough pairs
[M::mem_pestat] analyzing insert size distribution for orientation RR...
[M::mem_pestat] (25, 50, 75) percentile: (195, 342, 856)
[M::mem_pestat] low and high boundaries for computing mean and std.dev: (1, 2178)
[M::mem_pestat] mean and std.dev: (410.60, 348.33)
[M::mem_pestat] low and high boundaries for proper pairs: (1, 2839)
[M::mem_pestat] skip orientation FF
[M::mem_pestat] skip orientation RR
[M::mem_process_seqs] Processed 3960398 reads in 907.890 CPU sec, 23.753 real sec
[M::process] read 3960398 sequences (400000198 bp)...
[M::mem_pestat] # candidate unique pairs for (FF, FR, RF, RR): (182, 1768742, 1, 21)
[M::mem_pestat] analyzing insert size distribution for orientation FF...
[M::mem_pestat] (25, 50, 75) percentile: (152, 215, 290)
[M::mem_pestat] low and high boundaries for computing mean and std.dev: (1, 566)
[M::mem_pestat] mean and std.dev: (206.83, 87.43)
[M::mem_pestat] low and high boundaries for proper pairs: (1, 704)
[M::mem_pestat] analyzing insert size distribution for orientation FR...
[M::mem_pestat] (25, 50, 75) percentile: (273, 314, 358)
[M::mem_pestat] low and high boundaries for computing mean and std.dev: (103, 528)
[M::mem_pestat] mean and std.dev: (315.37, 65.75)
[M::mem_pestat] low and high boundaries for proper pairs: (18, 613)
[M::mem_pestat] skip orientation RF as there are not enough pairs
[M::mem_pestat] analyzing insert size distribution for orientation RR...
[M::mem_pestat] (25, 50, 75) percentile: (137, 167, 641)
[M::mem_pestat] low and high boundaries for computing mean and std.dev: (1, 1649)
[M::mem_pestat] mean and std.dev: (320.25, 340.10)
[M::mem_pestat] low and high boundaries for proper pairs: (1, 2153)
[M::mem_pestat] skip orientation FF
[M::mem_pestat] skip orientation RR
[M::mem_process_seqs] Processed 3960398 reads in 920.083 CPU sec, 24.099 real sec
[M::process] read 3960398 sequences (400000198 bp)...
[M::mem_pestat] # candidate unique pairs for (FF, FR, RF, RR): (151, 1621562, 1, 31)
[M::mem_pestat] analyzing insert size distribution for orientation FF...
[M::mem_pestat] (25, 50, 75) percentile: (179, 241, 290)
[M::mem_pestat] low and high boundaries for computing mean and std.dev: (1, 512)
[M::mem_pestat] mean and std.dev: (217.86, 80.59)
[M::mem_pestat] low and high boundaries for proper pairs: (1, 623)
[M::mem_pestat] analyzing insert size distribution for orientation FR...
[M::mem_pestat] (25, 50, 75) percentile: (274, 315, 359)
[M::mem_pestat] low and high boundaries for computing mean and std.dev: (104, 529)
[M::mem_pestat] mean and std.dev: (316.86, 66.11)
[M::mem_pestat] low and high boundaries for proper pairs: (19, 614)
[M::mem_pestat] skip orientation RF as there are not enough pairs
[M::mem_pestat] analyzing insert size distribution for orientation RR...
[M::mem_pestat] (25, 50, 75) percentile: (239, 1003, 1437)
[M::mem_pestat] low and high boundaries for computing mean and std.dev: (1, 3833)
[M::mem_pestat] mean and std.dev: (920.60, 769.76)
[M::mem_pestat] low and high boundaries for proper pairs: (1, 5031)
[M::mem_pestat] skip orientation FF
[M::mem_pestat] skip orientation RR
[M::mem_process_seqs] Processed 3960398 reads in 1056.545 CPU sec, 27.430 real sec
[M::process] read 3960398 sequences (400000198 bp)...
[M::mem_pestat] # candidate unique pairs for (FF, FR, RF, RR): (166, 1763875, 3, 32)
[M::mem_pestat] analyzing insert size distribution for orientation FF...
[M::mem_pestat] (25, 50, 75) percentile: (160, 229, 291)
[M::mem_pestat] low and high boundaries for computing mean and std.dev: (1, 553)
[M::mem_pestat] mean and std.dev: (217.20, 91.19)
[M::mem_pestat] low and high boundaries for proper pairs: (1, 684)
[M::mem_pestat] analyzing insert size distribution for orientation FR...
[M::mem_pestat] (25, 50, 75) percentile: (274, 315, 359)
[M::mem_pestat] low and high boundaries for computing mean and std.dev: (104, 529)
[M::mem_pestat] mean and std.dev: (316.57, 66.06)
[M::mem_pestat] low and high boundaries for proper pairs: (19, 614)
[M::mem_pestat] skip orientation RF as there are not enough pairs
[M::mem_pestat] analyzing insert size distribution for orientation RR...
[M::mem_pestat] (25, 50, 75) percentile: (171, 233, 1127)
[M::mem_pestat] low and high boundaries for computing mean and std.dev: (1, 3039)
[M::mem_pestat] mean and std.dev: (466.10, 461.64)
[M::mem_pestat] low and high boundaries for proper pairs: (1, 3995)
[M::mem_pestat] skip orientation FF
[M::mem_pestat] skip orientation RR
[M::mem_process_seqs] Processed 3960398 reads in 1033.864 CPU sec, 26.866 real sec
[M::process] read 3960398 sequences (400000198 bp)...
[M::mem_pestat] # candidate unique pairs for (FF, FR, RF, RR): (147, 1485549, 15, 20)
[M::mem_pestat] analyzing insert size distribution for orientation FF...
[M::mem_pestat] (25, 50, 75) percentile: (164, 222, 271)
[M::mem_pestat] low and high boundaries for computing mean and std.dev: (1, 485)
[M::mem_pestat] mean and std.dev: (206.12, 84.49)
[M::mem_pestat] low and high boundaries for proper pairs: (1, 592)
[M::mem_pestat] analyzing insert size distribution for orientation FR...
[M::mem_pestat] (25, 50, 75) percentile: (273, 314, 358)
[M::mem_pestat] low and high boundaries for computing mean and std.dev: (103, 528)
[M::mem_pestat] mean and std.dev: (315.98, 65.94)
[M::mem_pestat] low and high boundaries for proper pairs: (18, 613)
[M::mem_pestat] analyzing insert size distribution for orientation RF...
[M::mem_pestat] (25, 50, 75) percentile: (141, 189, 214)
[M::mem_pestat] low and high boundaries for computing mean and std.dev: (1, 360)
[M::mem_pestat] mean and std.dev: (180.14, 69.89)
[M::mem_pestat] low and high boundaries for proper pairs: (1, 460)
[M::mem_pestat] analyzing insert size distribution for orientation RR...
[M::mem_pestat] (25, 50, 75) percentile: (180, 261, 1397)
[M::mem_pestat] low and high boundaries for computing mean and std.dev: (1, 3831)
[M::mem_pestat] mean and std.dev: (409.47, 485.34)
[M::mem_pestat] low and high boundaries for proper pairs: (1, 5048)
[M::mem_pestat] skip orientation FF
[M::mem_pestat] skip orientation RF
[M::mem_pestat] skip orientation RR
[M::mem_process_seqs] Processed 3960398 reads in 1558.086 CPU sec, 40.237 real sec
[M::process] read 3960398 sequences (400000198 bp)...
[M::mem_pestat] # candidate unique pairs for (FF, FR, RF, RR): (181, 1790524, 2, 29)
[M::mem_pestat] analyzing insert size distribution for orientation FF...
[M::mem_pestat] (25, 50, 75) percentile: (159, 207, 272)
[M::mem_pestat] low and high boundaries for computing mean and std.dev: (1, 498)
[M::mem_pestat] mean and std.dev: (202.76, 88.69)
[M::mem_pestat] low and high boundaries for proper pairs: (1, 611)
[M::mem_pestat] analyzing insert size distribution for orientation FR...
[M::mem_pestat] (25, 50, 75) percentile: (274, 315, 359)
[M::mem_pestat] low and high boundaries for computing mean and std.dev: (104, 529)
[M::mem_pestat] mean and std.dev: (316.78, 66.14)
[M::mem_pestat] low and high boundaries for proper pairs: (19, 614)
[M::mem_pestat] skip orientation RF as there are not enough pairs
[M::mem_pestat] analyzing insert size distribution for orientation RR...
[M::mem_pestat] (25, 50, 75) percentile: (293, 1076, 1981)
[M::mem_pestat] low and high boundaries for computing mean and std.dev: (1, 5357)
[M::mem_pestat] mean and std.dev: (1112.82, 997.22)
[M::mem_pestat] low and high boundaries for proper pairs: (1, 7045)
[M::mem_pestat] skip orientation FF
[M::mem_pestat] skip orientation RR
[M::mem_process_seqs] Processed 3960398 reads in 1014.831 CPU sec, 26.398 real sec
[M::process] read 3960398 sequences (400000198 bp)...
[M::mem_pestat] # candidate unique pairs for (FF, FR, RF, RR): (180, 1772425, 0, 20)
[M::mem_pestat] analyzing insert size distribution for orientation FF...
[M::mem_pestat] (25, 50, 75) percentile: (163, 218, 278)
[M::mem_pestat] low and high boundaries for computing mean and std.dev: (1, 508)
[M::mem_pestat] mean and std.dev: (213.67, 87.01)
[M::mem_pestat] low and high boundaries for proper pairs: (1, 623)
[M::mem_pestat] analyzing insert size distribution for orientation FR...
[M::mem_pestat] (25, 50, 75) percentile: (274, 315, 359)
[M::mem_pestat] low and high boundaries for computing mean and std.dev: (104, 529)
[M::mem_pestat] mean and std.dev: (316.56, 66.03)
[M::mem_pestat] low and high boundaries for proper pairs: (19, 614)
[M::mem_pestat] skip orientation RF as there are not enough pairs
[M::mem_pestat] analyzing insert size distribution for orientation RR...
[M::mem_pestat] (25, 50, 75) percentile: (222, 571, 1026)
[M::mem_pestat] low and high boundaries for computing mean and std.dev: (1, 2634)
[M::mem_pestat] mean and std.dev: (664.89, 617.48)
[M::mem_pestat] low and high boundaries for proper pairs: (1, 3438)
[M::mem_pestat] skip orientation FF
[M::mem_pestat] skip orientation RR
[M::mem_process_seqs] Processed 3960398 reads in 1031.929 CPU sec, 27.103 real sec
[M::process] read 3960398 sequences (400000198 bp)...
[M::mem_pestat] # candidate unique pairs for (FF, FR, RF, RR): (97, 1043867, 1, 13)
[M::mem_pestat] analyzing insert size distribution for orientation FF...
[M::mem_pestat] (25, 50, 75) percentile: (142, 220, 275)
[M::mem_pestat] low and high boundaries for computing mean and std.dev: (1, 541)
[M::mem_pestat] mean and std.dev: (194.61, 85.44)
[M::mem_pestat] low and high boundaries for proper pairs: (1, 674)
[M::mem_pestat] analyzing insert size distribution for orientation FR...
[M::mem_pestat] (25, 50, 75) percentile: (274, 315, 360)
[M::mem_pestat] low and high boundaries for computing mean and std.dev: (102, 532)
[M::mem_pestat] mean and std.dev: (317.09, 66.26)
[M::mem_pestat] low and high boundaries for proper pairs: (16, 618)
[M::mem_pestat] skip orientation RF as there are not enough pairs
[M::mem_pestat] analyzing insert size distribution for orientation RR...
[M::mem_pestat] (25, 50, 75) percentile: (201, 583, 1219)
[M::mem_pestat] low and high boundaries for computing mean and std.dev: (1, 3255)
[M::mem_pestat] mean and std.dev: (652.38, 467.27)
[M::mem_pestat] low and high boundaries for proper pairs: (1, 4273)
[M::mem_pestat] skip orientation FF
[M::mem_pestat] skip orientation RR
[M::mem_process_seqs] Processed 3960398 reads in 1025.327 CPU sec, 26.727 real sec
[M::process] read 3960398 sequences (400000198 bp)...
[M::mem_pestat] # candidate unique pairs for (FF, FR, RF, RR): (168, 1755412, 0, 29)
[M::mem_pestat] analyzing insert size distribution for orientation FF...
[M::mem_pestat] (25, 50, 75) percentile: (154, 231, 288)
[M::mem_pestat] low and high boundaries for computing mean and std.dev: (1, 556)
[M::mem_pestat] mean and std.dev: (211.97, 90.25)
[M::mem_pestat] low and high boundaries for proper pairs: (1, 690)
[M::mem_pestat] analyzing insert size distribution for orientation FR...
[M::mem_pestat] (25, 50, 75) percentile: (274, 315, 359)
[M::mem_pestat] low and high boundaries for computing mean and std.dev: (104, 529)
[M::mem_pestat] mean and std.dev: (316.77, 66.01)
[M::mem_pestat] low and high boundaries for proper pairs: (19, 614)
[M::mem_pestat] skip orientation RF as there are not enough pairs
[M::mem_pestat] analyzing insert size distribution for orientation RR...
[M::mem_pestat] (25, 50, 75) percentile: (213, 837, 1616)
[M::mem_pestat] low and high boundaries for computing mean and std.dev: (1, 4422)
[M::mem_pestat] mean and std.dev: (1038.90, 880.71)
[M::mem_pestat] low and high boundaries for proper pairs: (1, 5825)
[M::mem_pestat] skip orientation FF
[M::mem_pestat] skip orientation RR
[M::mem_process_seqs] Processed 3960398 reads in 1100.695 CPU sec, 28.246 real sec
[M::process] read 3960398 sequences (400000198 bp)...
[M::mem_pestat] # candidate unique pairs for (FF, FR, RF, RR): (171, 1808269, 3, 25)
[M::mem_pestat] analyzing insert size distribution for orientation FF...
[M::mem_pestat] (25, 50, 75) percentile: (163, 213, 271)
[M::mem_pestat] low and high boundaries for computing mean and std.dev: (1, 487)
[M::mem_pestat] mean and std.dev: (206.40, 84.85)
[M::mem_pestat] low and high boundaries for proper pairs: (1, 595)
[M::mem_pestat] analyzing insert size distribution for orientation FR...
[M::mem_pestat] (25, 50, 75) percentile: (273, 314, 358)
[M::mem_pestat] low and high boundaries for computing mean and std.dev: (103, 528)
[M::mem_pestat] mean and std.dev: (315.79, 65.90)
[M::mem_pestat] low and high boundaries for proper pairs: (18, 613)
[M::mem_pestat] skip orientation RF as there are not enough pairs
[M::mem_pestat] analyzing insert size distribution for orientation RR...
[M::mem_pestat] (25, 50, 75) percentile: (121, 191, 311)
[M::mem_pestat] low and high boundaries for computing mean and std.dev: (1, 691)
[M::mem_pestat] mean and std.dev: (186.57, 77.21)
[M::mem_pestat] low and high boundaries for proper pairs: (1, 881)
[M::mem_pestat] skip orientation FF
[M::mem_pestat] skip orientation RR
[M::mem_process_seqs] Processed 3960398 reads in 850.647 CPU sec, 22.345 real sec
[M::process] read 3960398 sequences (400000198 bp)...
[M::mem_pestat] # candidate unique pairs for (FF, FR, RF, RR): (176, 1795813, 16, 29)
[M::mem_pestat] analyzing insert size distribution for orientation FF...
[M::mem_pestat] (25, 50, 75) percentile: (160, 223, 283)
[M::mem_pestat] low and high boundaries for computing mean and std.dev: (1, 529)
[M::mem_pestat] mean and std.dev: (217.63, 93.82)
[M::mem_pestat] low and high boundaries for proper pairs: (1, 652)
[M::mem_pestat] analyzing insert size distribution for orientation FR...
[M::mem_pestat] (25, 50, 75) percentile: (273, 314, 359)
[M::mem_pestat] low and high boundaries for computing mean and std.dev: (101, 531)
[M::mem_pestat] mean and std.dev: (316.15, 66.11)
[M::mem_pestat] low and high boundaries for proper pairs: (15, 617)
[M::mem_pestat] analyzing insert size distribution for orientation RF...
[M::mem_pestat] (25, 50, 75) percentile: (36, 1404, 1445)
[M::mem_pestat] low and high boundaries for computing mean and std.dev: (1, 4263)
[M::mem_pestat] mean and std.dev: (1039.31, 722.13)
[M::mem_pestat] low and high boundaries for proper pairs: (1, 5672)
[M::mem_pestat] analyzing insert size distribution for orientation RR...
[M::mem_pestat] (25, 50, 75) percentile: (184, 360, 1402)
[M::mem_pestat] low and high boundaries for computing mean and std.dev: (1, 3838)
[M::mem_pestat] mean and std.dev: (545.68, 531.94)
[M::mem_pestat] low and high boundaries for proper pairs: (1, 5056)
[M::mem_pestat] skip orientation FF
[M::mem_pestat] skip orientation RF
[M::mem_pestat] skip orientation RR
[M::mem_process_seqs] Processed 3960398 reads in 912.085 CPU sec, 23.905 real sec
[M::process] read 3960398 sequences (400000198 bp)...
[M::mem_pestat] # candidate unique pairs for (FF, FR, RF, RR): (184, 1719830, 0, 38)
[M::mem_pestat] analyzing insert size distribution for orientation FF...
[M::mem_pestat] (25, 50, 75) percentile: (168, 216, 277)
[M::mem_pestat] low and high boundaries for computing mean and std.dev: (1, 495)
[M::mem_pestat] mean and std.dev: (207.10, 82.34)
[M::mem_pestat] low and high boundaries for proper pairs: (1, 604)
[M::mem_pestat] analyzing insert size distribution for orientation FR...
[M::mem_pestat] (25, 50, 75) percentile: (273, 314, 358)
[M::mem_pestat] low and high boundaries for computing mean and std.dev: (103, 528)
[M::mem_pestat] mean and std.dev: (315.82, 65.89)
[M::mem_pestat] low and high boundaries for proper pairs: (18, 613)
[M::mem_pestat] skip orientation RF as there are not enough pairs
[M::mem_pestat] analyzing insert size distribution for orientation RR...
[M::mem_pestat] (25, 50, 75) percentile: (129, 198, 433)
[M::mem_pestat] low and high boundaries for computing mean and std.dev: (1, 1041)
[M::mem_pestat] mean and std.dev: (265.36, 240.58)
[M::mem_pestat] low and high boundaries for proper pairs: (1, 1345)
[M::mem_pestat] skip orientation FF
[M::mem_pestat] skip orientation RR
[M::mem_process_seqs] Processed 3960398 reads in 1165.206 CPU sec, 30.197 real sec
[M::process] read 3960398 sequences (400000198 bp)...
[M::mem_pestat] # candidate unique pairs for (FF, FR, RF, RR): (162, 1826629, 1, 12)
[M::mem_pestat] analyzing insert size distribution for orientation FF...
[M::mem_pestat] (25, 50, 75) percentile: (174, 224, 287)
[M::mem_pestat] low and high boundaries for computing mean and std.dev: (1, 513)
[M::mem_pestat] mean and std.dev: (220.16, 83.83)
[M::mem_pestat] low and high boundaries for proper pairs: (1, 626)
[M::mem_pestat] analyzing insert size distribution for orientation FR...
[M::mem_pestat] (25, 50, 75) percentile: (273, 314, 358)
[M::mem_pestat] low and high boundaries for computing mean and std.dev: (103, 528)
[M::mem_pestat] mean and std.dev: (315.90, 65.87)
[M::mem_pestat] low and high boundaries for proper pairs: (18, 613)
[M::mem_pestat] skip orientation RF as there are not enough pairs
[M::mem_pestat] analyzing insert size distribution for orientation RR...
[M::mem_pestat] (25, 50, 75) percentile: (144, 326, 973)
[M::mem_pestat] low and high boundaries for computing mean and std.dev: (1, 2631)
[M::mem_pestat] mean and std.dev: (335.20, 287.38)
[M::mem_pestat] low and high boundaries for proper pairs: (1, 3460)
[M::mem_pestat] skip orientation FF
[M::mem_pestat] skip orientation RR
[M::mem_process_seqs] Processed 3960398 reads in 905.214 CPU sec, 23.786 real sec
[M::process] read 3960398 sequences (400000198 bp)...
[M::mem_pestat] # candidate unique pairs for (FF, FR, RF, RR): (189, 1789633, 1, 50)
[M::mem_pestat] analyzing insert size distribution for orientation FF...
[M::mem_pestat] (25, 50, 75) percentile: (179, 239, 302)
[M::mem_pestat] low and high boundaries for computing mean and std.dev: (1, 548)
[M::mem_pestat] mean and std.dev: (209.67, 80.53)
[M::mem_pestat] low and high boundaries for proper pairs: (1, 671)
[M::mem_pestat] analyzing insert size distribution for orientation FR...
[M::mem_pestat] (25, 50, 75) percentile: (274, 315, 359)
[M::mem_pestat] low and high boundaries for computing mean and std.dev: (104, 529)
[M::mem_pestat] mean and std.dev: (316.63, 66.06)
[M::mem_pestat] low and high boundaries for proper pairs: (19, 614)
[M::mem_pestat] skip orientation RF as there are not enough pairs
[M::mem_pestat] analyzing insert size distribution for orientation RR...
[M::mem_pestat] (25, 50, 75) percentile: (258, 3948, 4360)
[M::mem_pestat] low and high boundaries for computing mean and std.dev: (1, 12564)
[M::mem_pestat] mean and std.dev: (2491.22, 1913.12)
[M::mem_pestat] low and high boundaries for proper pairs: (1, 16666)
[M::mem_pestat] skip orientation FF
[M::mem_pestat] skip orientation RR
[M::mem_process_seqs] Processed 3960398 reads in 972.939 CPU sec, 25.457 real sec
[M::process] read 3960398 sequences (400000198 bp)...
[M::mem_pestat] # candidate unique pairs for (FF, FR, RF, RR): (186, 1803560, 0, 27)
[M::mem_pestat] analyzing insert size distribution for orientation FF...
[M::mem_pestat] (25, 50, 75) percentile: (174, 238, 283)
[M::mem_pestat] low and high boundaries for computing mean and std.dev: (1, 501)
[M::mem_pestat] mean and std.dev: (217.74, 81.74)
[M::mem_pestat] low and high boundaries for proper pairs: (1, 610)
[M::mem_pestat] analyzing insert size distribution for orientation FR...
[M::mem_pestat] (25, 50, 75) percentile: (274, 315, 359)
[M::mem_pestat] low and high boundaries for computing mean and std.dev: (104, 529)
[M::mem_pestat] mean and std.dev: (316.27, 65.97)
[M::mem_pestat] low and high boundaries for proper pairs: (19, 614)
[M::mem_pestat] skip orientation RF as there are not enough pairs
[M::mem_pestat] analyzing insert size distribution for orientation RR...
[M::mem_pestat] (25, 50, 75) percentile: (166, 261, 847)
[M::mem_pestat] low and high boundaries for computing mean and std.dev: (1, 2209)
[M::mem_pestat] mean and std.dev: (490.22, 504.20)
[M::mem_pestat] low and high boundaries for proper pairs: (1, 2890)
[M::mem_pestat] skip orientation FF
[M::mem_pestat] skip orientation RR
[M::mem_process_seqs] Processed 3960398 reads in 1044.886 CPU sec, 27.260 real sec
[M::process] read 3960398 sequences (400000198 bp)...
[M::mem_pestat] # candidate unique pairs for (FF, FR, RF, RR): (189, 1729887, 2, 29)
[M::mem_pestat] analyzing insert size distribution for orientation FF...
[M::mem_pestat] (25, 50, 75) percentile: (161, 220, 281)
[M::mem_pestat] low and high boundaries for computing mean and std.dev: (1, 521)
[M::mem_pestat] mean and std.dev: (212.83, 88.04)
[M::mem_pestat] low and high boundaries for proper pairs: (1, 641)
[M::mem_pestat] analyzing insert size distribution for orientation FR...
[M::mem_pestat] (25, 50, 75) percentile: (274, 315, 359)
[M::mem_pestat] low and high boundaries for computing mean and std.dev: (104, 529)
[M::mem_pestat] mean and std.dev: (316.25, 65.91)
[M::mem_pestat] low and high boundaries for proper pairs: (19, 614)
[M::mem_pestat] skip orientation RF as there are not enough pairs
[M::mem_pestat] analyzing insert size distribution for orientation RR...
[M::mem_pestat] (25, 50, 75) percentile: (217, 309, 1476)
[M::mem_pestat] low and high boundaries for computing mean and std.dev: (1, 3994)
[M::mem_pestat] mean and std.dev: (606.15, 558.13)
[M::mem_pestat] low and high boundaries for proper pairs: (1, 5253)
[M::mem_pestat] skip orientation FF
[M::mem_pestat] skip orientation RR
[M::process] read 3960398 sequences (400000198 bp)...
[M::mem_process_seqs] Processed 3960398 reads in 1124.911 CPU sec, 28.669 real sec
[M::mem_pestat] # candidate unique pairs for (FF, FR, RF, RR): (197, 1790362, 15, 45)
[M::mem_pestat] analyzing insert size distribution for orientation FF...
[M::mem_pestat] (25, 50, 75) percentile: (161, 235, 317)
[M::mem_pestat] low and high boundaries for computing mean and std.dev: (1, 629)
[M::mem_pestat] mean and std.dev: (216.30, 93.15)
[M::mem_pestat] low and high boundaries for proper pairs: (1, 785)
[M::mem_pestat] analyzing insert size distribution for orientation FR...
[M::mem_pestat] (25, 50, 75) percentile: (275, 317, 361)
[M::mem_pestat] low and high boundaries for computing mean and std.dev: (103, 533)
[M::mem_pestat] mean and std.dev: (318.14, 66.49)
[M::mem_pestat] low and high boundaries for proper pairs: (17, 619)
[M::mem_pestat] analyzing insert size distribution for orientation RF...
[M::mem_pestat] (25, 50, 75) percentile: (34, 46, 109)
[M::mem_pestat] low and high boundaries for computing mean and std.dev: (1, 259)
[M::mem_pestat] mean and std.dev: (46.83, 32.45)
[M::mem_pestat] low and high boundaries for proper pairs: (1, 334)
[M::mem_pestat] analyzing insert size distribution for orientation RR...
[M::mem_pestat] (25, 50, 75) percentile: (477, 878, 1652)
[M::mem_pestat] low and high boundaries for computing mean and std.dev: (1, 4002)
[M::mem_pestat] mean and std.dev: (1125.02, 904.46)
[M::mem_pestat] low and high boundaries for proper pairs: (1, 5177)
[M::mem_pestat] skip orientation FF
[M::mem_pestat] skip orientation RF
[M::mem_pestat] skip orientation RR
[M::mem_process_seqs] Processed 3960398 reads in 992.559 CPU sec, 25.921 real sec
[M::process] read 3960398 sequences (400000198 bp)...
[M::mem_pestat] # candidate unique pairs for (FF, FR, RF, RR): (178, 1792975, 26, 35)
[M::mem_pestat] analyzing insert size distribution for orientation FF...
[M::mem_pestat] (25, 50, 75) percentile: (166, 224, 289)
[M::mem_pestat] low and high boundaries for computing mean and std.dev: (1, 535)
[M::mem_pestat] mean and std.dev: (206.46, 89.75)
[M::mem_pestat] low and high boundaries for proper pairs: (1, 658)
[M::mem_pestat] analyzing insert size distribution for orientation FR...
[M::mem_pestat] (25, 50, 75) percentile: (275, 316, 360)
[M::mem_pestat] low and high boundaries for computing mean and std.dev: (105, 530)
[M::mem_pestat] mean and std.dev: (317.44, 66.20)
[M::mem_pestat] low and high boundaries for proper pairs: (20, 615)
[M::mem_pestat] analyzing insert size distribution for orientation RF...
[M::mem_pestat] (25, 50, 75) percentile: (2190, 2259, 2292)
[M::mem_pestat] low and high boundaries for computing mean and std.dev: (1986, 2496)
[M::mem_pestat] mean and std.dev: (2232.83, 62.40)
[M::mem_pestat] low and high boundaries for proper pairs: (1884, 2598)
[M::mem_pestat] analyzing insert size distribution for orientation RR...
[M::mem_pestat] (25, 50, 75) percentile: (203, 1034, 1786)
[M::mem_pestat] low and high boundaries for computing mean and std.dev: (1, 4952)
[M::mem_pestat] mean and std.dev: (1092.36, 1038.09)
[M::mem_pestat] low and high boundaries for proper pairs: (1, 6535)
[M::mem_pestat] skip orientation FF
[M::mem_pestat] skip orientation RF
[M::mem_pestat] skip orientation RR
[M::mem_process_seqs] Processed 3960398 reads in 949.400 CPU sec, 25.017 real sec
[M::process] read 3960398 sequences (400000198 bp)...
[M::mem_pestat] # candidate unique pairs for (FF, FR, RF, RR): (244, 1802028, 2, 79)
[M::mem_pestat] analyzing insert size distribution for orientation FF...
[M::mem_pestat] (25, 50, 75) percentile: (181, 267, 496)
[M::mem_pestat] low and high boundaries for computing mean and std.dev: (1, 1126)
[M::mem_pestat] mean and std.dev: (280.69, 188.60)
[M::mem_pestat] low and high boundaries for proper pairs: (1, 1441)
[M::mem_pestat] analyzing insert size distribution for orientation FR...
[M::mem_pestat] (25, 50, 75) percentile: (275, 316, 360)
[M::mem_pestat] low and high boundaries for computing mean and std.dev: (105, 530)
[M::mem_pestat] mean and std.dev: (317.72, 66.29)
[M::mem_pestat] low and high boundaries for proper pairs: (20, 615)
[M::mem_pestat] skip orientation RF as there are not enough pairs
[M::mem_pestat] analyzing insert size distribution for orientation RR...
[M::mem_pestat] (25, 50, 75) percentile: (392, 639, 1471)
[M::mem_pestat] low and high boundaries for computing mean and std.dev: (1, 3629)
[M::mem_pestat] mean and std.dev: (849.97, 573.00)
[M::mem_pestat] low and high boundaries for proper pairs: (1, 4708)
[M::mem_pestat] skip orientation FF
[M::mem_pestat] skip orientation RR
[M::mem_process_seqs] Processed 3960398 reads in 1064.969 CPU sec, 27.650 real sec
[M::process] read 3960398 sequences (400000198 bp)...
[M::mem_pestat] # candidate unique pairs for (FF, FR, RF, RR): (155, 1804954, 38, 33)
[M::mem_pestat] analyzing insert size distribution for orientation FF...
[M::mem_pestat] (25, 50, 75) percentile: (157, 220, 274)
[M::mem_pestat] low and high boundaries for computing mean and std.dev: (1, 508)
[M::mem_pestat] mean and std.dev: (205.51, 85.49)
[M::mem_pestat] low and high boundaries for proper pairs: (1, 625)
[M::mem_pestat] analyzing insert size distribution for orientation FR...
[M::mem_pestat] (25, 50, 75) percentile: (275, 316, 360)
[M::mem_pestat] low and high boundaries for computing mean and std.dev: (105, 530)
[M::mem_pestat] mean and std.dev: (317.49, 66.17)
[M::mem_pestat] low and high boundaries for proper pairs: (20, 615)
[M::mem_pestat] analyzing insert size distribution for orientation RF...
[M::mem_pestat] (25, 50, 75) percentile: (1374, 1400, 1417)
[M::mem_pestat] low and high boundaries for computing mean and std.dev: (1288, 1503)
[M::mem_pestat] mean and std.dev: (1395.47, 39.84)
[M::mem_pestat] low and high boundaries for proper pairs: (1236, 1555)
[M::mem_pestat] analyzing insert size distribution for orientation RR...
[M::mem_pestat] (25, 50, 75) percentile: (225, 833, 1358)
[M::mem_pestat] low and high boundaries for computing mean and std.dev: (1, 3624)
[M::mem_pestat] mean and std.dev: (795.13, 595.68)
[M::mem_pestat] low and high boundaries for proper pairs: (1, 4757)
[M::mem_pestat] skip orientation FF
[M::mem_pestat] skip orientation RF
[M::mem_pestat] skip orientation RR
[M::mem_process_seqs] Processed 3960398 reads in 960.089 CPU sec, 25.119 real sec
[M::process] read 3960398 sequences (400000198 bp)...
[M::mem_pestat] # candidate unique pairs for (FF, FR, RF, RR): (159, 1786208, 14, 26)
[M::mem_pestat] analyzing insert size distribution for orientation FF...
[M::mem_pestat] (25, 50, 75) percentile: (159, 207, 282)
[M::mem_pestat] low and high boundaries for computing mean and std.dev: (1, 528)
[M::mem_pestat] mean and std.dev: (208.80, 89.92)
[M::mem_pestat] low and high boundaries for proper pairs: (1, 651)
[M::mem_pestat] analyzing insert size distribution for orientation FR...
[M::mem_pestat] (25, 50, 75) percentile: (274, 314, 359)
[M::mem_pestat] low and high boundaries for computing mean and std.dev: (104, 529)
[M::mem_pestat] mean and std.dev: (316.25, 65.92)
[M::mem_pestat] low and high boundaries for proper pairs: (19, 614)
[M::mem_pestat] analyzing insert size distribution for orientation RF...
[M::mem_pestat] (25, 50, 75) percentile: (6298, 6390, 6410)
[M::mem_pestat] low and high boundaries for computing mean and std.dev: (6074, 6634)
[M::mem_pestat] mean and std.dev: (6358.42, 67.18)
[M::mem_pestat] low and high boundaries for proper pairs: (5962, 6746)
[M::mem_pestat] analyzing insert size distribution for orientation RR...
[M::mem_pestat] (25, 50, 75) percentile: (179, 285, 658)
[M::mem_pestat] low and high boundaries for computing mean and std.dev: (1, 1616)
[M::mem_pestat] mean and std.dev: (447.64, 404.64)
[M::mem_pestat] low and high boundaries for proper pairs: (1, 2095)
[M::mem_pestat] skip orientation FF
[M::mem_pestat] skip orientation RF
[M::mem_pestat] skip orientation RR
[M::mem_process_seqs] Processed 3960398 reads in 844.988 CPU sec, 22.213 real sec
[M::process] read 3960398 sequences (400000198 bp)...
[M::mem_pestat] # candidate unique pairs for (FF, FR, RF, RR): (189, 1814632, 2, 54)
[M::mem_pestat] analyzing insert size distribution for orientation FF...
[M::mem_pestat] (25, 50, 75) percentile: (188, 251, 370)
[M::mem_pestat] low and high boundaries for computing mean and std.dev: (1, 734)
[M::mem_pestat] mean and std.dev: (230.95, 100.83)
[M::mem_pestat] low and high boundaries for proper pairs: (1, 916)
[M::mem_pestat] analyzing insert size distribution for orientation FR...
[M::mem_pestat] (25, 50, 75) percentile: (275, 317, 361)
[M::mem_pestat] low and high boundaries for computing mean and std.dev: (103, 533)
[M::mem_pestat] mean and std.dev: (318.32, 66.52)
[M::mem_pestat] low and high boundaries for proper pairs: (17, 619)
[M::mem_pestat] skip orientation RF as there are not enough pairs
[M::mem_pestat] analyzing insert size distribution for orientation RR...
[M::mem_pestat] (25, 50, 75) percentile: (402, 949, 1317)
[M::mem_pestat] low and high boundaries for computing mean and std.dev: (1, 3147)
[M::mem_pestat] mean and std.dev: (925.58, 626.71)
[M::mem_pestat] low and high boundaries for proper pairs: (1, 4062)
[M::mem_pestat] skip orientation FF
[M::mem_pestat] skip orientation RR
[M::mem_process_seqs] Processed 3960398 reads in 941.898 CPU sec, 24.567 real sec
[M::process] read 3960398 sequences (400000198 bp)...
[M::mem_pestat] # candidate unique pairs for (FF, FR, RF, RR): (140, 1505400, 17, 36)
[M::mem_pestat] analyzing insert size distribution for orientation FF...
[M::mem_pestat] (25, 50, 75) percentile: (141, 238, 310)
[M::mem_pestat] low and high boundaries for computing mean and std.dev: (1, 648)
[M::mem_pestat] mean and std.dev: (220.29, 116.46)
[M::mem_pestat] low and high boundaries for proper pairs: (1, 817)
[M::mem_pestat] analyzing insert size distribution for orientation FR...
[M::mem_pestat] (25, 50, 75) percentile: (275, 317, 361)
[M::mem_pestat] low and high boundaries for computing mean and std.dev: (103, 533)
[M::mem_pestat] mean and std.dev: (318.52, 66.67)
[M::mem_pestat] low and high boundaries for proper pairs: (17, 619)
[M::mem_pestat] analyzing insert size distribution for orientation RF...
[M::mem_pestat] (25, 50, 75) percentile: (24, 82, 743)
[M::mem_pestat] low and high boundaries for computing mean and std.dev: (1, 2181)
[M::mem_pestat] mean and std.dev: (277.06, 430.40)
[M::mem_pestat] low and high boundaries for proper pairs: (1, 2900)
[M::mem_pestat] analyzing insert size distribution for orientation RR...
[M::mem_pestat] (25, 50, 75) percentile: (510, 958, 1233)
[M::mem_pestat] low and high boundaries for computing mean and std.dev: (1, 2679)
[M::mem_pestat] mean and std.dev: (897.97, 619.84)
[M::mem_pestat] low and high boundaries for proper pairs: (1, 3402)
[M::mem_pestat] skip orientation FF
[M::mem_pestat] skip orientation RF
[M::mem_pestat] skip orientation RR
[M::mem_process_seqs] Processed 3960398 reads in 1056.332 CPU sec, 27.706 real sec
[M::process] read 3960398 sequences (400000198 bp)...
[M::mem_pestat] # candidate unique pairs for (FF, FR, RF, RR): (171, 1797680, 2, 22)
[M::mem_pestat] analyzing insert size distribution for orientation FF...
[M::mem_pestat] (25, 50, 75) percentile: (149, 229, 298)
[M::mem_pestat] low and high boundaries for computing mean and std.dev: (1, 596)
[M::mem_pestat] mean and std.dev: (215.11, 97.27)
[M::mem_pestat] low and high boundaries for proper pairs: (1, 745)
[M::mem_pestat] analyzing insert size distribution for orientation FR...
[M::mem_pestat] (25, 50, 75) percentile: (275, 316, 360)
[M::mem_pestat] low and high boundaries for computing mean and std.dev: (105, 530)
[M::mem_pestat] mean and std.dev: (317.56, 66.21)
[M::mem_pestat] low and high boundaries for proper pairs: (20, 615)
[M::mem_pestat] skip orientation RF as there are not enough pairs
[M::mem_pestat] analyzing insert size distribution for orientation RR...
[M::mem_pestat] (25, 50, 75) percentile: (363, 954, 1584)
[M::mem_pestat] low and high boundaries for computing mean and std.dev: (1, 4026)
[M::mem_pestat] mean and std.dev: (1117.23, 902.33)
[M::mem_pestat] low and high boundaries for proper pairs: (1, 5247)
[M::mem_pestat] skip orientation FF
[M::mem_pestat] skip orientation RR
[M::mem_process_seqs] Processed 3960398 reads in 965.555 CPU sec, 25.355 real sec
[M::process] read 3960398 sequences (400000198 bp)...
[M::mem_pestat] # candidate unique pairs for (FF, FR, RF, RR): (206, 1818484, 1, 44)
[M::mem_pestat] analyzing insert size distribution for orientation FF...
[M::mem_pestat] (25, 50, 75) percentile: (178, 237, 351)
[M::mem_pestat] low and high boundaries for computing mean and std.dev: (1, 697)
[M::mem_pestat] mean and std.dev: (251.87, 133.04)
[M::mem_pestat] low and high boundaries for proper pairs: (1, 870)
[M::mem_pestat] analyzing insert size distribution for orientation FR...
[M::mem_pestat] (25, 50, 75) percentile: (274, 316, 360)
[M::mem_pestat] low and high boundaries for computing mean and std.dev: (102, 532)
[M::mem_pestat] mean and std.dev: (317.26, 66.28)
[M::mem_pestat] low and high boundaries for proper pairs: (16, 618)
[M::mem_pestat] skip orientation RF as there are not enough pairs
[M::mem_pestat] analyzing insert size distribution for orientation RR...
[M::mem_pestat] (25, 50, 75) percentile: (374, 668, 934)
[M::mem_pestat] low and high boundaries for computing mean and std.dev: (1, 2054)
[M::mem_pestat] mean and std.dev: (597.17, 336.37)
[M::mem_pestat] low and high boundaries for proper pairs: (1, 2614)
[M::mem_pestat] skip orientation FF
[M::mem_pestat] skip orientation RR
[M::mem_process_seqs] Processed 3960398 reads in 866.229 CPU sec, 22.675 real sec
[M::process] read 3960398 sequences (400000198 bp)...
[M::mem_pestat] # candidate unique pairs for (FF, FR, RF, RR): (180, 1795886, 0, 40)
[M::mem_pestat] analyzing insert size distribution for orientation FF...
[M::mem_pestat] (25, 50, 75) percentile: (151, 222, 283)
[M::mem_pestat] low and high boundaries for computing mean and std.dev: (1, 547)
[M::mem_pestat] mean and std.dev: (205.31, 87.37)
[M::mem_pestat] low and high boundaries for proper pairs: (1, 679)
[M::mem_pestat] analyzing insert size distribution for orientation FR...
[M::mem_pestat] (25, 50, 75) percentile: (274, 315, 359)
[M::mem_pestat] low and high boundaries for computing mean and std.dev: (104, 529)
[M::mem_pestat] mean and std.dev: (316.55, 66.00)
[M::mem_pestat] low and high boundaries for proper pairs: (19, 614)
[M::mem_pestat] skip orientation RF as there are not enough pairs
[M::mem_pestat] analyzing insert size distribution for orientation RR...
[M::mem_pestat] (25, 50, 75) percentile: (626, 1156, 2170)
[M::mem_pestat] low and high boundaries for computing mean and std.dev: (1, 5258)
[M::mem_pestat] mean and std.dev: (1293.37, 1077.19)
[M::mem_pestat] low and high boundaries for proper pairs: (1, 6802)
[M::mem_pestat] skip orientation FF
[M::mem_pestat] skip orientation RR
[M::mem_process_seqs] Processed 3960398 reads in 947.665 CPU sec, 24.725 real sec
[M::process] read 3960398 sequences (400000198 bp)...
[M::mem_pestat] # candidate unique pairs for (FF, FR, RF, RR): (99, 1065701, 1, 19)
[M::mem_pestat] analyzing insert size distribution for orientation FF...
[M::mem_pestat] (25, 50, 75) percentile: (171, 242, 308)
[M::mem_pestat] low and high boundaries for computing mean and std.dev: (1, 582)
[M::mem_pestat] mean and std.dev: (223.17, 92.67)
[M::mem_pestat] low and high boundaries for proper pairs: (1, 719)
[M::mem_pestat] analyzing insert size distribution for orientation FR...
[M::mem_pestat] (25, 50, 75) percentile: (274, 315, 360)
[M::mem_pestat] low and high boundaries for computing mean and std.dev: (102, 532)
[M::mem_pestat] mean and std.dev: (316.99, 66.30)
[M::mem_pestat] low and high boundaries for proper pairs: (16, 618)
[M::mem_pestat] skip orientation RF as there are not enough pairs
[M::mem_pestat] analyzing insert size distribution for orientation RR...
[M::mem_pestat] (25, 50, 75) percentile: (224, 500, 1089)
[M::mem_pestat] low and high boundaries for computing mean and std.dev: (1, 2819)
[M::mem_pestat] mean and std.dev: (638.89, 512.07)
[M::mem_pestat] low and high boundaries for proper pairs: (1, 3684)
[M::mem_pestat] skip orientation FF
[M::mem_pestat] skip orientation RR
[M::mem_process_seqs] Processed 3960398 reads in 1015.568 CPU sec, 26.464 real sec
[M::process] read 3960398 sequences (400000198 bp)...
[M::mem_pestat] # candidate unique pairs for (FF, FR, RF, RR): (124, 1269111, 64, 35)
[M::mem_pestat] analyzing insert size distribution for orientation FF...
[M::mem_pestat] (25, 50, 75) percentile: (178, 257, 316)
[M::mem_pestat] low and high boundaries for computing mean and std.dev: (1, 592)
[M::mem_pestat] mean and std.dev: (230.84, 94.63)
[M::mem_pestat] low and high boundaries for proper pairs: (1, 730)
[M::mem_pestat] analyzing insert size distribution for orientation FR...
[M::mem_pestat] (25, 50, 75) percentile: (276, 317, 361)
[M::mem_pestat] low and high boundaries for computing mean and std.dev: (106, 531)
[M::mem_pestat] mean and std.dev: (318.58, 66.42)
[M::mem_pestat] low and high boundaries for proper pairs: (21, 616)
[M::mem_pestat] analyzing insert size distribution for orientation RF...
[M::mem_pestat] (25, 50, 75) percentile: (265, 356, 429)
[M::mem_pestat] low and high boundaries for computing mean and std.dev: (1, 757)
[M::mem_pestat] mean and std.dev: (331.56, 108.96)
[M::mem_pestat] low and high boundaries for proper pairs: (1, 921)
[M::mem_pestat] analyzing insert size distribution for orientation RR...
[M::mem_pestat] (25, 50, 75) percentile: (724, 1155, 1327)
[M::mem_pestat] low and high boundaries for computing mean and std.dev: (1, 2533)
[M::mem_pestat] mean and std.dev: (1008.12, 480.11)
[M::mem_pestat] low and high boundaries for proper pairs: (1, 3136)
[M::mem_pestat] skip orientation FF
[M::mem_pestat] skip orientation RF
[M::mem_pestat] skip orientation RR
[M::mem_process_seqs] Processed 3960398 reads in 1097.247 CPU sec, 28.532 real sec
[M::process] read 3960398 sequences (400000198 bp)...
[M::mem_pestat] # candidate unique pairs for (FF, FR, RF, RR): (144, 1808373, 7, 24)
[M::mem_pestat] analyzing insert size distribution for orientation FF...
[M::mem_pestat] (25, 50, 75) percentile: (181, 228, 305)
[M::mem_pestat] low and high boundaries for computing mean and std.dev: (1, 553)
[M::mem_pestat] mean and std.dev: (223.38, 95.13)
[M::mem_pestat] low and high boundaries for proper pairs: (1, 677)
[M::mem_pestat] analyzing insert size distribution for orientation FR...
[M::mem_pestat] (25, 50, 75) percentile: (275, 317, 361)
[M::mem_pestat] low and high boundaries for computing mean and std.dev: (103, 533)
[M::mem_pestat] mean and std.dev: (318.33, 66.59)
[M::mem_pestat] low and high boundaries for proper pairs: (17, 619)
[M::mem_pestat] skip orientation RF as there are not enough pairs
[M::mem_pestat] analyzing insert size distribution for orientation RR...
[M::mem_pestat] (25, 50, 75) percentile: (558, 927, 1458)
[M::mem_pestat] low and high boundaries for computing mean and std.dev: (1, 3258)
[M::mem_pestat] mean and std.dev: (905.41, 613.13)
[M::mem_pestat] low and high boundaries for proper pairs: (1, 4158)
[M::mem_pestat] skip orientation FF
[M::mem_pestat] skip orientation RR
[M::mem_process_seqs] Processed 3960398 reads in 940.787 CPU sec, 24.637 real sec
[M::process] read 3960398 sequences (400000198 bp)...
[M::mem_pestat] # candidate unique pairs for (FF, FR, RF, RR): (191, 1787717, 0, 23)
[M::mem_pestat] analyzing insert size distribution for orientation FF...
[M::mem_pestat] (25, 50, 75) percentile: (163, 227, 289)
[M::mem_pestat] low and high boundaries for computing mean and std.dev: (1, 541)
[M::mem_pestat] mean and std.dev: (218.50, 87.29)
[M::mem_pestat] low and high boundaries for proper pairs: (1, 667)
[M::mem_pestat] analyzing insert size distribution for orientation FR...
[M::mem_pestat] (25, 50, 75) percentile: (274, 315, 359)
[M::mem_pestat] low and high boundaries for computing mean and std.dev: (104, 529)
[M::mem_pestat] mean and std.dev: (316.45, 66.01)
[M::mem_pestat] low and high boundaries for proper pairs: (19, 614)
[M::mem_pestat] skip orientation RF as there are not enough pairs
[M::mem_pestat] analyzing insert size distribution for orientation RR...
[M::mem_pestat] (25, 50, 75) percentile: (232, 279, 790)
[M::mem_pestat] low and high boundaries for computing mean and std.dev: (1, 1906)
[M::mem_pestat] mean and std.dev: (325.75, 246.30)
[M::mem_pestat] low and high boundaries for proper pairs: (1, 2464)
[M::mem_pestat] skip orientation FF
[M::mem_pestat] skip orientation RR
[M::mem_process_seqs] Processed 3960398 reads in 888.700 CPU sec, 23.381 real sec
[M::process] read 3960398 sequences (400000198 bp)...
[M::process] read 3960398 sequences (400000198 bp)...
[M::mem_pestat] # candidate unique pairs for (FF, FR, RF, RR): (98, 1053647, 26, 15)
[M::mem_pestat] analyzing insert size distribution for orientation FF...
[M::mem_pestat] (25, 50, 75) percentile: (169, 229, 277)
[M::mem_pestat] low and high boundaries for computing mean and std.dev: (1, 493)
[M::mem_pestat] mean and std.dev: (215.73, 81.44)
[M::mem_pestat] low and high boundaries for proper pairs: (1, 601)
[M::mem_pestat] analyzing insert size distribution for orientation FR...
[M::mem_pestat] (25, 50, 75) percentile: (273, 315, 359)
[M::mem_pestat] low and high boundaries for computing mean and std.dev: (101, 531)
[M::mem_pestat] mean and std.dev: (316.17, 66.15)
[M::mem_pestat] low and high boundaries for proper pairs: (15, 617)
[M::mem_pestat] analyzing insert size distribution for orientation RF...
[M::mem_pestat] (25, 50, 75) percentile: (3697, 3765, 3794)
[M::mem_pestat] low and high boundaries for computing mean and std.dev: (3503, 3988)
[M::mem_pestat] mean and std.dev: (3751.79, 59.43)
[M::mem_pestat] low and high boundaries for proper pairs: (3406, 4085)
[M::mem_pestat] analyzing insert size distribution for orientation RR...
[M::mem_pestat] (25, 50, 75) percentile: (277, 359, 769)
[M::mem_pestat] low and high boundaries for computing mean and std.dev: (1, 1753)
[M::mem_pestat] mean and std.dev: (436.77, 329.23)
[M::mem_pestat] low and high boundaries for proper pairs: (1, 2245)
[M::mem_pestat] skip orientation FF
[M::mem_pestat] skip orientation RF
[M::mem_pestat] skip orientation RR
[M::mem_process_seqs] Processed 3960398 reads in 2645.768 CPU sec, 67.002 real sec
[M::mem_pestat] # candidate unique pairs for (FF, FR, RF, RR): (149, 1480405, 15, 27)
[M::mem_pestat] analyzing insert size distribution for orientation FF...
[M::mem_pestat] (25, 50, 75) percentile: (153, 214, 289)
[M::mem_pestat] low and high boundaries for computing mean and std.dev: (1, 561)
[M::mem_pestat] mean and std.dev: (216.38, 100.27)
[M::mem_pestat] low and high boundaries for proper pairs: (1, 697)
[M::mem_pestat] analyzing insert size distribution for orientation FR...
[M::mem_pestat] (25, 50, 75) percentile: (273, 314, 358)
[M::mem_pestat] low and high boundaries for computing mean and std.dev: (103, 528)
[M::mem_pestat] mean and std.dev: (315.57, 65.89)
[M::mem_pestat] low and high boundaries for proper pairs: (18, 613)
[M::mem_pestat] analyzing insert size distribution for orientation RF...
[M::mem_pestat] (25, 50, 75) percentile: (32, 96, 1226)
[M::mem_pestat] low and high boundaries for computing mean and std.dev: (1, 3614)
[M::mem_pestat] mean and std.dev: (410.21, 607.99)
[M::mem_pestat] low and high boundaries for proper pairs: (1, 4808)
[M::mem_pestat] analyzing insert size distribution for orientation RR...
[M::mem_pestat] (25, 50, 75) percentile: (216, 348, 1485)
[M::mem_pestat] low and high boundaries for computing mean and std.dev: (1, 4023)
[M::mem_pestat] mean and std.dev: (754.32, 919.31)
[M::mem_pestat] low and high boundaries for proper pairs: (1, 5292)
[M::mem_pestat] skip orientation FF
[M::mem_pestat] skip orientation RF
[M::mem_pestat] skip orientation RR
[M::process] read 3960398 sequences (400000198 bp)...
[M::mem_process_seqs] Processed 3960398 reads in 2335.853 CPU sec, 59.228 real sec
[M::mem_pestat] # candidate unique pairs for (FF, FR, RF, RR): (185, 1734077, 1, 32)
[M::mem_pestat] analyzing insert size distribution for orientation FF...
[M::mem_pestat] (25, 50, 75) percentile: (158, 216, 292)
[M::mem_pestat] low and high boundaries for computing mean and std.dev: (1, 560)
[M::mem_pestat] mean and std.dev: (211.42, 92.02)
[M::mem_pestat] low and high boundaries for proper pairs: (1, 694)
[M::mem_pestat] analyzing insert size distribution for orientation FR...
[M::mem_pestat] (25, 50, 75) percentile: (273, 314, 358)
[M::mem_pestat] low and high boundaries for computing mean and std.dev: (103, 528)
[M::mem_pestat] mean and std.dev: (316.03, 65.90)
[M::mem_pestat] low and high boundaries for proper pairs: (18, 613)
[M::mem_pestat] skip orientation RF as there are not enough pairs
[M::mem_pestat] analyzing insert size distribution for orientation RR...
[M::mem_pestat] (25, 50, 75) percentile: (197, 337, 975)
[M::mem_pestat] low and high boundaries for computing mean and std.dev: (1, 2531)
[M::mem_pestat] mean and std.dev: (534.77, 540.68)
[M::mem_pestat] low and high boundaries for proper pairs: (1, 3309)
[M::mem_pestat] skip orientation FF
[M::mem_pestat] skip orientation RR
[M::mem_process_seqs] Processed 3960398 reads in 1032.435 CPU sec, 26.788 real sec
[M::process] read 3960398 sequences (400000198 bp)...
[M::mem_pestat] # candidate unique pairs for (FF, FR, RF, RR): (198, 1723362, 0, 45)
[M::mem_pestat] analyzing insert size distribution for orientation FF...
[M::mem_pestat] (25, 50, 75) percentile: (158, 232, 315)
[M::mem_pestat] low and high boundaries for computing mean and std.dev: (1, 629)
[M::mem_pestat] mean and std.dev: (211.32, 94.53)
[M::mem_pestat] low and high boundaries for proper pairs: (1, 786)
[M::mem_pestat] analyzing insert size distribution for orientation FR...
[M::mem_pestat] (25, 50, 75) percentile: (273, 314, 358)
[M::mem_pestat] low and high boundaries for computing mean and std.dev: (103, 528)
[M::mem_pestat] mean and std.dev: (315.92, 65.90)
[M::mem_pestat] low and high boundaries for proper pairs: (18, 613)
[M::mem_pestat] skip orientation RF as there are not enough pairs
[M::mem_pestat] analyzing insert size distribution for orientation RR...
[M::mem_pestat] (25, 50, 75) percentile: (197, 932, 1834)
[M::mem_pestat] low and high boundaries for computing mean and std.dev: (1, 5108)
[M::mem_pestat] mean and std.dev: (965.71, 784.24)
[M::mem_pestat] low and high boundaries for proper pairs: (1, 6745)
[M::mem_pestat] skip orientation FF
[M::mem_pestat] skip orientation RR
[M::process] read 3960398 sequences (400000198 bp)...
[M::mem_process_seqs] Processed 3960398 reads in 1215.912 CPU sec, 30.974 real sec
[M::mem_pestat] # candidate unique pairs for (FF, FR, RF, RR): (180, 1727190, 2, 25)
[M::mem_pestat] analyzing insert size distribution for orientation FF...
[M::mem_pestat] (25, 50, 75) percentile: (165, 222, 275)
[M::mem_pestat] low and high boundaries for computing mean and std.dev: (1, 495)
[M::mem_pestat] mean and std.dev: (217.15, 80.02)
[M::mem_pestat] low and high boundaries for proper pairs: (1, 605)
[M::mem_pestat] analyzing insert size distribution for orientation FR...
[M::mem_pestat] (25, 50, 75) percentile: (274, 315, 359)
[M::mem_pestat] low and high boundaries for computing mean and std.dev: (104, 529)
[M::mem_pestat] mean and std.dev: (316.50, 66.06)
[M::mem_pestat] low and high boundaries for proper pairs: (19, 614)
[M::mem_pestat] skip orientation RF as there are not enough pairs
[M::mem_pestat] analyzing insert size distribution for orientation RR...
[M::mem_pestat] (25, 50, 75) percentile: (229, 597, 1373)
[M::mem_pestat] low and high boundaries for computing mean and std.dev: (1, 3661)
[M::mem_pestat] mean and std.dev: (671.90, 628.59)
[M::mem_pestat] low and high boundaries for proper pairs: (1, 4805)
[M::mem_pestat] skip orientation FF
[M::mem_pestat] skip orientation RR
[M::mem_process_seqs] Processed 3960398 reads in 1171.541 CPU sec, 30.430 real sec
[M::process] read 3960398 sequences (400000198 bp)...
[M::mem_pestat] # candidate unique pairs for (FF, FR, RF, RR): (229, 1830231, 0, 63)
[M::mem_pestat] analyzing insert size distribution for orientation FF...
[M::mem_pestat] (25, 50, 75) percentile: (170, 231, 287)
[M::mem_pestat] low and high boundaries for computing mean and std.dev: (1, 521)
[M::mem_pestat] mean and std.dev: (226.24, 94.14)
[M::mem_pestat] low and high boundaries for proper pairs: (1, 638)
[M::mem_pestat] analyzing insert size distribution for orientation FR...
[M::mem_pestat] (25, 50, 75) percentile: (273, 314, 358)
[M::mem_pestat] low and high boundaries for computing mean and std.dev: (103, 528)
[M::mem_pestat] mean and std.dev: (315.97, 65.84)
[M::mem_pestat] low and high boundaries for proper pairs: (18, 613)
[M::mem_pestat] skip orientation RF as there are not enough pairs
[M::mem_pestat] analyzing insert size distribution for orientation RR...
[M::mem_pestat] (25, 50, 75) percentile: (205, 330, 459)
[M::mem_pestat] low and high boundaries for computing mean and std.dev: (1, 967)
[M::mem_pestat] mean and std.dev: (297.37, 162.58)
[M::mem_pestat] low and high boundaries for proper pairs: (1, 1221)
[M::mem_pestat] skip orientation FF
[M::mem_pestat] skip orientation RR
[M::mem_process_seqs] Processed 3960398 reads in 927.928 CPU sec, 24.201 real sec
[M::process] read 3960398 sequences (400000198 bp)...
[M::mem_pestat] # candidate unique pairs for (FF, FR, RF, RR): (188, 1812913, 0, 21)
[M::mem_pestat] analyzing insert size distribution for orientation FF...
[M::mem_pestat] (25, 50, 75) percentile: (155, 228, 284)
[M::mem_pestat] low and high boundaries for computing mean and std.dev: (1, 542)
[M::mem_pestat] mean and std.dev: (215.55, 92.22)
[M::mem_pestat] low and high boundaries for proper pairs: (1, 671)
[M::mem_pestat] analyzing insert size distribution for orientation FR...
[M::mem_pestat] (25, 50, 75) percentile: (273, 314, 358)
[M::mem_pestat] low and high boundaries for computing mean and std.dev: (103, 528)
[M::mem_pestat] mean and std.dev: (315.91, 65.88)
[M::mem_pestat] low and high boundaries for proper pairs: (18, 613)
[M::mem_pestat] skip orientation RF as there are not enough pairs
[M::mem_pestat] analyzing insert size distribution for orientation RR...
[M::mem_pestat] (25, 50, 75) percentile: (228, 329, 1688)
[M::mem_pestat] low and high boundaries for computing mean and std.dev: (1, 4608)
[M::mem_pestat] mean and std.dev: (650.33, 897.47)
[M::mem_pestat] low and high boundaries for proper pairs: (1, 6068)
[M::mem_pestat] skip orientation FF
[M::mem_pestat] skip orientation RR
[M::mem_process_seqs] Processed 3960398 reads in 952.533 CPU sec, 25.030 real sec
[M::process] read 3960398 sequences (400000198 bp)...
[M::mem_pestat] # candidate unique pairs for (FF, FR, RF, RR): (187, 1779115, 0, 23)
[M::mem_pestat] analyzing insert size distribution for orientation FF...
[M::mem_pestat] (25, 50, 75) percentile: (175, 220, 307)
[M::mem_pestat] low and high boundaries for computing mean and std.dev: (1, 571)
[M::mem_pestat] mean and std.dev: (218.21, 92.87)
[M::mem_pestat] low and high boundaries for proper pairs: (1, 703)
[M::mem_pestat] analyzing insert size distribution for orientation FR...
[M::mem_pestat] (25, 50, 75) percentile: (274, 315, 359)
[M::mem_pestat] low and high boundaries for computing mean and std.dev: (104, 529)
[M::mem_pestat] mean and std.dev: (316.78, 66.11)
[M::mem_pestat] low and high boundaries for proper pairs: (19, 614)
[M::mem_pestat] skip orientation RF as there are not enough pairs
[M::mem_pestat] analyzing insert size distribution for orientation RR...
[M::mem_pestat] (25, 50, 75) percentile: (769, 1143, 2123)
[M::mem_pestat] low and high boundaries for computing mean and std.dev: (1, 4831)
[M::mem_pestat] mean and std.dev: (1440.45, 1123.98)
[M::mem_pestat] low and high boundaries for proper pairs: (1, 6185)
[M::mem_pestat] skip orientation FF
[M::mem_pestat] skip orientation RR
[M::mem_process_seqs] Processed 3960398 reads in 1022.957 CPU sec, 26.721 real sec
[M::process] read 3960398 sequences (400000198 bp)...
[M::mem_pestat] # candidate unique pairs for (FF, FR, RF, RR): (189, 1785642, 1, 31)
[M::mem_pestat] analyzing insert size distribution for orientation FF...
[M::mem_pestat] (25, 50, 75) percentile: (143, 224, 282)
[M::mem_pestat] low and high boundaries for computing mean and std.dev: (1, 560)
[M::mem_pestat] mean and std.dev: (215.11, 93.97)
[M::mem_pestat] low and high boundaries for proper pairs: (1, 699)
[M::mem_pestat] analyzing insert size distribution for orientation FR...
[M::mem_pestat] (25, 50, 75) percentile: (274, 315, 359)
[M::mem_pestat] low and high boundaries for computing mean and std.dev: (104, 529)
[M::mem_pestat] mean and std.dev: (316.37, 65.89)
[M::mem_pestat] low and high boundaries for proper pairs: (19, 614)
[M::mem_pestat] skip orientation RF as there are not enough pairs
[M::mem_pestat] analyzing insert size distribution for orientation RR...
[M::mem_pestat] (25, 50, 75) percentile: (215, 327, 1169)
[M::mem_pestat] low and high boundaries for computing mean and std.dev: (1, 3077)
[M::mem_pestat] mean and std.dev: (656.21, 719.90)
[M::mem_pestat] low and high boundaries for proper pairs: (1, 4031)
[M::mem_pestat] skip orientation FF
[M::mem_pestat] skip orientation RR
[M::mem_process_seqs] Processed 3960398 reads in 1087.341 CPU sec, 27.681 real sec
[M::process] read 3960398 sequences (400000198 bp)...
[M::mem_pestat] # candidate unique pairs for (FF, FR, RF, RR): (179, 1807537, 12, 38)
[M::mem_pestat] analyzing insert size distribution for orientation FF...
[M::mem_pestat] (25, 50, 75) percentile: (172, 232, 301)
[M::mem_pestat] low and high boundaries for computing mean and std.dev: (1, 559)
[M::mem_pestat] mean and std.dev: (219.87, 88.22)
[M::mem_pestat] low and high boundaries for proper pairs: (1, 688)
[M::mem_pestat] analyzing insert size distribution for orientation FR...
[M::mem_pestat] (25, 50, 75) percentile: (273, 314, 358)
[M::mem_pestat] low and high boundaries for computing mean and std.dev: (103, 528)
[M::mem_pestat] mean and std.dev: (315.87, 65.87)
[M::mem_pestat] low and high boundaries for proper pairs: (18, 613)
[M::mem_pestat] analyzing insert size distribution for orientation RF...
[M::mem_pestat] (25, 50, 75) percentile: (10, 35, 109)
[M::mem_pestat] low and high boundaries for computing mean and std.dev: (1, 307)
[M::mem_pestat] mean and std.dev: (38.91, 38.57)
[M::mem_pestat] low and high boundaries for proper pairs: (1, 406)
[M::mem_pestat] analyzing insert size distribution for orientation RR...
[M::mem_pestat] (25, 50, 75) percentile: (216, 386, 1558)
[M::mem_pestat] low and high boundaries for computing mean and std.dev: (1, 4242)
[M::mem_pestat] mean and std.dev: (860.39, 787.12)
[M::mem_pestat] low and high boundaries for proper pairs: (1, 5584)
[M::mem_pestat] skip orientation FF
[M::mem_pestat] skip orientation RF
[M::mem_pestat] skip orientation RR
[M::mem_process_seqs] Processed 3960398 reads in 922.611 CPU sec, 24.132 real sec
[M::process] read 3960398 sequences (400000198 bp)...
[M::mem_pestat] # candidate unique pairs for (FF, FR, RF, RR): (193, 1584098, 0, 51)
[M::mem_pestat] analyzing insert size distribution for orientation FF...
[M::mem_pestat] (25, 50, 75) percentile: (183, 227, 282)
[M::mem_pestat] low and high boundaries for computing mean and std.dev: (1, 480)
[M::mem_pestat] mean and std.dev: (219.68, 82.61)
[M::mem_pestat] low and high boundaries for proper pairs: (1, 579)
[M::mem_pestat] analyzing insert size distribution for orientation FR...
[M::mem_pestat] (25, 50, 75) percentile: (274, 315, 359)
[M::mem_pestat] low and high boundaries for computing mean and std.dev: (104, 529)
[M::mem_pestat] mean and std.dev: (316.33, 65.97)
[M::mem_pestat] low and high boundaries for proper pairs: (19, 614)
[M::mem_pestat] skip orientation RF as there are not enough pairs
[M::mem_pestat] analyzing insert size distribution for orientation RR...
[M::mem_pestat] (25, 50, 75) percentile: (181, 229, 342)
[M::mem_pestat] low and high boundaries for computing mean and std.dev: (1, 664)
[M::mem_pestat] mean and std.dev: (222.12, 115.10)
[M::mem_pestat] low and high boundaries for proper pairs: (1, 825)
[M::mem_pestat] skip orientation FF
[M::mem_pestat] skip orientation RR
[M::mem_process_seqs] Processed 3960398 reads in 794.530 CPU sec, 20.937 real sec
[M::process] read 3960398 sequences (400000198 bp)...
[M::mem_pestat] # candidate unique pairs for (FF, FR, RF, RR): (186, 1823062, 1, 32)
[M::mem_pestat] analyzing insert size distribution for orientation FF...
[M::mem_pestat] (25, 50, 75) percentile: (156, 204, 281)
[M::mem_pestat] low and high boundaries for computing mean and std.dev: (1, 531)
[M::mem_pestat] mean and std.dev: (214.09, 99.71)
[M::mem_pestat] low and high boundaries for proper pairs: (1, 656)
[M::mem_pestat] analyzing insert size distribution for orientation FR...
[M::mem_pestat] (25, 50, 75) percentile: (274, 315, 359)
[M::mem_pestat] low and high boundaries for computing mean and std.dev: (104, 529)
[M::mem_pestat] mean and std.dev: (316.73, 66.02)
[M::mem_pestat] low and high boundaries for proper pairs: (19, 614)
[M::mem_pestat] skip orientation RF as there are not enough pairs
[M::mem_pestat] analyzing insert size distribution for orientation RR...
[M::mem_pestat] (25, 50, 75) percentile: (503, 934, 1662)
[M::mem_pestat] low and high boundaries for computing mean and std.dev: (1, 3980)
[M::mem_pestat] mean and std.dev: (1065.00, 799.82)
[M::mem_pestat] low and high boundaries for proper pairs: (1, 5139)
[M::mem_pestat] skip orientation FF
[M::mem_pestat] skip orientation RR
[M::mem_process_seqs] Processed 3960398 reads in 874.202 CPU sec, 22.965 real sec
[M::process] read 3960398 sequences (400000198 bp)...
[M::mem_pestat] # candidate unique pairs for (FF, FR, RF, RR): (181, 1831420, 1, 22)
[M::mem_pestat] analyzing insert size distribution for orientation FF...
[M::mem_pestat] (25, 50, 75) percentile: (147, 222, 269)
[M::mem_pestat] low and high boundaries for computing mean and std.dev: (1, 513)
[M::mem_pestat] mean and std.dev: (205.71, 93.46)
[M::mem_pestat] low and high boundaries for proper pairs: (1, 635)
[M::mem_pestat] analyzing insert size distribution for orientation FR...
[M::mem_pestat] (25, 50, 75) percentile: (274, 315, 359)
[M::mem_pestat] low and high boundaries for computing mean and std.dev: (104, 529)
[M::mem_pestat] mean and std.dev: (316.28, 65.90)
[M::mem_pestat] low and high boundaries for proper pairs: (19, 614)
[M::mem_pestat] skip orientation RF as there are not enough pairs
[M::mem_pestat] analyzing insert size distribution for orientation RR...
[M::mem_pestat] (25, 50, 75) percentile: (256, 867, 2465)
[M::mem_pestat] low and high boundaries for computing mean and std.dev: (1, 6883)
[M::mem_pestat] mean and std.dev: (1234.55, 1356.30)
[M::mem_pestat] low and high boundaries for proper pairs: (1, 9092)
[M::mem_pestat] skip orientation FF
[M::mem_pestat] skip orientation RR
[M::mem_process_seqs] Processed 3960398 reads in 823.856 CPU sec, 21.754 real sec
[M::process] read 3960398 sequences (400000198 bp)...
[M::mem_pestat] # candidate unique pairs for (FF, FR, RF, RR): (179, 1798174, 5, 44)
[M::mem_pestat] analyzing insert size distribution for orientation FF...
[M::mem_pestat] (25, 50, 75) percentile: (179, 239, 305)
[M::mem_pestat] low and high boundaries for computing mean and std.dev: (1, 557)
[M::mem_pestat] mean and std.dev: (225.60, 84.83)
[M::mem_pestat] low and high boundaries for proper pairs: (1, 683)
[M::mem_pestat] analyzing insert size distribution for orientation FR...
[M::mem_pestat] (25, 50, 75) percentile: (274, 315, 359)
[M::mem_pestat] low and high boundaries for computing mean and std.dev: (104, 529)
[M::mem_pestat] mean and std.dev: (316.89, 66.13)
[M::mem_pestat] low and high boundaries for proper pairs: (19, 614)
[M::mem_pestat] skip orientation RF as there are not enough pairs
[M::mem_pestat] analyzing insert size distribution for orientation RR...
[M::mem_pestat] (25, 50, 75) percentile: (385, 1066, 2385)
[M::mem_pestat] low and high boundaries for computing mean and std.dev: (1, 6385)
[M::mem_pestat] mean and std.dev: (1432.79, 1442.35)
[M::mem_pestat] low and high boundaries for proper pairs: (1, 8385)
[M::mem_pestat] skip orientation FF
[M::mem_pestat] skip orientation RR
[M::mem_process_seqs] Processed 3960398 reads in 891.464 CPU sec, 23.521 real sec
[M::process] read 3960398 sequences (400000198 bp)...
[M::mem_pestat] # candidate unique pairs for (FF, FR, RF, RR): (193, 1776763, 13, 42)
[M::mem_pestat] analyzing insert size distribution for orientation FF...
[M::mem_pestat] (25, 50, 75) percentile: (162, 241, 299)
[M::mem_pestat] low and high boundaries for computing mean and std.dev: (1, 573)
[M::mem_pestat] mean and std.dev: (217.89, 89.51)
[M::mem_pestat] low and high boundaries for proper pairs: (1, 710)
[M::mem_pestat] analyzing insert size distribution for orientation FR...
[M::mem_pestat] (25, 50, 75) percentile: (274, 316, 360)
[M::mem_pestat] low and high boundaries for computing mean and std.dev: (102, 532)
[M::mem_pestat] mean and std.dev: (317.24, 66.28)
[M::mem_pestat] low and high boundaries for proper pairs: (16, 618)
[M::mem_pestat] analyzing insert size distribution for orientation RF...
[M::mem_pestat] (25, 50, 75) percentile: (67, 221, 2182)
[M::mem_pestat] low and high boundaries for computing mean and std.dev: (1, 6412)
[M::mem_pestat] mean and std.dev: (950.31, 992.69)
[M::mem_pestat] low and high boundaries for proper pairs: (1, 8527)
[M::mem_pestat] analyzing insert size distribution for orientation RR...
[M::mem_pestat] (25, 50, 75) percentile: (310, 721, 1339)
[M::mem_pestat] low and high boundaries for computing mean and std.dev: (1, 3397)
[M::mem_pestat] mean and std.dev: (905.44, 786.75)
[M::mem_pestat] low and high boundaries for proper pairs: (1, 4426)
[M::mem_pestat] skip orientation FF
[M::mem_pestat] skip orientation RF
[M::mem_pestat] skip orientation RR
[M::mem_process_seqs] Processed 3960398 reads in 1012.603 CPU sec, 26.450 real sec
[M::process] read 3960398 sequences (400000198 bp)...
[M::mem_pestat] # candidate unique pairs for (FF, FR, RF, RR): (154, 1789808, 84, 17)
[M::mem_pestat] analyzing insert size distribution for orientation FF...
[M::mem_pestat] (25, 50, 75) percentile: (156, 226, 281)
[M::mem_pestat] low and high boundaries for computing mean and std.dev: (1, 531)
[M::mem_pestat] mean and std.dev: (218.13, 90.24)
[M::mem_pestat] low and high boundaries for proper pairs: (1, 656)
[M::mem_pestat] analyzing insert size distribution for orientation FR...
[M::mem_pestat] (25, 50, 75) percentile: (274, 316, 360)
[M::mem_pestat] low and high boundaries for computing mean and std.dev: (102, 532)
[M::mem_pestat] mean and std.dev: (317.40, 66.37)
[M::mem_pestat] low and high boundaries for proper pairs: (16, 618)
[M::mem_pestat] analyzing insert size distribution for orientation RF...
[M::mem_pestat] (25, 50, 75) percentile: (57, 127, 166)
[M::mem_pestat] low and high boundaries for computing mean and std.dev: (1, 384)
[M::mem_pestat] mean and std.dev: (113.48, 65.87)
[M::mem_pestat] low and high boundaries for proper pairs: (1, 493)
[M::mem_pestat] analyzing insert size distribution for orientation RR...
[M::mem_pestat] (25, 50, 75) percentile: (194, 917, 2059)
[M::mem_pestat] low and high boundaries for computing mean and std.dev: (1, 5789)
[M::mem_pestat] mean and std.dev: (1086.00, 1061.67)
[M::mem_pestat] low and high boundaries for proper pairs: (1, 7654)
[M::mem_pestat] skip orientation FF
[M::mem_pestat] skip orientation RF
[M::mem_pestat] skip orientation RR
[M::mem_process_seqs] Processed 3960398 reads in 878.487 CPU sec, 23.073 real sec
[M::process] read 3960398 sequences (400000198 bp)...
[M::mem_pestat] # candidate unique pairs for (FF, FR, RF, RR): (147, 1515638, 85, 48)
[M::mem_pestat] analyzing insert size distribution for orientation FF...
[M::mem_pestat] (25, 50, 75) percentile: (160, 239, 327)
[M::mem_pestat] low and high boundaries for computing mean and std.dev: (1, 661)
[M::mem_pestat] mean and std.dev: (220.74, 101.23)
[M::mem_pestat] low and high boundaries for proper pairs: (1, 828)
[M::mem_pestat] analyzing insert size distribution for orientation FR...
[M::mem_pestat] (25, 50, 75) percentile: (276, 318, 362)
[M::mem_pestat] low and high boundaries for computing mean and std.dev: (104, 534)
[M::mem_pestat] mean and std.dev: (319.17, 66.80)
[M::mem_pestat] low and high boundaries for proper pairs: (18, 620)
[M::mem_pestat] analyzing insert size distribution for orientation RF...
[M::mem_pestat] (25, 50, 75) percentile: (35, 100, 174)
[M::mem_pestat] low and high boundaries for computing mean and std.dev: (1, 452)
[M::mem_pestat] mean and std.dev: (103.51, 96.84)
[M::mem_pestat] low and high boundaries for proper pairs: (1, 591)
[M::mem_pestat] analyzing insert size distribution for orientation RR...
[M::mem_pestat] (25, 50, 75) percentile: (249, 834, 1386)
[M::mem_pestat] low and high boundaries for computing mean and std.dev: (1, 3660)
[M::mem_pestat] mean and std.dev: (938.36, 803.02)
[M::mem_pestat] low and high boundaries for proper pairs: (1, 4797)
[M::mem_pestat] skip orientation FF
[M::mem_pestat] skip orientation RF
[M::mem_pestat] skip orientation RR
[M::mem_process_seqs] Processed 3960398 reads in 1131.909 CPU sec, 28.875 real sec
[M::process] read 3960398 sequences (400000198 bp)...
[M::mem_pestat] # candidate unique pairs for (FF, FR, RF, RR): (159, 1702169, 23, 30)
[M::mem_pestat] analyzing insert size distribution for orientation FF...
[M::mem_pestat] (25, 50, 75) percentile: (167, 217, 291)
[M::mem_pestat] low and high boundaries for computing mean and std.dev: (1, 539)
[M::mem_pestat] mean and std.dev: (209.15, 90.74)
[M::mem_pestat] low and high boundaries for proper pairs: (1, 663)
[M::mem_pestat] analyzing insert size distribution for orientation FR...
[M::mem_pestat] (25, 50, 75) percentile: (274, 315, 359)
[M::mem_pestat] low and high boundaries for computing mean and std.dev: (104, 529)
[M::mem_pestat] mean and std.dev: (316.33, 65.99)
[M::mem_pestat] low and high boundaries for proper pairs: (19, 614)
[M::mem_pestat] analyzing insert size distribution for orientation RF...
[M::mem_pestat] (25, 50, 75) percentile: (13, 20, 44)
[M::mem_pestat] low and high boundaries for computing mean and std.dev: (1, 106)
[M::mem_pestat] mean and std.dev: (26.95, 21.78)
[M::mem_pestat] low and high boundaries for proper pairs: (1, 137)
[M::mem_pestat] analyzing insert size distribution for orientation RR...
[M::mem_pestat] (25, 50, 75) percentile: (243, 1070, 1606)
[M::mem_pestat] low and high boundaries for computing mean and std.dev: (1, 4332)
[M::mem_pestat] mean and std.dev: (1087.20, 906.32)
[M::mem_pestat] low and high boundaries for proper pairs: (1, 5695)
[M::mem_pestat] skip orientation FF
[M::mem_pestat] skip orientation RF
[M::mem_pestat] skip orientation RR
[M::mem_process_seqs] Processed 3960398 reads in 1017.981 CPU sec, 26.549 real sec
[M::process] read 3960398 sequences (400000198 bp)...
[M::mem_pestat] # candidate unique pairs for (FF, FR, RF, RR): (175, 1830251, 2, 20)
[M::mem_pestat] analyzing insert size distribution for orientation FF...
[M::mem_pestat] (25, 50, 75) percentile: (154, 206, 253)
[M::mem_pestat] low and high boundaries for computing mean and std.dev: (1, 451)
[M::mem_pestat] mean and std.dev: (201.38, 78.83)
[M::mem_pestat] low and high boundaries for proper pairs: (1, 550)
[M::mem_pestat] analyzing insert size distribution for orientation FR...
[M::mem_pestat] (25, 50, 75) percentile: (273, 314, 358)
[M::mem_pestat] low and high boundaries for computing mean and std.dev: (103, 528)
[M::mem_pestat] mean and std.dev: (315.87, 65.86)
[M::mem_pestat] low and high boundaries for proper pairs: (18, 613)
[M::mem_pestat] skip orientation RF as there are not enough pairs
[M::mem_pestat] analyzing insert size distribution for orientation RR...
[M::mem_pestat] (25, 50, 75) percentile: (204, 880, 1674)
[M::mem_pestat] low and high boundaries for computing mean and std.dev: (1, 4614)
[M::mem_pestat] mean and std.dev: (953.84, 1010.79)
[M::mem_pestat] low and high boundaries for proper pairs: (1, 6084)
[M::mem_pestat] skip orientation FF
[M::mem_pestat] skip orientation RR
[M::mem_process_seqs] Processed 3960398 reads in 907.628 CPU sec, 23.813 real sec
[M::process] read 3960398 sequences (400000198 bp)...
[M::mem_pestat] # candidate unique pairs for (FF, FR, RF, RR): (166, 1788321, 0, 34)
[M::mem_pestat] analyzing insert size distribution for orientation FF...
[M::mem_pestat] (25, 50, 75) percentile: (161, 217, 287)
[M::mem_pestat] low and high boundaries for computing mean and std.dev: (1, 539)
[M::mem_pestat] mean and std.dev: (205.10, 81.95)
[M::mem_pestat] low and high boundaries for proper pairs: (1, 665)
[M::mem_pestat] analyzing insert size distribution for orientation FR...
[M::mem_pestat] (25, 50, 75) percentile: (274, 315, 359)
[M::mem_pestat] low and high boundaries for computing mean and std.dev: (104, 529)
[M::mem_pestat] mean and std.dev: (316.92, 66.10)
[M::mem_pestat] low and high boundaries for proper pairs: (19, 614)
[M::mem_pestat] skip orientation RF as there are not enough pairs
[M::mem_pestat] analyzing insert size distribution for orientation RR...
[M::mem_pestat] (25, 50, 75) percentile: (186, 501, 1759)
[M::mem_pestat] low and high boundaries for computing mean and std.dev: (1, 4905)
[M::mem_pestat] mean and std.dev: (937.62, 916.84)
[M::mem_pestat] low and high boundaries for proper pairs: (1, 6478)
[M::mem_pestat] skip orientation FF
[M::mem_pestat] skip orientation RR
[M::mem_process_seqs] Processed 3960398 reads in 933.439 CPU sec, 24.504 real sec
[M::process] read 3960398 sequences (400000198 bp)...
[M::mem_pestat] # candidate unique pairs for (FF, FR, RF, RR): (193, 1734726, 1, 74)
[M::mem_pestat] analyzing insert size distribution for orientation FF...
[M::mem_pestat] (25, 50, 75) percentile: (168, 237, 335)
[M::mem_pestat] low and high boundaries for computing mean and std.dev: (1, 669)
[M::mem_pestat] mean and std.dev: (205.52, 88.48)
[M::mem_pestat] low and high boundaries for proper pairs: (1, 836)
[M::mem_pestat] analyzing insert size distribution for orientation FR...
[M::mem_pestat] (25, 50, 75) percentile: (275, 316, 360)
[M::mem_pestat] low and high boundaries for computing mean and std.dev: (105, 530)
[M::mem_pestat] mean and std.dev: (317.41, 66.20)
[M::mem_pestat] low and high boundaries for proper pairs: (20, 615)
[M::mem_pestat] skip orientation RF as there are not enough pairs
[M::mem_pestat] analyzing insert size distribution for orientation RR...
[M::mem_pestat] (25, 50, 75) percentile: (295, 3212, 5243)
[M::mem_pestat] low and high boundaries for computing mean and std.dev: (1, 15139)
[M::mem_pestat] mean and std.dev: (2827.57, 2102.65)
[M::mem_pestat] low and high boundaries for proper pairs: (1, 20087)
[M::mem_pestat] skip orientation FF
[M::mem_pestat] skip orientation RR
[M::mem_process_seqs] Processed 3960398 reads in 1063.419 CPU sec, 27.715 real sec
[M::process] read 3960398 sequences (400000198 bp)...
[M::mem_pestat] # candidate unique pairs for (FF, FR, RF, RR): (213, 1700753, 2, 84)
[M::mem_pestat] analyzing insert size distribution for orientation FF...
[M::mem_pestat] (25, 50, 75) percentile: (202, 292, 1061)
[M::mem_pestat] low and high boundaries for computing mean and std.dev: (1, 2779)
[M::mem_pestat] mean and std.dev: (565.57, 460.39)
[M::mem_pestat] low and high boundaries for proper pairs: (1, 3638)
[M::mem_pestat] analyzing insert size distribution for orientation FR...
[M::mem_pestat] (25, 50, 75) percentile: (274, 315, 360)
[M::mem_pestat] low and high boundaries for computing mean and std.dev: (102, 532)
[M::mem_pestat] mean and std.dev: (317.01, 66.20)
[M::mem_pestat] low and high boundaries for proper pairs: (16, 618)
[M::mem_pestat] skip orientation RF as there are not enough pairs
[M::mem_pestat] analyzing insert size distribution for orientation RR...
[M::mem_pestat] (25, 50, 75) percentile: (957, 1113, 1252)
[M::mem_pestat] low and high boundaries for computing mean and std.dev: (367, 1842)
[M::mem_pestat] mean and std.dev: (1105.72, 200.92)
[M::mem_pestat] low and high boundaries for proper pairs: (72, 2137)
[M::mem_pestat] skip orientation FF
[M::mem_pestat] skip orientation RR
[M::mem_process_seqs] Processed 3960398 reads in 983.445 CPU sec, 25.851 real sec
[M::process] read 3960398 sequences (400000198 bp)...
[M::mem_pestat] # candidate unique pairs for (FF, FR, RF, RR): (157, 1762165, 30, 32)
[M::mem_pestat] analyzing insert size distribution for orientation FF...
[M::mem_pestat] (25, 50, 75) percentile: (160, 211, 264)
[M::mem_pestat] low and high boundaries for computing mean and std.dev: (1, 472)
[M::mem_pestat] mean and std.dev: (206.82, 83.63)
[M::mem_pestat] low and high boundaries for proper pairs: (1, 576)
[M::mem_pestat] analyzing insert size distribution for orientation FR...
[M::mem_pestat] (25, 50, 75) percentile: (275, 316, 360)
[M::mem_pestat] low and high boundaries for computing mean and std.dev: (105, 530)
[M::mem_pestat] mean and std.dev: (317.73, 66.27)
[M::mem_pestat] low and high boundaries for proper pairs: (20, 615)
[M::mem_pestat] analyzing insert size distribution for orientation RF...
[M::mem_pestat] (25, 50, 75) percentile: (15, 55, 113)
[M::mem_pestat] low and high boundaries for computing mean and std.dev: (1, 309)
[M::mem_pestat] mean and std.dev: (41.67, 36.01)
[M::mem_pestat] low and high boundaries for proper pairs: (1, 407)
[M::mem_pestat] analyzing insert size distribution for orientation RR...
[M::mem_pestat] (25, 50, 75) percentile: (211, 692, 1327)
[M::mem_pestat] low and high boundaries for computing mean and std.dev: (1, 3559)
[M::mem_pestat] mean and std.dev: (838.29, 795.51)
[M::mem_pestat] low and high boundaries for proper pairs: (1, 4675)
[M::mem_pestat] skip orientation FF
[M::mem_pestat] skip orientation RF
[M::mem_pestat] skip orientation RR
[M::mem_process_seqs] Processed 3960398 reads in 925.612 CPU sec, 24.252 real sec
[M::process] read 3960398 sequences (400000198 bp)...
[M::mem_pestat] # candidate unique pairs for (FF, FR, RF, RR): (161, 1753870, 0, 31)
[M::mem_pestat] analyzing insert size distribution for orientation FF...
[M::mem_pestat] (25, 50, 75) percentile: (141, 206, 276)
[M::mem_pestat] low and high boundaries for computing mean and std.dev: (1, 546)
[M::mem_pestat] mean and std.dev: (198.01, 96.62)
[M::mem_pestat] low and high boundaries for proper pairs: (1, 681)
[M::mem_pestat] analyzing insert size distribution for orientation FR...
[M::mem_pestat] (25, 50, 75) percentile: (274, 315, 359)
[M::mem_pestat] low and high boundaries for computing mean and std.dev: (104, 529)
[M::mem_pestat] mean and std.dev: (316.76, 66.12)
[M::mem_pestat] low and high boundaries for proper pairs: (19, 614)
[M::mem_pestat] skip orientation RF as there are not enough pairs
[M::mem_pestat] analyzing insert size distribution for orientation RR...
[M::mem_pestat] (25, 50, 75) percentile: (191, 326, 1104)
[M::mem_pestat] low and high boundaries for computing mean and std.dev: (1, 2930)
[M::mem_pestat] mean and std.dev: (550.18, 518.19)
[M::mem_pestat] low and high boundaries for proper pairs: (1, 3843)
[M::mem_pestat] skip orientation FF
[M::mem_pestat] skip orientation RR
[M::mem_process_seqs] Processed 3960398 reads in 890.969 CPU sec, 23.413 real sec
[M::process] read 3960398 sequences (400000198 bp)...
[M::process] read 3960398 sequences (400000198 bp)...
[M::mem_pestat] # candidate unique pairs for (FF, FR, RF, RR): (35, 354820, 75, 28)
[M::mem_pestat] analyzing insert size distribution for orientation FF...
[M::mem_pestat] (25, 50, 75) percentile: (210, 300, 1648)
[M::mem_pestat] low and high boundaries for computing mean and std.dev: (1, 4524)
[M::mem_pestat] mean and std.dev: (609.47, 714.11)
[M::mem_pestat] low and high boundaries for proper pairs: (1, 5962)
[M::mem_pestat] analyzing insert size distribution for orientation FR...
[M::mem_pestat] (25, 50, 75) percentile: (274, 315, 359)
[M::mem_pestat] low and high boundaries for computing mean and std.dev: (104, 529)
[M::mem_pestat] mean and std.dev: (316.52, 66.18)
[M::mem_pestat] low and high boundaries for proper pairs: (19, 614)
[M::mem_pestat] analyzing insert size distribution for orientation RF...
[M::mem_pestat] (25, 50, 75) percentile: (461, 613, 6135)
[M::mem_pestat] low and high boundaries for computing mean and std.dev: (1, 17483)
[M::mem_pestat] mean and std.dev: (3153.12, 2913.35)
[M::mem_pestat] low and high boundaries for proper pairs: (1, 23157)
[M::mem_pestat] analyzing insert size distribution for orientation RR...
[M::mem_pestat] (25, 50, 75) percentile: (746, 1595, 2666)
[M::mem_pestat] low and high boundaries for computing mean and std.dev: (1, 6506)
[M::mem_pestat] mean and std.dev: (1554.73, 1154.78)
[M::mem_pestat] low and high boundaries for proper pairs: (1, 8426)
[M::mem_pestat] skip orientation FF
[M::mem_pestat] skip orientation RF
[M::mem_pestat] skip orientation RR
[M::mem_process_seqs] Processed 3960398 reads in 12028.889 CPU sec, 302.791 real sec
[M::mem_pestat] # candidate unique pairs for (FF, FR, RF, RR): (173, 1434553, 16, 63)
[M::mem_pestat] analyzing insert size distribution for orientation FF...
[M::mem_pestat] (25, 50, 75) percentile: (174, 258, 531)
[M::mem_pestat] low and high boundaries for computing mean and std.dev: (1, 1245)
[M::mem_pestat] mean and std.dev: (314.84, 251.25)
[M::mem_pestat] low and high boundaries for proper pairs: (1, 1602)
[M::mem_pestat] analyzing insert size distribution for orientation FR...
[M::mem_pestat] (25, 50, 75) percentile: (275, 316, 360)
[M::mem_pestat] low and high boundaries for computing mean and std.dev: (105, 530)
[M::mem_pestat] mean and std.dev: (317.28, 66.23)
[M::mem_pestat] low and high boundaries for proper pairs: (20, 615)
[M::mem_pestat] analyzing insert size distribution for orientation RF...
[M::mem_pestat] (25, 50, 75) percentile: (27, 56, 66)
[M::mem_pestat] low and high boundaries for computing mean and std.dev: (1, 144)
[M::mem_pestat] mean and std.dev: (50.27, 26.51)
[M::mem_pestat] low and high boundaries for proper pairs: (1, 183)
[M::mem_pestat] analyzing insert size distribution for orientation RR...
[M::mem_pestat] (25, 50, 75) percentile: (323, 930, 1597)
[M::mem_pestat] low and high boundaries for computing mean and std.dev: (1, 4145)
[M::mem_pestat] mean and std.dev: (1026.03, 764.95)
[M::mem_pestat] low and high boundaries for proper pairs: (1, 5419)
[M::mem_pestat] skip orientation FF
[M::mem_pestat] skip orientation RF
[M::mem_pestat] skip orientation RR
[M::mem_process_seqs] Processed 3960398 reads in 1149.621 CPU sec, 29.653 real sec
[M::process] read 3960398 sequences (400000198 bp)...
[M::mem_pestat] # candidate unique pairs for (FF, FR, RF, RR): (149, 1237216, 6, 77)
[M::mem_pestat] analyzing insert size distribution for orientation FF...
[M::mem_pestat] (25, 50, 75) percentile: (183, 279, 1182)
[M::mem_pestat] low and high boundaries for computing mean and std.dev: (1, 3180)
[M::mem_pestat] mean and std.dev: (678.14, 720.46)
[M::mem_pestat] low and high boundaries for proper pairs: (1, 4179)
[M::mem_pestat] analyzing insert size distribution for orientation FR...
[M::mem_pestat] (25, 50, 75) percentile: (275, 316, 361)
[M::mem_pestat] low and high boundaries for computing mean and std.dev: (103, 533)
[M::mem_pestat] mean and std.dev: (317.86, 66.47)
[M::mem_pestat] low and high boundaries for proper pairs: (17, 619)
[M::mem_pestat] skip orientation RF as there are not enough pairs
[M::mem_pestat] analyzing insert size distribution for orientation RR...
[M::mem_pestat] (25, 50, 75) percentile: (889, 1390, 1974)
[M::mem_pestat] low and high boundaries for computing mean and std.dev: (1, 4144)
[M::mem_pestat] mean and std.dev: (1322.68, 693.93)
[M::mem_pestat] low and high boundaries for proper pairs: (1, 5229)
[M::mem_pestat] skip orientation FF
[M::mem_pestat] skip orientation RR
[M::process] read 3960398 sequences (400000198 bp)...
[M::mem_process_seqs] Processed 3960398 reads in 1172.203 CPU sec, 29.776 real sec
[M::mem_pestat] # candidate unique pairs for (FF, FR, RF, RR): (179, 1835478, 2, 24)
[M::mem_pestat] analyzing insert size distribution for orientation FF...
[M::mem_pestat] (25, 50, 75) percentile: (166, 226, 288)
[M::mem_pestat] low and high boundaries for computing mean and std.dev: (1, 532)
[M::mem_pestat] mean and std.dev: (223.03, 92.55)
[M::mem_pestat] low and high boundaries for proper pairs: (1, 654)
[M::mem_pestat] analyzing insert size distribution for orientation FR...
[M::mem_pestat] (25, 50, 75) percentile: (273, 314, 358)
[M::mem_pestat] low and high boundaries for computing mean and std.dev: (103, 528)
[M::mem_pestat] mean and std.dev: (315.57, 65.80)
[M::mem_pestat] low and high boundaries for proper pairs: (18, 613)
[M::mem_pestat] skip orientation RF as there are not enough pairs
[M::mem_pestat] analyzing insert size distribution for orientation RR...
[M::mem_pestat] (25, 50, 75) percentile: (220, 280, 392)
[M::mem_pestat] low and high boundaries for computing mean and std.dev: (1, 736)
[M::mem_pestat] mean and std.dev: (283.52, 109.29)
[M::mem_pestat] low and high boundaries for proper pairs: (1, 908)
[M::mem_pestat] skip orientation FF
[M::mem_pestat] skip orientation RR
[M::mem_process_seqs] Processed 3960398 reads in 886.746 CPU sec, 23.335 real sec
[M::process] read 3960398 sequences (400000198 bp)...
[M::mem_pestat] # candidate unique pairs for (FF, FR, RF, RR): (182, 1768078, 15, 20)
[M::mem_pestat] analyzing insert size distribution for orientation FF...
[M::mem_pestat] (25, 50, 75) percentile: (161, 214, 270)
[M::mem_pestat] low and high boundaries for computing mean and std.dev: (1, 488)
[M::mem_pestat] mean and std.dev: (204.45, 90.59)
[M::mem_pestat] low and high boundaries for proper pairs: (1, 597)
[M::mem_pestat] analyzing insert size distribution for orientation FR...
[M::mem_pestat] (25, 50, 75) percentile: (273, 314, 358)
[M::mem_pestat] low and high boundaries for computing mean and std.dev: (103, 528)
[M::mem_pestat] mean and std.dev: (316.03, 65.94)
[M::mem_pestat] low and high boundaries for proper pairs: (18, 613)
[M::mem_pestat] analyzing insert size distribution for orientation RF...
[M::mem_pestat] (25, 50, 75) percentile: (2093, 2137, 2187)
[M::mem_pestat] low and high boundaries for computing mean and std.dev: (1905, 2375)
[M::mem_pestat] mean and std.dev: (2125.92, 64.23)
[M::mem_pestat] low and high boundaries for proper pairs: (1811, 2469)
[M::mem_pestat] analyzing insert size distribution for orientation RR...
[M::mem_pestat] (25, 50, 75) percentile: (162, 218, 590)
[M::mem_pestat] low and high boundaries for computing mean and std.dev: (1, 1446)
[M::mem_pestat] mean and std.dev: (327.47, 274.34)
[M::mem_pestat] low and high boundaries for proper pairs: (1, 1874)
[M::mem_pestat] skip orientation FF
[M::mem_pestat] skip orientation RF
[M::mem_pestat] skip orientation RR
[M::mem_process_seqs] Processed 3960398 reads in 920.867 CPU sec, 24.063 real sec
[M::process] read 3960398 sequences (400000198 bp)...
[M::mem_pestat] # candidate unique pairs for (FF, FR, RF, RR): (169, 1708619, 18, 32)
[M::mem_pestat] analyzing insert size distribution for orientation FF...
[M::mem_pestat] (25, 50, 75) percentile: (158, 225, 281)
[M::mem_pestat] low and high boundaries for computing mean and std.dev: (1, 527)
[M::mem_pestat] mean and std.dev: (196.66, 84.33)
[M::mem_pestat] low and high boundaries for proper pairs: (1, 650)
[M::mem_pestat] analyzing insert size distribution for orientation FR...
[M::mem_pestat] (25, 50, 75) percentile: (274, 315, 360)
[M::mem_pestat] low and high boundaries for computing mean and std.dev: (102, 532)
[M::mem_pestat] mean and std.dev: (317.01, 66.23)
[M::mem_pestat] low and high boundaries for proper pairs: (16, 618)
[M::mem_pestat] analyzing insert size distribution for orientation RF...
[M::mem_pestat] (25, 50, 75) percentile: (106, 204, 3058)
[M::mem_pestat] low and high boundaries for computing mean and std.dev: (1, 8962)
[M::mem_pestat] mean and std.dev: (1196.50, 1312.33)
[M::mem_pestat] low and high boundaries for proper pairs: (1, 11914)
[M::mem_pestat] analyzing insert size distribution for orientation RR...
[M::mem_pestat] (25, 50, 75) percentile: (459, 937, 1382)
[M::mem_pestat] low and high boundaries for computing mean and std.dev: (1, 3228)
[M::mem_pestat] mean and std.dev: (927.67, 639.53)
[M::mem_pestat] low and high boundaries for proper pairs: (1, 4151)
[M::mem_pestat] skip orientation FF
[M::mem_pestat] skip orientation RF
[M::mem_pestat] skip orientation RR
[M::mem_process_seqs] Processed 3960398 reads in 986.108 CPU sec, 25.691 real sec
[M::process] read 3960398 sequences (400000198 bp)...
[M::mem_pestat] # candidate unique pairs for (FF, FR, RF, RR): (167, 1572534, 7, 43)
[M::mem_pestat] analyzing insert size distribution for orientation FF...
[M::mem_pestat] (25, 50, 75) percentile: (158, 246, 335)
[M::mem_pestat] low and high boundaries for computing mean and std.dev: (1, 689)
[M::mem_pestat] mean and std.dev: (226.14, 120.84)
[M::mem_pestat] low and high boundaries for proper pairs: (1, 866)
[M::mem_pestat] analyzing insert size distribution for orientation FR...
[M::mem_pestat] (25, 50, 75) percentile: (275, 316, 360)
[M::mem_pestat] low and high boundaries for computing mean and std.dev: (105, 530)
[M::mem_pestat] mean and std.dev: (317.51, 66.19)
[M::mem_pestat] low and high boundaries for proper pairs: (20, 615)
[M::mem_pestat] skip orientation RF as there are not enough pairs
[M::mem_pestat] analyzing insert size distribution for orientation RR...
[M::mem_pestat] (25, 50, 75) percentile: (297, 825, 1526)
[M::mem_pestat] low and high boundaries for computing mean and std.dev: (1, 3984)
[M::mem_pestat] mean and std.dev: (890.81, 714.49)
[M::mem_pestat] low and high boundaries for proper pairs: (1, 5213)
[M::mem_pestat] skip orientation FF
[M::mem_pestat] skip orientation RR
[M::mem_process_seqs] Processed 3960398 reads in 1101.084 CPU sec, 28.571 real sec
[M::process] read 3960398 sequences (400000198 bp)...
[M::mem_pestat] # candidate unique pairs for (FF, FR, RF, RR): (190, 1802841, 2, 24)
[M::mem_pestat] analyzing insert size distribution for orientation FF...
[M::mem_pestat] (25, 50, 75) percentile: (142, 216, 270)
[M::mem_pestat] low and high boundaries for computing mean and std.dev: (1, 526)
[M::mem_pestat] mean and std.dev: (203.44, 90.06)
[M::mem_pestat] low and high boundaries for proper pairs: (1, 654)
[M::mem_pestat] analyzing insert size distribution for orientation FR...
[M::mem_pestat] (25, 50, 75) percentile: (273, 314, 359)
[M::mem_pestat] low and high boundaries for computing mean and std.dev: (101, 531)
[M::mem_pestat] mean and std.dev: (316.12, 66.06)
[M::mem_pestat] low and high boundaries for proper pairs: (15, 617)
[M::mem_pestat] skip orientation RF as there are not enough pairs
[M::mem_pestat] analyzing insert size distribution for orientation RR...
[M::mem_pestat] (25, 50, 75) percentile: (165, 226, 435)
[M::mem_pestat] low and high boundaries for computing mean and std.dev: (1, 975)
[M::mem_pestat] mean and std.dev: (238.15, 190.10)
[M::mem_pestat] low and high boundaries for proper pairs: (1, 1245)
[M::mem_pestat] skip orientation FF
[M::mem_pestat] skip orientation RR
[M::mem_process_seqs] Processed 3960398 reads in 956.116 CPU sec, 24.821 real sec
[M::process] read 3960398 sequences (400000198 bp)...
[M::mem_pestat] # candidate unique pairs for (FF, FR, RF, RR): (218, 1841222, 1, 49)
[M::mem_pestat] analyzing insert size distribution for orientation FF...
[M::mem_pestat] (25, 50, 75) percentile: (163, 215, 265)
[M::mem_pestat] low and high boundaries for computing mean and std.dev: (1, 469)
[M::mem_pestat] mean and std.dev: (208.26, 82.19)
[M::mem_pestat] low and high boundaries for proper pairs: (1, 571)
[M::mem_pestat] analyzing insert size distribution for orientation FR...
[M::mem_pestat] (25, 50, 75) percentile: (273, 314, 358)
[M::mem_pestat] low and high boundaries for computing mean and std.dev: (103, 528)
[M::mem_pestat] mean and std.dev: (316.01, 65.92)
[M::mem_pestat] low and high boundaries for proper pairs: (18, 613)
[M::mem_pestat] skip orientation RF as there are not enough pairs
[M::mem_pestat] analyzing insert size distribution for orientation RR...
[M::mem_pestat] (25, 50, 75) percentile: (114, 230, 501)
[M::mem_pestat] low and high boundaries for computing mean and std.dev: (1, 1275)
[M::mem_pestat] mean and std.dev: (272.37, 250.26)
[M::mem_pestat] low and high boundaries for proper pairs: (1, 1662)
[M::mem_pestat] skip orientation FF
[M::mem_pestat] skip orientation RR
[M::mem_process_seqs] Processed 3960398 reads in 785.707 CPU sec, 20.641 real sec
[M::process] read 3960398 sequences (400000198 bp)...
[M::mem_pestat] # candidate unique pairs for (FF, FR, RF, RR): (178, 1767238, 3, 22)
[M::mem_pestat] analyzing insert size distribution for orientation FF...
[M::mem_pestat] (25, 50, 75) percentile: (158, 215, 263)
[M::mem_pestat] low and high boundaries for computing mean and std.dev: (1, 473)
[M::mem_pestat] mean and std.dev: (203.33, 83.13)
[M::mem_pestat] low and high boundaries for proper pairs: (1, 578)
[M::mem_pestat] analyzing insert size distribution for orientation FR...
[M::mem_pestat] (25, 50, 75) percentile: (274, 315, 359)
[M::mem_pestat] low and high boundaries for computing mean and std.dev: (104, 529)
[M::mem_pestat] mean and std.dev: (316.42, 66.06)
[M::mem_pestat] low and high boundaries for proper pairs: (19, 614)
[M::mem_pestat] skip orientation RF as there are not enough pairs
[M::mem_pestat] analyzing insert size distribution for orientation RR...
[M::mem_pestat] (25, 50, 75) percentile: (202, 297, 1157)
[M::mem_pestat] low and high boundaries for computing mean and std.dev: (1, 3067)
[M::mem_pestat] mean and std.dev: (605.38, 698.37)
[M::mem_pestat] low and high boundaries for proper pairs: (1, 4022)
[M::mem_pestat] skip orientation FF
[M::mem_pestat] skip orientation RR
[M::mem_process_seqs] Processed 3960398 reads in 915.719 CPU sec, 24.137 real sec
[M::process] read 3960398 sequences (400000198 bp)...
[M::mem_pestat] # candidate unique pairs for (FF, FR, RF, RR): (171, 1812486, 8, 42)
[M::mem_pestat] analyzing insert size distribution for orientation FF...
[M::mem_pestat] (25, 50, 75) percentile: (163, 227, 290)
[M::mem_pestat] low and high boundaries for computing mean and std.dev: (1, 544)
[M::mem_pestat] mean and std.dev: (207.90, 87.84)
[M::mem_pestat] low and high boundaries for proper pairs: (1, 671)
[M::mem_pestat] analyzing insert size distribution for orientation FR...
[M::mem_pestat] (25, 50, 75) percentile: (275, 316, 360)
[M::mem_pestat] low and high boundaries for computing mean and std.dev: (105, 530)
[M::mem_pestat] mean and std.dev: (317.47, 66.15)
[M::mem_pestat] low and high boundaries for proper pairs: (20, 615)
[M::mem_pestat] skip orientation RF as there are not enough pairs
[M::mem_pestat] analyzing insert size distribution for orientation RR...
[M::mem_pestat] (25, 50, 75) percentile: (274, 904, 1382)
[M::mem_pestat] low and high boundaries for computing mean and std.dev: (1, 3598)
[M::mem_pestat] mean and std.dev: (953.70, 722.95)
[M::mem_pestat] low and high boundaries for proper pairs: (1, 4706)
[M::mem_pestat] skip orientation FF
[M::mem_pestat] skip orientation RR
[M::mem_process_seqs] Processed 3960398 reads in 919.877 CPU sec, 23.989 real sec
[M::process] read 3960398 sequences (400000198 bp)...
[M::mem_pestat] # candidate unique pairs for (FF, FR, RF, RR): (136, 1461703, 13, 35)
[M::mem_pestat] analyzing insert size distribution for orientation FF...
[M::mem_pestat] (25, 50, 75) percentile: (177, 238, 355)
[M::mem_pestat] low and high boundaries for computing mean and std.dev: (1, 711)
[M::mem_pestat] mean and std.dev: (221.66, 115.97)
[M::mem_pestat] low and high boundaries for proper pairs: (1, 889)
[M::mem_pestat] analyzing insert size distribution for orientation FR...
[M::mem_pestat] (25, 50, 75) percentile: (274, 315, 360)
[M::mem_pestat] low and high boundaries for computing mean and std.dev: (102, 532)
[M::mem_pestat] mean and std.dev: (317.13, 66.33)
[M::mem_pestat] low and high boundaries for proper pairs: (16, 618)
[M::mem_pestat] analyzing insert size distribution for orientation RF...
[M::mem_pestat] (25, 50, 75) percentile: (7232, 7295, 7322)
[M::mem_pestat] low and high boundaries for computing mean and std.dev: (7052, 7502)
[M::mem_pestat] mean and std.dev: (7294.92, 48.98)
[M::mem_pestat] low and high boundaries for proper pairs: (6962, 7592)
[M::mem_pestat] analyzing insert size distribution for orientation RR...
[M::mem_pestat] (25, 50, 75) percentile: (606, 1041, 2259)
[M::mem_pestat] low and high boundaries for computing mean and std.dev: (1, 5565)
[M::mem_pestat] mean and std.dev: (1206.69, 1019.62)
[M::mem_pestat] low and high boundaries for proper pairs: (1, 7218)
[M::mem_pestat] skip orientation FF
[M::mem_pestat] skip orientation RF
[M::mem_pestat] skip orientation RR
[M::mem_process_seqs] Processed 3960398 reads in 992.865 CPU sec, 25.774 real sec
[M::process] read 3960398 sequences (400000198 bp)...
[M::mem_pestat] # candidate unique pairs for (FF, FR, RF, RR): (157, 1550896, 7, 34)
[M::mem_pestat] analyzing insert size distribution for orientation FF...
[M::mem_pestat] (25, 50, 75) percentile: (143, 228, 287)
[M::mem_pestat] low and high boundaries for computing mean and std.dev: (1, 575)
[M::mem_pestat] mean and std.dev: (207.17, 87.03)
[M::mem_pestat] low and high boundaries for proper pairs: (1, 719)
[M::mem_pestat] analyzing insert size distribution for orientation FR...
[M::mem_pestat] (25, 50, 75) percentile: (274, 315, 359)
[M::mem_pestat] low and high boundaries for computing mean and std.dev: (104, 529)
[M::mem_pestat] mean and std.dev: (316.82, 66.13)
[M::mem_pestat] low and high boundaries for proper pairs: (19, 614)
[M::mem_pestat] skip orientation RF as there are not enough pairs
[M::mem_pestat] analyzing insert size distribution for orientation RR...
[M::mem_pestat] (25, 50, 75) percentile: (306, 852, 1670)
[M::mem_pestat] low and high boundaries for computing mean and std.dev: (1, 4398)
[M::mem_pestat] mean and std.dev: (1060.76, 921.90)
[M::mem_pestat] low and high boundaries for proper pairs: (1, 5762)
[M::mem_pestat] skip orientation FF
[M::mem_pestat] skip orientation RR
[M::mem_process_seqs] Processed 3960398 reads in 995.877 CPU sec, 26.120 real sec
[M::process] read 3960398 sequences (400000198 bp)...
[M::mem_pestat] # candidate unique pairs for (FF, FR, RF, RR): (132, 1552568, 53, 30)
[M::mem_pestat] analyzing insert size distribution for orientation FF...
[M::mem_pestat] (25, 50, 75) percentile: (160, 240, 293)
[M::mem_pestat] low and high boundaries for computing mean and std.dev: (1, 559)
[M::mem_pestat] mean and std.dev: (213.05, 99.24)
[M::mem_pestat] low and high boundaries for proper pairs: (1, 692)
[M::mem_pestat] analyzing insert size distribution for orientation FR...
[M::mem_pestat] (25, 50, 75) percentile: (275, 317, 361)
[M::mem_pestat] low and high boundaries for computing mean and std.dev: (103, 533)
[M::mem_pestat] mean and std.dev: (318.22, 66.60)
[M::mem_pestat] low and high boundaries for proper pairs: (17, 619)
[M::mem_pestat] analyzing insert size distribution for orientation RF...
[M::mem_pestat] (25, 50, 75) percentile: (79, 3644, 3757)
[M::mem_pestat] low and high boundaries for computing mean and std.dev: (1, 11113)
[M::mem_pestat] mean and std.dev: (2291.26, 1725.09)
[M::mem_pestat] low and high boundaries for proper pairs: (1, 14791)
[M::mem_pestat] analyzing insert size distribution for orientation RR...
[M::mem_pestat] (25, 50, 75) percentile: (234, 784, 1296)
[M::mem_pestat] low and high boundaries for computing mean and std.dev: (1, 3420)
[M::mem_pestat] mean and std.dev: (808.48, 562.55)
[M::mem_pestat] low and high boundaries for proper pairs: (1, 4482)
[M::mem_pestat] skip orientation FF
[M::mem_pestat] skip orientation RF
[M::mem_pestat] skip orientation RR
[M::mem_process_seqs] Processed 3960398 reads in 913.460 CPU sec, 23.831 real sec
[M::process] read 3960398 sequences (400000198 bp)...
[M::mem_pestat] # candidate unique pairs for (FF, FR, RF, RR): (131, 1268787, 8, 14)
[M::mem_pestat] analyzing insert size distribution for orientation FF...
[M::mem_pestat] (25, 50, 75) percentile: (160, 220, 293)
[M::mem_pestat] low and high boundaries for computing mean and std.dev: (1, 559)
[M::mem_pestat] mean and std.dev: (214.26, 93.56)
[M::mem_pestat] low and high boundaries for proper pairs: (1, 692)
[M::mem_pestat] analyzing insert size distribution for orientation FR...
[M::mem_pestat] (25, 50, 75) percentile: (274, 315, 359)
[M::mem_pestat] low and high boundaries for computing mean and std.dev: (104, 529)
[M::mem_pestat] mean and std.dev: (316.81, 66.12)
[M::mem_pestat] low and high boundaries for proper pairs: (19, 614)
[M::mem_pestat] skip orientation RF as there are not enough pairs
[M::mem_pestat] analyzing insert size distribution for orientation RR...
[M::mem_pestat] (25, 50, 75) percentile: (157, 315, 1458)
[M::mem_pestat] low and high boundaries for computing mean and std.dev: (1, 4060)
[M::mem_pestat] mean and std.dev: (735.77, 732.94)
[M::mem_pestat] low and high boundaries for proper pairs: (1, 5361)
[M::mem_pestat] skip orientation FF
[M::mem_pestat] skip orientation RR
[M::mem_process_seqs] Processed 3960398 reads in 892.266 CPU sec, 23.422 real sec
[M::process] read 3960398 sequences (400000198 bp)...
[M::mem_pestat] # candidate unique pairs for (FF, FR, RF, RR): (131, 1354190, 2, 22)
[M::mem_pestat] analyzing insert size distribution for orientation FF...
[M::mem_pestat] (25, 50, 75) percentile: (182, 235, 303)
[M::mem_pestat] low and high boundaries for computing mean and std.dev: (1, 545)
[M::mem_pestat] mean and std.dev: (229.31, 88.42)
[M::mem_pestat] low and high boundaries for proper pairs: (1, 666)
[M::mem_pestat] analyzing insert size distribution for orientation FR...
[M::mem_pestat] (25, 50, 75) percentile: (275, 316, 360)
[M::mem_pestat] low and high boundaries for computing mean and std.dev: (105, 530)
[M::mem_pestat] mean and std.dev: (317.42, 66.31)
[M::mem_pestat] low and high boundaries for proper pairs: (20, 615)
[M::mem_pestat] skip orientation RF as there are not enough pairs
[M::mem_pestat] analyzing insert size distribution for orientation RR...
[M::mem_pestat] (25, 50, 75) percentile: (247, 757, 1358)
[M::mem_pestat] low and high boundaries for computing mean and std.dev: (1, 3580)
[M::mem_pestat] mean and std.dev: (805.81, 683.32)
[M::mem_pestat] low and high boundaries for proper pairs: (1, 4691)
[M::mem_pestat] skip orientation FF
[M::mem_pestat] skip orientation RR
[M::mem_process_seqs] Processed 3960398 reads in 1150.980 CPU sec, 29.318 real sec
[M::process] read 3960398 sequences (400000198 bp)...
[M::mem_pestat] # candidate unique pairs for (FF, FR, RF, RR): (178, 1845876, 2, 31)
[M::mem_pestat] analyzing insert size distribution for orientation FF...
[M::mem_pestat] (25, 50, 75) percentile: (148, 222, 276)
[M::mem_pestat] low and high boundaries for computing mean and std.dev: (1, 532)
[M::mem_pestat] mean and std.dev: (209.21, 90.13)
[M::mem_pestat] low and high boundaries for proper pairs: (1, 660)
[M::mem_pestat] analyzing insert size distribution for orientation FR...
[M::mem_pestat] (25, 50, 75) percentile: (274, 315, 359)
[M::mem_pestat] low and high boundaries for computing mean and std.dev: (104, 529)
[M::mem_pestat] mean and std.dev: (316.87, 66.03)
[M::mem_pestat] low and high boundaries for proper pairs: (19, 614)
[M::mem_pestat] skip orientation RF as there are not enough pairs
[M::mem_pestat] analyzing insert size distribution for orientation RR...
[M::mem_pestat] (25, 50, 75) percentile: (227, 448, 1189)
[M::mem_pestat] low and high boundaries for computing mean and std.dev: (1, 3113)
[M::mem_pestat] mean and std.dev: (720.76, 731.32)
[M::mem_pestat] low and high boundaries for proper pairs: (1, 4075)
[M::mem_pestat] skip orientation FF
[M::mem_pestat] skip orientation RR
[M::mem_process_seqs] Processed 3960398 reads in 850.059 CPU sec, 22.329 real sec
[M::process] read 3960398 sequences (400000198 bp)...
[M::mem_pestat] # candidate unique pairs for (FF, FR, RF, RR): (220, 1819700, 2, 68)
[M::mem_pestat] analyzing insert size distribution for orientation FF...
[M::mem_pestat] (25, 50, 75) percentile: (159, 234, 288)
[M::mem_pestat] low and high boundaries for computing mean and std.dev: (1, 546)
[M::mem_pestat] mean and std.dev: (213.78, 87.49)
[M::mem_pestat] low and high boundaries for proper pairs: (1, 675)
[M::mem_pestat] analyzing insert size distribution for orientation FR...
[M::mem_pestat] (25, 50, 75) percentile: (275, 316, 360)
[M::mem_pestat] low and high boundaries for computing mean and std.dev: (105, 530)
[M::mem_pestat] mean and std.dev: (317.71, 66.23)
[M::mem_pestat] low and high boundaries for proper pairs: (20, 615)
[M::mem_pestat] skip orientation RF as there are not enough pairs
[M::mem_pestat] analyzing insert size distribution for orientation RR...
[M::mem_pestat] (25, 50, 75) percentile: (200, 262, 1020)
[M::mem_pestat] low and high boundaries for computing mean and std.dev: (1, 2660)
[M::mem_pestat] mean and std.dev: (611.09, 564.20)
[M::mem_pestat] low and high boundaries for proper pairs: (1, 3480)
[M::mem_pestat] skip orientation FF
[M::mem_pestat] skip orientation RR
[M::mem_process_seqs] Processed 3960398 reads in 879.720 CPU sec, 23.093 real sec
[M::process] read 3960398 sequences (400000198 bp)...
[M::mem_pestat] # candidate unique pairs for (FF, FR, RF, RR): (194, 1810075, 3, 35)
[M::mem_pestat] analyzing insert size distribution for orientation FF...
[M::mem_pestat] (25, 50, 75) percentile: (156, 234, 294)
[M::mem_pestat] low and high boundaries for computing mean and std.dev: (1, 570)
[M::mem_pestat] mean and std.dev: (219.25, 90.74)
[M::mem_pestat] low and high boundaries for proper pairs: (1, 708)
[M::mem_pestat] analyzing insert size distribution for orientation FR...
[M::mem_pestat] (25, 50, 75) percentile: (274, 315, 359)
[M::mem_pestat] low and high boundaries for computing mean and std.dev: (104, 529)
[M::mem_pestat] mean and std.dev: (316.77, 66.05)
[M::mem_pestat] low and high boundaries for proper pairs: (19, 614)
[M::mem_pestat] skip orientation RF as there are not enough pairs
[M::mem_pestat] analyzing insert size distribution for orientation RR...
[M::mem_pestat] (25, 50, 75) percentile: (225, 476, 1415)
[M::mem_pestat] low and high boundaries for computing mean and std.dev: (1, 3795)
[M::mem_pestat] mean and std.dev: (826.62, 802.10)
[M::mem_pestat] low and high boundaries for proper pairs: (1, 4985)
[M::mem_pestat] skip orientation FF
[M::mem_pestat] skip orientation RR
[M::mem_process_seqs] Processed 3960398 reads in 924.187 CPU sec, 24.247 real sec
[M::process] read 3960398 sequences (400000198 bp)...
[M::mem_pestat] # candidate unique pairs for (FF, FR, RF, RR): (177, 1608975, 6, 41)
[M::mem_pestat] analyzing insert size distribution for orientation FF...
[M::mem_pestat] (25, 50, 75) percentile: (172, 236, 315)
[M::mem_pestat] low and high boundaries for computing mean and std.dev: (1, 601)
[M::mem_pestat] mean and std.dev: (218.30, 90.11)
[M::mem_pestat] low and high boundaries for proper pairs: (1, 744)
[M::mem_pestat] analyzing insert size distribution for orientation FR...
[M::mem_pestat] (25, 50, 75) percentile: (275, 316, 360)
[M::mem_pestat] low and high boundaries for computing mean and std.dev: (105, 530)
[M::mem_pestat] mean and std.dev: (317.45, 66.25)
[M::mem_pestat] low and high boundaries for proper pairs: (20, 615)
[M::mem_pestat] skip orientation RF as there are not enough pairs
[M::mem_pestat] analyzing insert size distribution for orientation RR...
[M::mem_pestat] (25, 50, 75) percentile: (614, 1110, 2216)
[M::mem_pestat] low and high boundaries for computing mean and std.dev: (1, 5420)
[M::mem_pestat] mean and std.dev: (1358.37, 1168.64)
[M::mem_pestat] low and high boundaries for proper pairs: (1, 7022)
[M::mem_pestat] skip orientation FF
[M::mem_pestat] skip orientation RR
[M::mem_process_seqs] Processed 3960398 reads in 1062.411 CPU sec, 27.137 real sec
[M::process] read 3960398 sequences (400000198 bp)...
[M::process] read 3960398 sequences (400000198 bp)...
[M::mem_pestat] # candidate unique pairs for (FF, FR, RF, RR): (116, 1171497, 68, 20)
[M::mem_pestat] analyzing insert size distribution for orientation FF...
[M::mem_pestat] (25, 50, 75) percentile: (164, 226, 310)
[M::mem_pestat] low and high boundaries for computing mean and std.dev: (1, 602)
[M::mem_pestat] mean and std.dev: (215.26, 100.85)
[M::mem_pestat] low and high boundaries for proper pairs: (1, 748)
[M::mem_pestat] analyzing insert size distribution for orientation FR...
[M::mem_pestat] (25, 50, 75) percentile: (274, 315, 360)
[M::mem_pestat] low and high boundaries for computing mean and std.dev: (102, 532)
[M::mem_pestat] mean and std.dev: (317.01, 66.33)
[M::mem_pestat] low and high boundaries for proper pairs: (16, 618)
[M::mem_pestat] analyzing insert size distribution for orientation RF...
[M::mem_pestat] (25, 50, 75) percentile: (6307, 6352, 6381)
[M::mem_pestat] low and high boundaries for computing mean and std.dev: (6159, 6529)
[M::mem_pestat] mean and std.dev: (6344.94, 58.63)
[M::mem_pestat] low and high boundaries for proper pairs: (6085, 6603)
[M::mem_pestat] analyzing insert size distribution for orientation RR...
[M::mem_pestat] (25, 50, 75) percentile: (344, 551, 974)
[M::mem_pestat] low and high boundaries for computing mean and std.dev: (1, 2234)
[M::mem_pestat] mean and std.dev: (623.39, 479.75)
[M::mem_pestat] low and high boundaries for proper pairs: (1, 2864)
[M::mem_pestat] skip orientation FF
[M::mem_pestat] skip orientation RF
[M::mem_pestat] skip orientation RR
[M::mem_process_seqs] Processed 3960398 reads in 6161.517 CPU sec, 155.495 real sec
[M::mem_pestat] # candidate unique pairs for (FF, FR, RF, RR): (155, 1745322, 0, 29)
[M::mem_pestat] analyzing insert size distribution for orientation FF...
[M::mem_pestat] (25, 50, 75) percentile: (168, 218, 295)
[M::mem_pestat] low and high boundaries for computing mean and std.dev: (1, 549)
[M::mem_pestat] mean and std.dev: (214.69, 92.22)
[M::mem_pestat] low and high boundaries for proper pairs: (1, 676)
[M::mem_pestat] analyzing insert size distribution for orientation FR...
[M::mem_pestat] (25, 50, 75) percentile: (274, 315, 359)
[M::mem_pestat] low and high boundaries for computing mean and std.dev: (104, 529)
[M::mem_pestat] mean and std.dev: (316.78, 66.10)
[M::mem_pestat] low and high boundaries for proper pairs: (19, 614)
[M::mem_pestat] skip orientation RF as there are not enough pairs
[M::mem_pestat] analyzing insert size distribution for orientation RR...
[M::mem_pestat] (25, 50, 75) percentile: (150, 297, 1185)
[M::mem_pestat] low and high boundaries for computing mean and std.dev: (1, 3255)
[M::mem_pestat] mean and std.dev: (761.00, 806.61)
[M::mem_pestat] low and high boundaries for proper pairs: (1, 4290)
[M::mem_pestat] skip orientation FF
[M::mem_pestat] skip orientation RR
[M::mem_process_seqs] Processed 3960398 reads in 992.261 CPU sec, 25.715 real sec
[M::process] read 3960398 sequences (400000198 bp)...
[M::mem_pestat] # candidate unique pairs for (FF, FR, RF, RR): (162, 1802486, 2, 15)
[M::mem_pestat] analyzing insert size distribution for orientation FF...
[M::mem_pestat] (25, 50, 75) percentile: (154, 222, 284)
[M::mem_pestat] low and high boundaries for computing mean and std.dev: (1, 544)
[M::mem_pestat] mean and std.dev: (215.73, 84.98)
[M::mem_pestat] low and high boundaries for proper pairs: (1, 674)
[M::mem_pestat] analyzing insert size distribution for orientation FR...
[M::mem_pestat] (25, 50, 75) percentile: (274, 315, 359)
[M::mem_pestat] low and high boundaries for computing mean and std.dev: (104, 529)
[M::mem_pestat] mean and std.dev: (316.46, 65.99)
[M::mem_pestat] low and high boundaries for proper pairs: (19, 614)
[M::mem_pestat] skip orientation RF as there are not enough pairs
[M::mem_pestat] analyzing insert size distribution for orientation RR...
[M::mem_pestat] (25, 50, 75) percentile: (188, 223, 365)
[M::mem_pestat] low and high boundaries for computing mean and std.dev: (1, 719)
[M::mem_pestat] mean and std.dev: (181.67, 105.16)
[M::mem_pestat] low and high boundaries for proper pairs: (1, 896)
[M::mem_pestat] skip orientation FF
[M::mem_pestat] skip orientation RR
[M::mem_process_seqs] Processed 3960398 reads in 971.398 CPU sec, 25.365 real sec
[M::process] read 3960398 sequences (400000198 bp)...
[M::mem_pestat] # candidate unique pairs for (FF, FR, RF, RR): (200, 1779409, 1, 62)
[M::mem_pestat] analyzing insert size distribution for orientation FF...
[M::mem_pestat] (25, 50, 75) percentile: (174, 235, 329)
[M::mem_pestat] low and high boundaries for computing mean and std.dev: (1, 639)
[M::mem_pestat] mean and std.dev: (235.13, 106.71)
[M::mem_pestat] low and high boundaries for proper pairs: (1, 794)
[M::mem_pestat] analyzing insert size distribution for orientation FR...
[M::mem_pestat] (25, 50, 75) percentile: (274, 315, 359)
[M::mem_pestat] low and high boundaries for computing mean and std.dev: (104, 529)
[M::mem_pestat] mean and std.dev: (316.70, 66.06)
[M::mem_pestat] low and high boundaries for proper pairs: (19, 614)
[M::mem_pestat] skip orientation RF as there are not enough pairs
[M::mem_pestat] analyzing insert size distribution for orientation RR...
[M::mem_pestat] (25, 50, 75) percentile: (206, 374, 868)
[M::mem_pestat] low and high boundaries for computing mean and std.dev: (1, 2192)
[M::mem_pestat] mean and std.dev: (532.21, 503.95)
[M::mem_pestat] low and high boundaries for proper pairs: (1, 2854)
[M::mem_pestat] skip orientation FF
[M::mem_pestat] skip orientation RR
[M::mem_process_seqs] Processed 3960398 reads in 1104.590 CPU sec, 28.711 real sec
[M::process] read 3960398 sequences (400000198 bp)...
[M::mem_pestat] # candidate unique pairs for (FF, FR, RF, RR): (183, 1811536, 2, 25)
[M::mem_pestat] analyzing insert size distribution for orientation FF...
[M::mem_pestat] (25, 50, 75) percentile: (157, 223, 290)
[M::mem_pestat] low and high boundaries for computing mean and std.dev: (1, 556)
[M::mem_pestat] mean and std.dev: (215.67, 94.54)
[M::mem_pestat] low and high boundaries for proper pairs: (1, 689)
[M::mem_pestat] analyzing insert size distribution for orientation FR...
[M::mem_pestat] (25, 50, 75) percentile: (274, 314, 359)
[M::mem_pestat] low and high boundaries for computing mean and std.dev: (104, 529)
[M::mem_pestat] mean and std.dev: (316.21, 65.91)
[M::mem_pestat] low and high boundaries for proper pairs: (19, 614)
[M::mem_pestat] skip orientation RF as there are not enough pairs
[M::mem_pestat] analyzing insert size distribution for orientation RR...
[M::mem_pestat] (25, 50, 75) percentile: (194, 278, 831)
[M::mem_pestat] low and high boundaries for computing mean and std.dev: (1, 2105)
[M::mem_pestat] mean and std.dev: (365.59, 318.84)
[M::mem_pestat] low and high boundaries for proper pairs: (1, 2742)
[M::mem_pestat] skip orientation FF
[M::mem_pestat] skip orientation RR
[M::mem_process_seqs] Processed 3960398 reads in 970.674 CPU sec, 25.401 real sec
[M::process] read 3960398 sequences (400000198 bp)...
[M::mem_pestat] # candidate unique pairs for (FF, FR, RF, RR): (152, 1585609, 2, 27)
[M::mem_pestat] analyzing insert size distribution for orientation FF...
[M::mem_pestat] (25, 50, 75) percentile: (159, 213, 275)
[M::mem_pestat] low and high boundaries for computing mean and std.dev: (1, 507)
[M::mem_pestat] mean and std.dev: (206.69, 82.13)
[M::mem_pestat] low and high boundaries for proper pairs: (1, 623)
[M::mem_pestat] analyzing insert size distribution for orientation FR...
[M::mem_pestat] (25, 50, 75) percentile: (273, 314, 358)
[M::mem_pestat] low and high boundaries for computing mean and std.dev: (103, 528)
[M::mem_pestat] mean and std.dev: (316.09, 65.89)
[M::mem_pestat] low and high boundaries for proper pairs: (18, 613)
[M::mem_pestat] skip orientation RF as there are not enough pairs
[M::mem_pestat] analyzing insert size distribution for orientation RR...
[M::mem_pestat] (25, 50, 75) percentile: (158, 748, 1664)
[M::mem_pestat] low and high boundaries for computing mean and std.dev: (1, 4676)
[M::mem_pestat] mean and std.dev: (942.64, 1020.99)
[M::mem_pestat] low and high boundaries for proper pairs: (1, 6182)
[M::mem_pestat] skip orientation FF
[M::mem_pestat] skip orientation RR
[M::mem_process_seqs] Processed 3960398 reads in 913.607 CPU sec, 23.932 real sec
[M::process] read 3960398 sequences (400000198 bp)...
[M::mem_pestat] # candidate unique pairs for (FF, FR, RF, RR): (166, 1782716, 0, 27)
[M::mem_pestat] analyzing insert size distribution for orientation FF...
[M::mem_pestat] (25, 50, 75) percentile: (134, 195, 248)
[M::mem_pestat] low and high boundaries for computing mean and std.dev: (1, 476)
[M::mem_pestat] mean and std.dev: (185.32, 86.76)
[M::mem_pestat] low and high boundaries for proper pairs: (1, 590)
[M::mem_pestat] analyzing insert size distribution for orientation FR...
[M::mem_pestat] (25, 50, 75) percentile: (273, 314, 358)
[M::mem_pestat] low and high boundaries for computing mean and std.dev: (103, 528)
[M::mem_pestat] mean and std.dev: (316.10, 65.92)
[M::mem_pestat] low and high boundaries for proper pairs: (18, 613)
[M::mem_pestat] skip orientation RF as there are not enough pairs
[M::mem_pestat] analyzing insert size distribution for orientation RR...
[M::mem_pestat] (25, 50, 75) percentile: (186, 398, 4464)
[M::mem_pestat] low and high boundaries for computing mean and std.dev: (1, 13020)
[M::mem_pestat] mean and std.dev: (1722.89, 1973.46)
[M::mem_pestat] low and high boundaries for proper pairs: (1, 17298)
[M::mem_pestat] skip orientation FF
[M::mem_pestat] skip orientation RR
[M::mem_process_seqs] Processed 3960398 reads in 1091.067 CPU sec, 28.411 real sec
[M::process] read 3960398 sequences (400000198 bp)...
[M::mem_pestat] # candidate unique pairs for (FF, FR, RF, RR): (167, 1775878, 1, 41)
[M::mem_pestat] analyzing insert size distribution for orientation FF...
[M::mem_pestat] (25, 50, 75) percentile: (144, 223, 291)
[M::mem_pestat] low and high boundaries for computing mean and std.dev: (1, 585)
[M::mem_pestat] mean and std.dev: (207.50, 87.18)
[M::mem_pestat] low and high boundaries for proper pairs: (1, 732)
[M::mem_pestat] analyzing insert size distribution for orientation FR...
[M::mem_pestat] (25, 50, 75) percentile: (274, 315, 359)
[M::mem_pestat] low and high boundaries for computing mean and std.dev: (104, 529)
[M::mem_pestat] mean and std.dev: (316.84, 66.12)
[M::mem_pestat] low and high boundaries for proper pairs: (19, 614)
[M::mem_pestat] skip orientation RF as there are not enough pairs
[M::mem_pestat] analyzing insert size distribution for orientation RR...
[M::mem_pestat] (25, 50, 75) percentile: (220, 641, 1082)
[M::mem_pestat] low and high boundaries for computing mean and std.dev: (1, 2806)
[M::mem_pestat] mean and std.dev: (749.30, 646.61)
[M::mem_pestat] low and high boundaries for proper pairs: (1, 3668)
[M::mem_pestat] skip orientation FF
[M::mem_pestat] skip orientation RR
[M::mem_process_seqs] Processed 3960398 reads in 1009.013 CPU sec, 26.344 real sec
[M::process] read 3960398 sequences (400000198 bp)...
[M::mem_pestat] # candidate unique pairs for (FF, FR, RF, RR): (178, 1813217, 1, 17)
[M::mem_pestat] analyzing insert size distribution for orientation FF...
[M::mem_pestat] (25, 50, 75) percentile: (174, 229, 299)
[M::mem_pestat] low and high boundaries for computing mean and std.dev: (1, 549)
[M::mem_pestat] mean and std.dev: (221.83, 94.78)
[M::mem_pestat] low and high boundaries for proper pairs: (1, 674)
[M::mem_pestat] analyzing insert size distribution for orientation FR...
[M::mem_pestat] (25, 50, 75) percentile: (274, 315, 359)
[M::mem_pestat] low and high boundaries for computing mean and std.dev: (104, 529)
[M::mem_pestat] mean and std.dev: (316.72, 66.04)
[M::mem_pestat] low and high boundaries for proper pairs: (19, 614)
[M::mem_pestat] skip orientation RF as there are not enough pairs
[M::mem_pestat] analyzing insert size distribution for orientation RR...
[M::mem_pestat] (25, 50, 75) percentile: (231, 402, 879)
[M::mem_pestat] low and high boundaries for computing mean and std.dev: (1, 2175)
[M::mem_pestat] mean and std.dev: (436.73, 293.55)
[M::mem_pestat] low and high boundaries for proper pairs: (1, 2823)
[M::mem_pestat] skip orientation FF
[M::mem_pestat] skip orientation RR
[M::mem_process_seqs] Processed 3960398 reads in 917.484 CPU sec, 23.933 real sec
[M::process] read 3960398 sequences (400000198 bp)...
[M::mem_pestat] # candidate unique pairs for (FF, FR, RF, RR): (177, 1829437, 0, 29)
[M::mem_pestat] analyzing insert size distribution for orientation FF...
[M::mem_pestat] (25, 50, 75) percentile: (152, 208, 257)
[M::mem_pestat] low and high boundaries for computing mean and std.dev: (1, 467)
[M::mem_pestat] mean and std.dev: (202.58, 78.55)
[M::mem_pestat] low and high boundaries for proper pairs: (1, 572)
[M::mem_pestat] analyzing insert size distribution for orientation FR...
[M::mem_pestat] (25, 50, 75) percentile: (273, 314, 358)
[M::mem_pestat] low and high boundaries for computing mean and std.dev: (103, 528)
[M::mem_pestat] mean and std.dev: (315.71, 65.81)
[M::mem_pestat] low and high boundaries for proper pairs: (18, 613)
[M::mem_pestat] skip orientation RF as there are not enough pairs
[M::mem_pestat] analyzing insert size distribution for orientation RR...
[M::mem_pestat] (25, 50, 75) percentile: (153, 263, 630)
[M::mem_pestat] low and high boundaries for computing mean and std.dev: (1, 1584)
[M::mem_pestat] mean and std.dev: (333.73, 316.73)
[M::mem_pestat] low and high boundaries for proper pairs: (1, 2061)
[M::mem_pestat] skip orientation FF
[M::mem_pestat] skip orientation RR
[M::mem_process_seqs] Processed 3960398 reads in 901.770 CPU sec, 23.621 real sec
[M::process] read 3960398 sequences (400000198 bp)...
[M::mem_pestat] # candidate unique pairs for (FF, FR, RF, RR): (200, 1820938, 7, 45)
[M::mem_pestat] analyzing insert size distribution for orientation FF...
[M::mem_pestat] (25, 50, 75) percentile: (173, 231, 293)
[M::mem_pestat] low and high boundaries for computing mean and std.dev: (1, 533)
[M::mem_pestat] mean and std.dev: (218.63, 87.06)
[M::mem_pestat] low and high boundaries for proper pairs: (1, 653)
[M::mem_pestat] analyzing insert size distribution for orientation FR...
[M::mem_pestat] (25, 50, 75) percentile: (274, 315, 359)
[M::mem_pestat] low and high boundaries for computing mean and std.dev: (104, 529)
[M::mem_pestat] mean and std.dev: (316.39, 65.95)
[M::mem_pestat] low and high boundaries for proper pairs: (19, 614)
[M::mem_pestat] skip orientation RF as there are not enough pairs
[M::mem_pestat] analyzing insert size distribution for orientation RR...
[M::mem_pestat] (25, 50, 75) percentile: (218, 346, 1071)
[M::mem_pestat] low and high boundaries for computing mean and std.dev: (1, 2777)
[M::mem_pestat] mean and std.dev: (621.35, 599.36)
[M::mem_pestat] low and high boundaries for proper pairs: (1, 3630)
[M::mem_pestat] skip orientation FF
[M::mem_pestat] skip orientation RR
[M::mem_process_seqs] Processed 3960398 reads in 1004.416 CPU sec, 26.116 real sec
[M::process] read 3960398 sequences (400000198 bp)...
[M::mem_pestat] # candidate unique pairs for (FF, FR, RF, RR): (161, 1796940, 1, 37)
[M::mem_pestat] analyzing insert size distribution for orientation FF...
[M::mem_pestat] (25, 50, 75) percentile: (159, 209, 292)
[M::mem_pestat] low and high boundaries for computing mean and std.dev: (1, 558)
[M::mem_pestat] mean and std.dev: (206.69, 88.48)
[M::mem_pestat] low and high boundaries for proper pairs: (1, 691)
[M::mem_pestat] analyzing insert size distribution for orientation FR...
[M::mem_pestat] (25, 50, 75) percentile: (275, 316, 360)
[M::mem_pestat] low and high boundaries for computing mean and std.dev: (105, 530)
[M::mem_pestat] mean and std.dev: (317.46, 66.14)
[M::mem_pestat] low and high boundaries for proper pairs: (20, 615)
[M::mem_pestat] skip orientation RF as there are not enough pairs
[M::mem_pestat] analyzing insert size distribution for orientation RR...
[M::mem_pestat] (25, 50, 75) percentile: (138, 340, 1352)
[M::mem_pestat] low and high boundaries for computing mean and std.dev: (1, 3780)
[M::mem_pestat] mean and std.dev: (695.32, 819.85)
[M::mem_pestat] low and high boundaries for proper pairs: (1, 4994)
[M::mem_pestat] skip orientation FF
[M::mem_pestat] skip orientation RR
[M::mem_process_seqs] Processed 3960398 reads in 985.892 CPU sec, 25.719 real sec
[M::process] read 3960398 sequences (400000198 bp)...
[M::mem_pestat] # candidate unique pairs for (FF, FR, RF, RR): (184, 1764634, 2, 41)
[M::mem_pestat] analyzing insert size distribution for orientation FF...
[M::mem_pestat] (25, 50, 75) percentile: (152, 223, 285)
[M::mem_pestat] low and high boundaries for computing mean and std.dev: (1, 551)
[M::mem_pestat] mean and std.dev: (215.06, 100.72)
[M::mem_pestat] low and high boundaries for proper pairs: (1, 684)
[M::mem_pestat] analyzing insert size distribution for orientation FR...
[M::mem_pestat] (25, 50, 75) percentile: (275, 316, 360)
[M::mem_pestat] low and high boundaries for computing mean and std.dev: (105, 530)
[M::mem_pestat] mean and std.dev: (317.69, 66.24)
[M::mem_pestat] low and high boundaries for proper pairs: (20, 615)
[M::mem_pestat] skip orientation RF as there are not enough pairs
[M::mem_pestat] analyzing insert size distribution for orientation RR...
[M::mem_pestat] (25, 50, 75) percentile: (406, 511, 1076)
[M::mem_pestat] low and high boundaries for computing mean and std.dev: (1, 2416)
[M::mem_pestat] mean and std.dev: (548.19, 352.45)
[M::mem_pestat] low and high boundaries for proper pairs: (1, 3086)
[M::mem_pestat] skip orientation FF
[M::mem_pestat] skip orientation RR
[M::mem_process_seqs] Processed 3960398 reads in 907.436 CPU sec, 23.810 real sec
[M::process] read 3960398 sequences (400000198 bp)...
[M::mem_pestat] # candidate unique pairs for (FF, FR, RF, RR): (137, 1690066, 45, 21)
[M::mem_pestat] analyzing insert size distribution for orientation FF...
[M::mem_pestat] (25, 50, 75) percentile: (169, 227, 286)
[M::mem_pestat] low and high boundaries for computing mean and std.dev: (1, 520)
[M::mem_pestat] mean and std.dev: (211.17, 89.47)
[M::mem_pestat] low and high boundaries for proper pairs: (1, 637)
[M::mem_pestat] analyzing insert size distribution for orientation FR...
[M::mem_pestat] (25, 50, 75) percentile: (276, 317, 362)
[M::mem_pestat] low and high boundaries for computing mean and std.dev: (104, 534)
[M::mem_pestat] mean and std.dev: (318.71, 66.65)
[M::mem_pestat] low and high boundaries for proper pairs: (18, 620)
[M::mem_pestat] analyzing insert size distribution for orientation RF...
[M::mem_pestat] (25, 50, 75) percentile: (38, 147, 418)
[M::mem_pestat] low and high boundaries for computing mean and std.dev: (1, 1178)
[M::mem_pestat] mean and std.dev: (225.25, 249.43)
[M::mem_pestat] low and high boundaries for proper pairs: (1, 1558)
[M::mem_pestat] analyzing insert size distribution for orientation RR...
[M::mem_pestat] (25, 50, 75) percentile: (281, 816, 1449)
[M::mem_pestat] low and high boundaries for computing mean and std.dev: (1, 3785)
[M::mem_pestat] mean and std.dev: (918.76, 632.38)
[M::mem_pestat] low and high boundaries for proper pairs: (1, 4953)
[M::mem_pestat] skip orientation FF
[M::mem_pestat] skip orientation RF
[M::mem_pestat] skip orientation RR
[M::mem_process_seqs] Processed 3960398 reads in 900.780 CPU sec, 23.540 real sec
[M::process] read 3960398 sequences (400000198 bp)...
[M::mem_pestat] # candidate unique pairs for (FF, FR, RF, RR): (168, 1685313, 19, 30)
[M::mem_pestat] analyzing insert size distribution for orientation FF...
[M::mem_pestat] (25, 50, 75) percentile: (162, 218, 281)
[M::mem_pestat] low and high boundaries for computing mean and std.dev: (1, 519)
[M::mem_pestat] mean and std.dev: (209.88, 73.41)
[M::mem_pestat] low and high boundaries for proper pairs: (1, 638)
[M::mem_pestat] analyzing insert size distribution for orientation FR...
[M::mem_pestat] (25, 50, 75) percentile: (275, 316, 360)
[M::mem_pestat] low and high boundaries for computing mean and std.dev: (105, 530)
[M::mem_pestat] mean and std.dev: (317.51, 66.31)
[M::mem_pestat] low and high boundaries for proper pairs: (20, 615)
[M::mem_pestat] analyzing insert size distribution for orientation RF...
[M::mem_pestat] (25, 50, 75) percentile: (45, 74, 169)
[M::mem_pestat] low and high boundaries for computing mean and std.dev: (1, 417)
[M::mem_pestat] mean and std.dev: (80.76, 56.60)
[M::mem_pestat] low and high boundaries for proper pairs: (1, 541)
[M::mem_pestat] analyzing insert size distribution for orientation RR...
[M::mem_pestat] (25, 50, 75) percentile: (236, 781, 1356)
[M::mem_pestat] low and high boundaries for computing mean and std.dev: (1, 3596)
[M::mem_pestat] mean and std.dev: (860.69, 822.92)
[M::mem_pestat] low and high boundaries for proper pairs: (1, 4716)
[M::mem_pestat] skip orientation FF
[M::mem_pestat] skip orientation RF
[M::mem_pestat] skip orientation RR
[M::mem_process_seqs] Processed 3960398 reads in 921.339 CPU sec, 24.192 real sec
[M::process] read 3960398 sequences (400000198 bp)...
[M::mem_pestat] # candidate unique pairs for (FF, FR, RF, RR): (181, 1774846, 1, 29)
[M::mem_pestat] analyzing insert size distribution for orientation FF...
[M::mem_pestat] (25, 50, 75) percentile: (161, 217, 276)
[M::mem_pestat] low and high boundaries for computing mean and std.dev: (1, 506)
[M::mem_pestat] mean and std.dev: (205.64, 87.42)
[M::mem_pestat] low and high boundaries for proper pairs: (1, 621)
[M::mem_pestat] analyzing insert size distribution for orientation FR...
[M::mem_pestat] (25, 50, 75) percentile: (273, 314, 358)
[M::mem_pestat] low and high boundaries for computing mean and std.dev: (103, 528)
[M::mem_pestat] mean and std.dev: (316.05, 65.85)
[M::mem_pestat] low and high boundaries for proper pairs: (18, 613)
[M::mem_pestat] skip orientation RF as there are not enough pairs
[M::mem_pestat] analyzing insert size distribution for orientation RR...
[M::mem_pestat] (25, 50, 75) percentile: (212, 410, 1277)
[M::mem_pestat] low and high boundaries for computing mean and std.dev: (1, 3407)
[M::mem_pestat] mean and std.dev: (497.92, 405.10)
[M::mem_pestat] low and high boundaries for proper pairs: (1, 4472)
[M::mem_pestat] skip orientation FF
[M::mem_pestat] skip orientation RR
[M::mem_process_seqs] Processed 3960398 reads in 904.987 CPU sec, 23.639 real sec
[M::process] read 3960398 sequences (400000198 bp)...
[M::mem_pestat] # candidate unique pairs for (FF, FR, RF, RR): (169, 1783666, 1, 28)
[M::mem_pestat] analyzing insert size distribution for orientation FF...
[M::mem_pestat] (25, 50, 75) percentile: (168, 241, 320)
[M::mem_pestat] low and high boundaries for computing mean and std.dev: (1, 624)
[M::mem_pestat] mean and std.dev: (231.88, 101.06)
[M::mem_pestat] low and high boundaries for proper pairs: (1, 776)
[M::mem_pestat] analyzing insert size distribution for orientation FR...
[M::mem_pestat] (25, 50, 75) percentile: (274, 315, 359)
[M::mem_pestat] low and high boundaries for computing mean and std.dev: (104, 529)
[M::mem_pestat] mean and std.dev: (316.67, 66.02)
[M::mem_pestat] low and high boundaries for proper pairs: (19, 614)
[M::mem_pestat] skip orientation RF as there are not enough pairs
[M::mem_pestat] analyzing insert size distribution for orientation RR...
[M::mem_pestat] (25, 50, 75) percentile: (148, 942, 1299)
[M::mem_pestat] low and high boundaries for computing mean and std.dev: (1, 3601)
[M::mem_pestat] mean and std.dev: (769.12, 671.75)
[M::mem_pestat] low and high boundaries for proper pairs: (1, 4752)
[M::mem_pestat] skip orientation FF
[M::mem_pestat] skip orientation RR
[M::mem_process_seqs] Processed 3960398 reads in 1119.484 CPU sec, 29.287 real sec
[M::process] read 3960398 sequences (400000198 bp)...
[M::mem_pestat] # candidate unique pairs for (FF, FR, RF, RR): (173, 1786829, 1, 21)
[M::mem_pestat] analyzing insert size distribution for orientation FF...
[M::mem_pestat] (25, 50, 75) percentile: (164, 219, 280)
[M::mem_pestat] low and high boundaries for computing mean and std.dev: (1, 512)
[M::mem_pestat] mean and std.dev: (212.59, 89.73)
[M::mem_pestat] low and high boundaries for proper pairs: (1, 628)
[M::mem_pestat] analyzing insert size distribution for orientation FR...
[M::mem_pestat] (25, 50, 75) percentile: (273, 314, 359)
[M::mem_pestat] low and high boundaries for computing mean and std.dev: (101, 531)
[M::mem_pestat] mean and std.dev: (316.11, 66.10)
[M::mem_pestat] low and high boundaries for proper pairs: (15, 617)
[M::mem_pestat] skip orientation RF as there are not enough pairs
[M::mem_pestat] analyzing insert size distribution for orientation RR...
[M::mem_pestat] (25, 50, 75) percentile: (170, 257, 489)
[M::mem_pestat] low and high boundaries for computing mean and std.dev: (1, 1127)
[M::mem_pestat] mean and std.dev: (262.83, 130.72)
[M::mem_pestat] low and high boundaries for proper pairs: (1, 1446)
[M::mem_pestat] skip orientation FF
[M::mem_pestat] skip orientation RR
[M::mem_process_seqs] Processed 3960398 reads in 940.213 CPU sec, 24.547 real sec
[M::process] read 3960398 sequences (400000198 bp)...
[M::mem_pestat] # candidate unique pairs for (FF, FR, RF, RR): (162, 1717881, 55, 36)
[M::mem_pestat] analyzing insert size distribution for orientation FF...
[M::mem_pestat] (25, 50, 75) percentile: (156, 217, 272)
[M::mem_pestat] low and high boundaries for computing mean and std.dev: (1, 504)
[M::mem_pestat] mean and std.dev: (206.83, 84.94)
[M::mem_pestat] low and high boundaries for proper pairs: (1, 620)
[M::mem_pestat] analyzing insert size distribution for orientation FR...
[M::mem_pestat] (25, 50, 75) percentile: (274, 315, 359)
[M::mem_pestat] low and high boundaries for computing mean and std.dev: (104, 529)
[M::mem_pestat] mean and std.dev: (316.38, 66.02)
[M::mem_pestat] low and high boundaries for proper pairs: (19, 614)
[M::mem_pestat] analyzing insert size distribution for orientation RF...
[M::mem_pestat] (25, 50, 75) percentile: (136, 166, 191)
[M::mem_pestat] low and high boundaries for computing mean and std.dev: (26, 301)
[M::mem_pestat] mean and std.dev: (160.57, 52.64)
[M::mem_pestat] low and high boundaries for proper pairs: (1, 371)
[M::mem_pestat] analyzing insert size distribution for orientation RR...
[M::mem_pestat] (25, 50, 75) percentile: (235, 586, 1315)
[M::mem_pestat] low and high boundaries for computing mean and std.dev: (1, 3475)
[M::mem_pestat] mean and std.dev: (896.46, 880.97)
[M::mem_pestat] low and high boundaries for proper pairs: (1, 4555)
[M::mem_pestat] skip orientation FF
[M::mem_pestat] skip orientation RF
[M::mem_pestat] skip orientation RR
[M::mem_process_seqs] Processed 3960398 reads in 1019.388 CPU sec, 26.649 real sec
[M::process] read 3960398 sequences (400000198 bp)...
[M::mem_pestat] # candidate unique pairs for (FF, FR, RF, RR): (98, 918355, 1, 33)
[M::mem_pestat] analyzing insert size distribution for orientation FF...
[M::mem_pestat] (25, 50, 75) percentile: (165, 229, 307)
[M::mem_pestat] low and high boundaries for computing mean and std.dev: (1, 591)
[M::mem_pestat] mean and std.dev: (211.50, 96.53)
[M::mem_pestat] low and high boundaries for proper pairs: (1, 733)
[M::mem_pestat] analyzing insert size distribution for orientation FR...
[M::mem_pestat] (25, 50, 75) percentile: (275, 316, 361)
[M::mem_pestat] low and high boundaries for computing mean and std.dev: (103, 533)
[M::mem_pestat] mean and std.dev: (318.00, 66.51)
[M::mem_pestat] low and high boundaries for proper pairs: (17, 619)
[M::mem_pestat] skip orientation RF as there are not enough pairs
[M::mem_pestat] analyzing insert size distribution for orientation RR...
[M::mem_pestat] (25, 50, 75) percentile: (260, 681, 1494)
[M::mem_pestat] low and high boundaries for computing mean and std.dev: (1, 3962)
[M::mem_pestat] mean and std.dev: (893.84, 814.85)
[M::mem_pestat] low and high boundaries for proper pairs: (1, 5196)
[M::mem_pestat] skip orientation FF
[M::mem_pestat] skip orientation RR
[M::mem_process_seqs] Processed 3960398 reads in 1087.970 CPU sec, 28.160 real sec
[M::process] read 3960398 sequences (400000198 bp)...
[M::mem_pestat] # candidate unique pairs for (FF, FR, RF, RR): (6, 21140, 4, 5)
[M::mem_pestat] skip orientation FF as there are not enough pairs
[M::mem_pestat] analyzing insert size distribution for orientation FR...
[M::mem_pestat] (25, 50, 75) percentile: (273, 314, 359)
[M::mem_pestat] low and high boundaries for computing mean and std.dev: (101, 531)
[M::mem_pestat] mean and std.dev: (315.29, 67.73)
[M::mem_pestat] low and high boundaries for proper pairs: (15, 617)
[M::mem_pestat] skip orientation RF as there are not enough pairs
[M::mem_pestat] skip orientation RR as there are not enough pairs
[M::process] read 3960398 sequences (400000198 bp)...
[M::mem_process_seqs] Processed 3960398 reads in 3317.512 CPU sec, 83.545 real sec
[M::mem_pestat] # candidate unique pairs for (FF, FR, RF, RR): (74, 814548, 2, 9)
[M::mem_pestat] analyzing insert size distribution for orientation FF...
[M::mem_pestat] (25, 50, 75) percentile: (156, 216, 265)
[M::mem_pestat] low and high boundaries for computing mean and std.dev: (1, 483)
[M::mem_pestat] mean and std.dev: (206.43, 90.93)
[M::mem_pestat] low and high boundaries for proper pairs: (1, 592)
[M::mem_pestat] analyzing insert size distribution for orientation FR...
[M::mem_pestat] (25, 50, 75) percentile: (274, 315, 359)
[M::mem_pestat] low and high boundaries for computing mean and std.dev: (104, 529)
[M::mem_pestat] mean and std.dev: (316.78, 66.17)
[M::mem_pestat] low and high boundaries for proper pairs: (19, 614)
[M::mem_pestat] skip orientation RF as there are not enough pairs
[M::mem_pestat] skip orientation RR as there are not enough pairs
[M::mem_pestat] skip orientation FF
[M::process] read 3960398 sequences (400000198 bp)...
[M::mem_process_seqs] Processed 3960398 reads in 2167.795 CPU sec, 55.055 real sec
[M::mem_pestat] # candidate unique pairs for (FF, FR, RF, RR): (172, 1807364, 2, 32)
[M::mem_pestat] analyzing insert size distribution for orientation FF...
[M::mem_pestat] (25, 50, 75) percentile: (161, 227, 291)
[M::mem_pestat] low and high boundaries for computing mean and std.dev: (1, 551)
[M::mem_pestat] mean and std.dev: (212.86, 81.14)
[M::mem_pestat] low and high boundaries for proper pairs: (1, 681)
[M::mem_pestat] analyzing insert size distribution for orientation FR...
[M::mem_pestat] (25, 50, 75) percentile: (274, 315, 359)
[M::mem_pestat] low and high boundaries for computing mean and std.dev: (104, 529)
[M::mem_pestat] mean and std.dev: (316.56, 66.02)
[M::mem_pestat] low and high boundaries for proper pairs: (19, 614)
[M::mem_pestat] skip orientation RF as there are not enough pairs
[M::mem_pestat] analyzing insert size distribution for orientation RR...
[M::mem_pestat] (25, 50, 75) percentile: (205, 309, 1961)
[M::mem_pestat] low and high boundaries for computing mean and std.dev: (1, 5473)
[M::mem_pestat] mean and std.dev: (978.94, 1320.24)
[M::mem_pestat] low and high boundaries for proper pairs: (1, 7229)
[M::mem_pestat] skip orientation FF
[M::mem_pestat] skip orientation RR
[M::mem_process_seqs] Processed 3960398 reads in 941.114 CPU sec, 24.643 real sec
[M::process] read 3960398 sequences (400000198 bp)...
[M::mem_pestat] # candidate unique pairs for (FF, FR, RF, RR): (189, 1736483, 3, 19)
[M::mem_pestat] analyzing insert size distribution for orientation FF...
[M::mem_pestat] (25, 50, 75) percentile: (149, 230, 292)
[M::mem_pestat] low and high boundaries for computing mean and std.dev: (1, 578)
[M::mem_pestat] mean and std.dev: (212.87, 92.49)
[M::mem_pestat] low and high boundaries for proper pairs: (1, 721)
[M::mem_pestat] analyzing insert size distribution for orientation FR...
[M::mem_pestat] (25, 50, 75) percentile: (274, 315, 359)
[M::mem_pestat] low and high boundaries for computing mean and std.dev: (104, 529)
[M::mem_pestat] mean and std.dev: (316.76, 66.08)
[M::mem_pestat] low and high boundaries for proper pairs: (19, 614)
[M::mem_pestat] skip orientation RF as there are not enough pairs
[M::mem_pestat] analyzing insert size distribution for orientation RR...
[M::mem_pestat] (25, 50, 75) percentile: (229, 659, 1840)
[M::mem_pestat] low and high boundaries for computing mean and std.dev: (1, 5062)
[M::mem_pestat] mean and std.dev: (1042.32, 987.75)
[M::mem_pestat] low and high boundaries for proper pairs: (1, 6673)
[M::mem_pestat] skip orientation FF
[M::mem_pestat] skip orientation RR
[M::mem_process_seqs] Processed 3960398 reads in 996.314 CPU sec, 25.925 real sec
[M::process] read 3960398 sequences (400000198 bp)...
[M::mem_pestat] # candidate unique pairs for (FF, FR, RF, RR): (152, 1746783, 3, 37)
[M::mem_pestat] analyzing insert size distribution for orientation FF...
[M::mem_pestat] (25, 50, 75) percentile: (181, 241, 308)
[M::mem_pestat] low and high boundaries for computing mean and std.dev: (1, 562)
[M::mem_pestat] mean and std.dev: (221.48, 87.18)
[M::mem_pestat] low and high boundaries for proper pairs: (1, 689)
[M::mem_pestat] analyzing insert size distribution for orientation FR...
[M::mem_pestat] (25, 50, 75) percentile: (275, 316, 361)
[M::mem_pestat] low and high boundaries for computing mean and std.dev: (103, 533)
[M::mem_pestat] mean and std.dev: (318.01, 66.45)
[M::mem_pestat] low and high boundaries for proper pairs: (17, 619)
[M::mem_pestat] skip orientation RF as there are not enough pairs
[M::mem_pestat] analyzing insert size distribution for orientation RR...
[M::mem_pestat] (25, 50, 75) percentile: (219, 934, 2187)
[M::mem_pestat] low and high boundaries for computing mean and std.dev: (1, 6123)
[M::mem_pestat] mean and std.dev: (1311.54, 1296.55)
[M::mem_pestat] low and high boundaries for proper pairs: (1, 8091)
[M::mem_pestat] skip orientation FF
[M::mem_pestat] skip orientation RR
[M::mem_process_seqs] Processed 3960398 reads in 892.227 CPU sec, 23.302 real sec
[M::process] read 3960398 sequences (400000198 bp)...
[M::mem_pestat] # candidate unique pairs for (FF, FR, RF, RR): (146, 1602467, 3, 31)
[M::mem_pestat] analyzing insert size distribution for orientation FF...
[M::mem_pestat] (25, 50, 75) percentile: (144, 220, 290)
[M::mem_pestat] low and high boundaries for computing mean and std.dev: (1, 582)
[M::mem_pestat] mean and std.dev: (206.87, 92.95)
[M::mem_pestat] low and high boundaries for proper pairs: (1, 728)
[M::mem_pestat] analyzing insert size distribution for orientation FR...
[M::mem_pestat] (25, 50, 75) percentile: (275, 316, 360)
[M::mem_pestat] low and high boundaries for computing mean and std.dev: (105, 530)
[M::mem_pestat] mean and std.dev: (317.58, 66.25)
[M::mem_pestat] low and high boundaries for proper pairs: (20, 615)
[M::mem_pestat] skip orientation RF as there are not enough pairs
[M::mem_pestat] analyzing insert size distribution for orientation RR...
[M::mem_pestat] (25, 50, 75) percentile: (216, 768, 1485)
[M::mem_pestat] low and high boundaries for computing mean and std.dev: (1, 4023)
[M::mem_pestat] mean and std.dev: (959.77, 912.67)
[M::mem_pestat] low and high boundaries for proper pairs: (1, 5292)
[M::mem_pestat] skip orientation FF
[M::mem_pestat] skip orientation RR
[M::mem_process_seqs] Processed 3960398 reads in 940.555 CPU sec, 24.520 real sec
[M::process] read 3960398 sequences (400000198 bp)...
[M::mem_pestat] # candidate unique pairs for (FF, FR, RF, RR): (200, 1778598, 34, 42)
[M::mem_pestat] analyzing insert size distribution for orientation FF...
[M::mem_pestat] (25, 50, 75) percentile: (165, 239, 316)
[M::mem_pestat] low and high boundaries for computing mean and std.dev: (1, 618)
[M::mem_pestat] mean and std.dev: (227.94, 106.84)
[M::mem_pestat] low and high boundaries for proper pairs: (1, 769)
[M::mem_pestat] analyzing insert size distribution for orientation FR...
[M::mem_pestat] (25, 50, 75) percentile: (274, 315, 359)
[M::mem_pestat] low and high boundaries for computing mean and std.dev: (104, 529)
[M::mem_pestat] mean and std.dev: (316.55, 65.99)
[M::mem_pestat] low and high boundaries for proper pairs: (19, 614)
[M::mem_pestat] analyzing insert size distribution for orientation RF...
[M::mem_pestat] (25, 50, 75) percentile: (5788, 5833, 5914)
[M::mem_pestat] low and high boundaries for computing mean and std.dev: (5536, 6166)
[M::mem_pestat] mean and std.dev: (5860.63, 66.88)
[M::mem_pestat] low and high boundaries for proper pairs: (5410, 6292)
[M::mem_pestat] analyzing insert size distribution for orientation RR...
[M::mem_pestat] (25, 50, 75) percentile: (237, 467, 994)
[M::mem_pestat] low and high boundaries for computing mean and std.dev: (1, 2508)
[M::mem_pestat] mean and std.dev: (544.37, 449.26)
[M::mem_pestat] low and high boundaries for proper pairs: (1, 3265)
[M::mem_pestat] skip orientation FF
[M::mem_pestat] skip orientation RF
[M::mem_pestat] skip orientation RR
[M::mem_process_seqs] Processed 3960398 reads in 931.278 CPU sec, 24.320 real sec
[M::process] read 3960398 sequences (400000198 bp)...
[M::mem_pestat] # candidate unique pairs for (FF, FR, RF, RR): (187, 1805604, 18, 62)
[M::mem_pestat] analyzing insert size distribution for orientation FF...
[M::mem_pestat] (25, 50, 75) percentile: (187, 244, 343)
[M::mem_pestat] low and high boundaries for computing mean and std.dev: (1, 655)
[M::mem_pestat] mean and std.dev: (242.54, 107.29)
[M::mem_pestat] low and high boundaries for proper pairs: (1, 811)
[M::mem_pestat] analyzing insert size distribution for orientation FR...
[M::mem_pestat] (25, 50, 75) percentile: (275, 316, 360)
[M::mem_pestat] low and high boundaries for computing mean and std.dev: (105, 530)
[M::mem_pestat] mean and std.dev: (317.47, 66.18)
[M::mem_pestat] low and high boundaries for proper pairs: (20, 615)
[M::mem_pestat] analyzing insert size distribution for orientation RF...
[M::mem_pestat] (25, 50, 75) percentile: (6932, 6970, 7027)
[M::mem_pestat] low and high boundaries for computing mean and std.dev: (6742, 7217)
[M::mem_pestat] mean and std.dev: (6969.28, 68.06)
[M::mem_pestat] low and high boundaries for proper pairs: (6647, 7312)
[M::mem_pestat] analyzing insert size distribution for orientation RR...
[M::mem_pestat] (25, 50, 75) percentile: (215, 404, 1450)
[M::mem_pestat] low and high boundaries for computing mean and std.dev: (1, 3920)
[M::mem_pestat] mean and std.dev: (765.24, 846.52)
[M::mem_pestat] low and high boundaries for proper pairs: (1, 5155)
[M::mem_pestat] skip orientation FF
[M::mem_pestat] skip orientation RF
[M::mem_pestat] skip orientation RR
[M::process] read 3960398 sequences (400000198 bp)...
[M::mem_process_seqs] Processed 3960398 reads in 1007.388 CPU sec, 25.731 real sec
[M::mem_pestat] # candidate unique pairs for (FF, FR, RF, RR): (188, 1833392, 3, 23)
[M::mem_pestat] analyzing insert size distribution for orientation FF...
[M::mem_pestat] (25, 50, 75) percentile: (174, 232, 282)
[M::mem_pestat] low and high boundaries for computing mean and std.dev: (1, 498)
[M::mem_pestat] mean and std.dev: (222.57, 82.67)
[M::mem_pestat] low and high boundaries for proper pairs: (1, 606)
[M::mem_pestat] analyzing insert size distribution for orientation FR...
[M::mem_pestat] (25, 50, 75) percentile: (275, 316, 360)
[M::mem_pestat] low and high boundaries for computing mean and std.dev: (105, 530)
[M::mem_pestat] mean and std.dev: (317.51, 66.20)
[M::mem_pestat] low and high boundaries for proper pairs: (20, 615)
[M::mem_pestat] skip orientation RF as there are not enough pairs
[M::mem_pestat] analyzing insert size distribution for orientation RR...
[M::mem_pestat] (25, 50, 75) percentile: (211, 285, 979)
[M::mem_pestat] low and high boundaries for computing mean and std.dev: (1, 2515)
[M::mem_pestat] mean and std.dev: (514.86, 516.95)
[M::mem_pestat] low and high boundaries for proper pairs: (1, 3283)
[M::mem_pestat] skip orientation FF
[M::mem_pestat] skip orientation RR
[M::mem_process_seqs] Processed 3960398 reads in 901.793 CPU sec, 23.519 real sec
[M::process] read 3960398 sequences (400000198 bp)...
[M::mem_pestat] # candidate unique pairs for (FF, FR, RF, RR): (171, 1777692, 30, 74)
[M::mem_pestat] analyzing insert size distribution for orientation FF...
[M::mem_pestat] (25, 50, 75) percentile: (203, 267, 401)
[M::mem_pestat] low and high boundaries for computing mean and std.dev: (1, 797)
[M::mem_pestat] mean and std.dev: (253.57, 131.30)
[M::mem_pestat] low and high boundaries for proper pairs: (1, 995)
[M::mem_pestat] analyzing insert size distribution for orientation FR...
[M::mem_pestat] (25, 50, 75) percentile: (276, 317, 362)
[M::mem_pestat] low and high boundaries for computing mean and std.dev: (104, 534)
[M::mem_pestat] mean and std.dev: (318.92, 66.59)
[M::mem_pestat] low and high boundaries for proper pairs: (18, 620)
[M::mem_pestat] analyzing insert size distribution for orientation RF...
[M::mem_pestat] (25, 50, 75) percentile: (77, 116, 155)
[M::mem_pestat] low and high boundaries for computing mean and std.dev: (1, 311)
[M::mem_pestat] mean and std.dev: (114.60, 60.73)
[M::mem_pestat] low and high boundaries for proper pairs: (1, 389)
[M::mem_pestat] analyzing insert size distribution for orientation RR...
[M::mem_pestat] (25, 50, 75) percentile: (613, 942, 1567)
[M::mem_pestat] low and high boundaries for computing mean and std.dev: (1, 3475)
[M::mem_pestat] mean and std.dev: (1075.89, 676.02)
[M::mem_pestat] low and high boundaries for proper pairs: (1, 4429)
[M::mem_pestat] skip orientation FF
[M::mem_pestat] skip orientation RF
[M::mem_pestat] skip orientation RR
[M::mem_process_seqs] Processed 3960398 reads in 1128.285 CPU sec, 29.602 real sec
[M::process] read 3960398 sequences (400000198 bp)...
[M::mem_pestat] # candidate unique pairs for (FF, FR, RF, RR): (129, 1710381, 62, 43)
[M::mem_pestat] analyzing insert size distribution for orientation FF...
[M::mem_pestat] (25, 50, 75) percentile: (185, 269, 369)
[M::mem_pestat] low and high boundaries for computing mean and std.dev: (1, 737)
[M::mem_pestat] mean and std.dev: (259.40, 137.23)
[M::mem_pestat] low and high boundaries for proper pairs: (1, 921)
[M::mem_pestat] analyzing insert size distribution for orientation FR...
[M::mem_pestat] (25, 50, 75) percentile: (277, 319, 364)
[M::mem_pestat] low and high boundaries for computing mean and std.dev: (103, 538)
[M::mem_pestat] mean and std.dev: (320.45, 67.14)
[M::mem_pestat] low and high boundaries for proper pairs: (16, 625)
[M::mem_pestat] analyzing insert size distribution for orientation RF...
[M::mem_pestat] (25, 50, 75) percentile: (50, 116, 815)
[M::mem_pestat] low and high boundaries for computing mean and std.dev: (1, 2345)
[M::mem_pestat] mean and std.dev: (345.56, 413.83)
[M::mem_pestat] low and high boundaries for proper pairs: (1, 3110)
[M::mem_pestat] analyzing insert size distribution for orientation RR...
[M::mem_pestat] (25, 50, 75) percentile: (874, 1163, 1714)
[M::mem_pestat] low and high boundaries for computing mean and std.dev: (1, 3394)
[M::mem_pestat] mean and std.dev: (1195.64, 726.55)
[M::mem_pestat] low and high boundaries for proper pairs: (1, 4234)
[M::mem_pestat] skip orientation FF
[M::mem_pestat] skip orientation RF
[M::mem_pestat] skip orientation RR
[M::mem_process_seqs] Processed 3960398 reads in 975.265 CPU sec, 25.454 real sec
[M::process] read 3960398 sequences (400000198 bp)...
[M::mem_pestat] # candidate unique pairs for (FF, FR, RF, RR): (176, 1795286, 15, 20)
[M::mem_pestat] analyzing insert size distribution for orientation FF...
[M::mem_pestat] (25, 50, 75) percentile: (158, 224, 284)
[M::mem_pestat] low and high boundaries for computing mean and std.dev: (1, 536)
[M::mem_pestat] mean and std.dev: (210.60, 89.36)
[M::mem_pestat] low and high boundaries for proper pairs: (1, 662)
[M::mem_pestat] analyzing insert size distribution for orientation FR...
[M::mem_pestat] (25, 50, 75) percentile: (275, 316, 360)
[M::mem_pestat] low and high boundaries for computing mean and std.dev: (105, 530)
[M::mem_pestat] mean and std.dev: (317.44, 66.25)
[M::mem_pestat] low and high boundaries for proper pairs: (20, 615)
[M::mem_pestat] analyzing insert size distribution for orientation RF...
[M::mem_pestat] (25, 50, 75) percentile: (23, 51, 138)
[M::mem_pestat] low and high boundaries for computing mean and std.dev: (1, 368)
[M::mem_pestat] mean and std.dev: (73.85, 86.64)
[M::mem_pestat] low and high boundaries for proper pairs: (1, 483)
[M::mem_pestat] analyzing insert size distribution for orientation RR...
[M::mem_pestat] (25, 50, 75) percentile: (251, 760, 1586)
[M::mem_pestat] low and high boundaries for computing mean and std.dev: (1, 4256)
[M::mem_pestat] mean and std.dev: (664.65, 601.89)
[M::mem_pestat] low and high boundaries for proper pairs: (1, 5591)
[M::mem_pestat] skip orientation FF
[M::mem_pestat] skip orientation RF
[M::mem_pestat] skip orientation RR
[M::mem_process_seqs] Processed 3960398 reads in 999.107 CPU sec, 26.065 real sec
[M::process] read 3960398 sequences (400000198 bp)...
[M::mem_pestat] # candidate unique pairs for (FF, FR, RF, RR): (214, 1806967, 5, 45)
[M::mem_pestat] analyzing insert size distribution for orientation FF...
[M::mem_pestat] (25, 50, 75) percentile: (154, 225, 299)
[M::mem_pestat] low and high boundaries for computing mean and std.dev: (1, 589)
[M::mem_pestat] mean and std.dev: (212.70, 102.52)
[M::mem_pestat] low and high boundaries for proper pairs: (1, 734)
[M::mem_pestat] analyzing insert size distribution for orientation FR...
[M::mem_pestat] (25, 50, 75) percentile: (274, 315, 360)
[M::mem_pestat] low and high boundaries for computing mean and std.dev: (102, 532)
[M::mem_pestat] mean and std.dev: (317.10, 66.29)
[M::mem_pestat] low and high boundaries for proper pairs: (16, 618)
[M::mem_pestat] skip orientation RF as there are not enough pairs
[M::mem_pestat] analyzing insert size distribution for orientation RR...
[M::mem_pestat] (25, 50, 75) percentile: (273, 872, 1636)
[M::mem_pestat] low and high boundaries for computing mean and std.dev: (1, 4362)
[M::mem_pestat] mean and std.dev: (1057.40, 930.27)
[M::mem_pestat] low and high boundaries for proper pairs: (1, 5725)
[M::mem_pestat] skip orientation FF
[M::mem_pestat] skip orientation RR
[M::mem_process_seqs] Processed 3960398 reads in 1023.104 CPU sec, 26.852 real sec
[M::process] read 3960398 sequences (400000198 bp)...
[M::mem_pestat] # candidate unique pairs for (FF, FR, RF, RR): (191, 1794513, 0, 37)
[M::mem_pestat] analyzing insert size distribution for orientation FF...
[M::mem_pestat] (25, 50, 75) percentile: (172, 221, 289)
[M::mem_pestat] low and high boundaries for computing mean and std.dev: (1, 523)
[M::mem_pestat] mean and std.dev: (212.16, 87.57)
[M::mem_pestat] low and high boundaries for proper pairs: (1, 640)
[M::mem_pestat] analyzing insert size distribution for orientation FR...
[M::mem_pestat] (25, 50, 75) percentile: (274, 315, 359)
[M::mem_pestat] low and high boundaries for computing mean and std.dev: (104, 529)
[M::mem_pestat] mean and std.dev: (316.57, 66.01)
[M::mem_pestat] low and high boundaries for proper pairs: (19, 614)
[M::mem_pestat] skip orientation RF as there are not enough pairs
[M::mem_pestat] analyzing insert size distribution for orientation RR...
[M::mem_pestat] (25, 50, 75) percentile: (296, 823, 1790)
[M::mem_pestat] low and high boundaries for computing mean and std.dev: (1, 4778)
[M::mem_pestat] mean and std.dev: (957.39, 882.24)
[M::mem_pestat] low and high boundaries for proper pairs: (1, 6272)
[M::mem_pestat] skip orientation FF
[M::mem_pestat] skip orientation RR
[M::mem_process_seqs] Processed 3960398 reads in 1052.727 CPU sec, 27.442 real sec
[M::process] read 3960398 sequences (400000198 bp)...
[M::mem_pestat] # candidate unique pairs for (FF, FR, RF, RR): (185, 1727076, 78, 39)
[M::mem_pestat] analyzing insert size distribution for orientation FF...
[M::mem_pestat] (25, 50, 75) percentile: (161, 221, 282)
[M::mem_pestat] low and high boundaries for computing mean and std.dev: (1, 524)
[M::mem_pestat] mean and std.dev: (206.48, 96.32)
[M::mem_pestat] low and high boundaries for proper pairs: (1, 645)
[M::mem_pestat] analyzing insert size distribution for orientation FR...
[M::mem_pestat] (25, 50, 75) percentile: (274, 315, 359)
[M::mem_pestat] low and high boundaries for computing mean and std.dev: (104, 529)
[M::mem_pestat] mean and std.dev: (316.84, 66.09)
[M::mem_pestat] low and high boundaries for proper pairs: (19, 614)
[M::mem_pestat] analyzing insert size distribution for orientation RF...
[M::mem_pestat] (25, 50, 75) percentile: (409, 4262, 4416)
[M::mem_pestat] low and high boundaries for computing mean and std.dev: (1, 12430)
[M::mem_pestat] mean and std.dev: (2473.46, 1988.55)
[M::mem_pestat] low and high boundaries for proper pairs: (1, 16437)
[M::mem_pestat] analyzing insert size distribution for orientation RR...
[M::mem_pestat] (25, 50, 75) percentile: (261, 653, 1534)
[M::mem_pestat] low and high boundaries for computing mean and std.dev: (1, 4080)
[M::mem_pestat] mean and std.dev: (800.73, 698.95)
[M::mem_pestat] low and high boundaries for proper pairs: (1, 5353)
[M::mem_pestat] skip orientation FF
[M::mem_pestat] skip orientation RF
[M::mem_pestat] skip orientation RR
[M::mem_process_seqs] Processed 3960398 reads in 1008.289 CPU sec, 25.856 real sec
[M::process] read 3960398 sequences (400000198 bp)...
[M::mem_pestat] # candidate unique pairs for (FF, FR, RF, RR): (189, 1734801, 8, 29)
[M::mem_pestat] analyzing insert size distribution for orientation FF...
[M::mem_pestat] (25, 50, 75) percentile: (178, 242, 306)
[M::mem_pestat] low and high boundaries for computing mean and std.dev: (1, 562)
[M::mem_pestat] mean and std.dev: (215.48, 85.21)
[M::mem_pestat] low and high boundaries for proper pairs: (1, 690)
[M::mem_pestat] analyzing insert size distribution for orientation FR...
[M::mem_pestat] (25, 50, 75) percentile: (274, 315, 360)
[M::mem_pestat] low and high boundaries for computing mean and std.dev: (102, 532)
[M::mem_pestat] mean and std.dev: (317.01, 66.28)
[M::mem_pestat] low and high boundaries for proper pairs: (16, 618)
[M::mem_pestat] skip orientation RF as there are not enough pairs
[M::mem_pestat] analyzing insert size distribution for orientation RR...
[M::mem_pestat] (25, 50, 75) percentile: (215, 832, 1462)
[M::mem_pestat] low and high boundaries for computing mean and std.dev: (1, 3956)
[M::mem_pestat] mean and std.dev: (884.68, 729.96)
[M::mem_pestat] low and high boundaries for proper pairs: (1, 5203)
[M::mem_pestat] skip orientation FF
[M::mem_pestat] skip orientation RR
[M::mem_process_seqs] Processed 3960398 reads in 1061.971 CPU sec, 27.796 real sec
[M::process] read 3960398 sequences (400000198 bp)...
[M::mem_pestat] # candidate unique pairs for (FF, FR, RF, RR): (21, 248913, 104, 7)
[M::mem_pestat] analyzing insert size distribution for orientation FF...
[M::mem_pestat] (25, 50, 75) percentile: (173, 212, 436)
[M::mem_pestat] low and high boundaries for computing mean and std.dev: (1, 962)
[M::mem_pestat] mean and std.dev: (235.50, 156.81)
[M::mem_pestat] low and high boundaries for proper pairs: (1, 1225)
[M::mem_pestat] analyzing insert size distribution for orientation FR...
[M::mem_pestat] (25, 50, 75) percentile: (274, 315, 359)
[M::mem_pestat] low and high boundaries for computing mean and std.dev: (104, 529)
[M::mem_pestat] mean and std.dev: (316.48, 66.36)
[M::mem_pestat] low and high boundaries for proper pairs: (19, 614)
[M::mem_pestat] analyzing insert size distribution for orientation RF...
[M::mem_pestat] (25, 50, 75) percentile: (2004, 3495, 6413)
[M::mem_pestat] low and high boundaries for computing mean and std.dev: (1, 15231)
[M::mem_pestat] mean and std.dev: (3928.96, 2268.17)
[M::mem_pestat] low and high boundaries for proper pairs: (1, 19640)
[M::mem_pestat] skip orientation RR as there are not enough pairs
[M::mem_pestat] skip orientation FF
[M::mem_pestat] skip orientation RF
[M::process] read 3960398 sequences (400000198 bp)...
[M::mem_process_seqs] Processed 3960398 reads in 3479.431 CPU sec, 87.750 real sec
[M::process] read 3960398 sequences (400000198 bp)...
[M::mem_pestat] # candidate unique pairs for (FF, FR, RF, RR): (33, 450348, 9, 8)
[M::mem_pestat] analyzing insert size distribution for orientation FF...
[M::mem_pestat] (25, 50, 75) percentile: (186, 242, 292)
[M::mem_pestat] low and high boundaries for computing mean and std.dev: (1, 504)
[M::mem_pestat] mean and std.dev: (225.13, 87.16)
[M::mem_pestat] low and high boundaries for proper pairs: (1, 610)
[M::mem_pestat] analyzing insert size distribution for orientation FR...
[M::mem_pestat] (25, 50, 75) percentile: (275, 317, 361)
[M::mem_pestat] low and high boundaries for computing mean and std.dev: (103, 533)
[M::mem_pestat] mean and std.dev: (318.14, 66.42)
[M::mem_pestat] low and high boundaries for proper pairs: (17, 619)
[M::mem_pestat] skip orientation RF as there are not enough pairs
[M::mem_pestat] skip orientation RR as there are not enough pairs
[M::mem_pestat] skip orientation FF
[M::mem_process_seqs] Processed 3960398 reads in 5714.000 CPU sec, 144.091 real sec
[M::mem_pestat] # candidate unique pairs for (FF, FR, RF, RR): (100, 1209778, 16, 13)
[M::mem_pestat] analyzing insert size distribution for orientation FF...
[M::mem_pestat] (25, 50, 75) percentile: (149, 219, 268)
[M::mem_pestat] low and high boundaries for computing mean and std.dev: (1, 506)
[M::mem_pestat] mean and std.dev: (205.40, 93.28)
[M::mem_pestat] low and high boundaries for proper pairs: (1, 625)
[M::mem_pestat] analyzing insert size distribution for orientation FR...
[M::mem_pestat] (25, 50, 75) percentile: (275, 316, 360)
[M::mem_pestat] low and high boundaries for computing mean and std.dev: (105, 530)
[M::mem_pestat] mean and std.dev: (317.75, 66.28)
[M::mem_pestat] low and high boundaries for proper pairs: (20, 615)
[M::mem_pestat] analyzing insert size distribution for orientation RF...
[M::mem_pestat] (25, 50, 75) percentile: (604, 625, 658)
[M::mem_pestat] low and high boundaries for computing mean and std.dev: (496, 766)
[M::mem_pestat] mean and std.dev: (626.38, 46.21)
[M::mem_pestat] low and high boundaries for proper pairs: (442, 820)
[M::mem_pestat] analyzing insert size distribution for orientation RR...
[M::mem_pestat] (25, 50, 75) percentile: (152, 222, 1514)
[M::mem_pestat] low and high boundaries for computing mean and std.dev: (1, 4238)
[M::mem_pestat] mean and std.dev: (742.31, 884.68)
[M::mem_pestat] low and high boundaries for proper pairs: (1, 5600)
[M::mem_pestat] skip orientation FF
[M::mem_pestat] skip orientation RF
[M::mem_pestat] skip orientation RR
[M::mem_process_seqs] Processed 3960398 reads in 968.388 CPU sec, 24.979 real sec
[M::process] read 3960398 sequences (400000198 bp)...
[M::mem_pestat] # candidate unique pairs for (FF, FR, RF, RR): (178, 1795675, 1, 33)
[M::mem_pestat] analyzing insert size distribution for orientation FF...
[M::mem_pestat] (25, 50, 75) percentile: (154, 226, 285)
[M::mem_pestat] low and high boundaries for computing mean and std.dev: (1, 547)
[M::mem_pestat] mean and std.dev: (215.07, 88.78)
[M::mem_pestat] low and high boundaries for proper pairs: (1, 678)
[M::mem_pestat] analyzing insert size distribution for orientation FR...
[M::mem_pestat] (25, 50, 75) percentile: (273, 314, 358)
[M::mem_pestat] low and high boundaries for computing mean and std.dev: (103, 528)
[M::mem_pestat] mean and std.dev: (315.81, 65.88)
[M::mem_pestat] low and high boundaries for proper pairs: (18, 613)
[M::mem_pestat] skip orientation RF as there are not enough pairs
[M::mem_pestat] analyzing insert size distribution for orientation RR...
[M::mem_pestat] (25, 50, 75) percentile: (181, 228, 371)
[M::mem_pestat] low and high boundaries for computing mean and std.dev: (1, 751)
[M::mem_pestat] mean and std.dev: (234.43, 122.74)
[M::mem_pestat] low and high boundaries for proper pairs: (1, 941)
[M::mem_pestat] skip orientation FF
[M::mem_pestat] skip orientation RR
[M::mem_process_seqs] Processed 3960398 reads in 946.039 CPU sec, 24.764 real sec
[M::process] read 3960398 sequences (400000198 bp)...
[M::mem_pestat] # candidate unique pairs for (FF, FR, RF, RR): (159, 1829441, 6, 34)
[M::mem_pestat] analyzing insert size distribution for orientation FF...
[M::mem_pestat] (25, 50, 75) percentile: (158, 214, 277)
[M::mem_pestat] low and high boundaries for computing mean and std.dev: (1, 515)
[M::mem_pestat] mean and std.dev: (211.41, 83.91)
[M::mem_pestat] low and high boundaries for proper pairs: (1, 634)
[M::mem_pestat] analyzing insert size distribution for orientation FR...
[M::mem_pestat] (25, 50, 75) percentile: (274, 315, 359)
[M::mem_pestat] low and high boundaries for computing mean and std.dev: (104, 529)
[M::mem_pestat] mean and std.dev: (316.42, 65.94)
[M::mem_pestat] low and high boundaries for proper pairs: (19, 614)
[M::mem_pestat] skip orientation RF as there are not enough pairs
[M::mem_pestat] analyzing insert size distribution for orientation RR...
[M::mem_pestat] (25, 50, 75) percentile: (198, 269, 722)
[M::mem_pestat] low and high boundaries for computing mean and std.dev: (1, 1770)
[M::mem_pestat] mean and std.dev: (423.59, 346.54)
[M::mem_pestat] low and high boundaries for proper pairs: (1, 2294)
[M::mem_pestat] skip orientation FF
[M::mem_pestat] skip orientation RR
[M::mem_process_seqs] Processed 3960398 reads in 797.735 CPU sec, 21.022 real sec
[M::process] read 3960398 sequences (400000198 bp)...
[M::mem_pestat] # candidate unique pairs for (FF, FR, RF, RR): (153, 1785222, 1, 49)
[M::mem_pestat] analyzing insert size distribution for orientation FF...
[M::mem_pestat] (25, 50, 75) percentile: (158, 219, 310)
[M::mem_pestat] low and high boundaries for computing mean and std.dev: (1, 614)
[M::mem_pestat] mean and std.dev: (213.23, 101.02)
[M::mem_pestat] low and high boundaries for proper pairs: (1, 766)
[M::mem_pestat] analyzing insert size distribution for orientation FR...
[M::mem_pestat] (25, 50, 75) percentile: (275, 316, 360)
[M::mem_pestat] low and high boundaries for computing mean and std.dev: (105, 530)
[M::mem_pestat] mean and std.dev: (317.70, 66.25)
[M::mem_pestat] low and high boundaries for proper pairs: (20, 615)
[M::mem_pestat] skip orientation RF as there are not enough pairs
[M::mem_pestat] analyzing insert size distribution for orientation RR...
[M::mem_pestat] (25, 50, 75) percentile: (332, 1006, 1416)
[M::mem_pestat] low and high boundaries for computing mean and std.dev: (1, 3584)
[M::mem_pestat] mean and std.dev: (1064.55, 842.84)
[M::mem_pestat] low and high boundaries for proper pairs: (1, 4668)
[M::mem_pestat] skip orientation FF
[M::mem_pestat] skip orientation RR
[M::mem_process_seqs] Processed 3960398 reads in 1026.151 CPU sec, 26.755 real sec
[M::process] read 3960398 sequences (400000198 bp)...
[M::mem_pestat] # candidate unique pairs for (FF, FR, RF, RR): (151, 1662875, 2, 37)
[M::mem_pestat] analyzing insert size distribution for orientation FF...
[M::mem_pestat] (25, 50, 75) percentile: (169, 240, 319)
[M::mem_pestat] low and high boundaries for computing mean and std.dev: (1, 619)
[M::mem_pestat] mean and std.dev: (226.81, 93.63)
[M::mem_pestat] low and high boundaries for proper pairs: (1, 769)
[M::mem_pestat] analyzing insert size distribution for orientation FR...
[M::mem_pestat] (25, 50, 75) percentile: (275, 317, 361)
[M::mem_pestat] low and high boundaries for computing mean and std.dev: (103, 533)
[M::mem_pestat] mean and std.dev: (318.24, 66.56)
[M::mem_pestat] low and high boundaries for proper pairs: (17, 619)
[M::mem_pestat] skip orientation RF as there are not enough pairs
[M::mem_pestat] analyzing insert size distribution for orientation RR...
[M::mem_pestat] (25, 50, 75) percentile: (220, 714, 1219)
[M::mem_pestat] low and high boundaries for computing mean and std.dev: (1, 3217)
[M::mem_pestat] mean and std.dev: (728.34, 577.39)
[M::mem_pestat] low and high boundaries for proper pairs: (1, 4216)
[M::mem_pestat] skip orientation FF
[M::mem_pestat] skip orientation RR
[M::mem_process_seqs] Processed 3960398 reads in 1030.925 CPU sec, 27.111 real sec
[M::process] read 3960398 sequences (400000198 bp)...
[M::mem_pestat] # candidate unique pairs for (FF, FR, RF, RR): (147, 1699304, 9, 31)
[M::mem_pestat] analyzing insert size distribution for orientation FF...
[M::mem_pestat] (25, 50, 75) percentile: (152, 202, 292)
[M::mem_pestat] low and high boundaries for computing mean and std.dev: (1, 572)
[M::mem_pestat] mean and std.dev: (202.31, 85.19)
[M::mem_pestat] low and high boundaries for proper pairs: (1, 712)
[M::mem_pestat] analyzing insert size distribution for orientation FR...
[M::mem_pestat] (25, 50, 75) percentile: (274, 315, 359)
[M::mem_pestat] low and high boundaries for computing mean and std.dev: (104, 529)
[M::mem_pestat] mean and std.dev: (316.91, 66.10)
[M::mem_pestat] low and high boundaries for proper pairs: (19, 614)
[M::mem_pestat] skip orientation RF as there are not enough pairs
[M::mem_pestat] analyzing insert size distribution for orientation RR...
[M::mem_pestat] (25, 50, 75) percentile: (205, 501, 1475)
[M::mem_pestat] low and high boundaries for computing mean and std.dev: (1, 4015)
[M::mem_pestat] mean and std.dev: (663.96, 595.84)
[M::mem_pestat] low and high boundaries for proper pairs: (1, 5285)
[M::mem_pestat] skip orientation FF
[M::mem_pestat] skip orientation RR
[M::mem_process_seqs] Processed 3960398 reads in 1040.849 CPU sec, 27.148 real sec
[M::process] read 3960398 sequences (400000198 bp)...
[M::mem_pestat] # candidate unique pairs for (FF, FR, RF, RR): (194, 1766516, 0, 40)
[M::mem_pestat] analyzing insert size distribution for orientation FF...
[M::mem_pestat] (25, 50, 75) percentile: (156, 220, 298)
[M::mem_pestat] low and high boundaries for computing mean and std.dev: (1, 582)
[M::mem_pestat] mean and std.dev: (215.44, 95.46)
[M::mem_pestat] low and high boundaries for proper pairs: (1, 724)
[M::mem_pestat] analyzing insert size distribution for orientation FR...
[M::mem_pestat] (25, 50, 75) percentile: (274, 315, 359)
[M::mem_pestat] low and high boundaries for computing mean and std.dev: (104, 529)
[M::mem_pestat] mean and std.dev: (316.85, 66.03)
[M::mem_pestat] low and high boundaries for proper pairs: (19, 614)
[M::mem_pestat] skip orientation RF as there are not enough pairs
[M::mem_pestat] analyzing insert size distribution for orientation RR...
[M::mem_pestat] (25, 50, 75) percentile: (299, 886, 1356)
[M::mem_pestat] low and high boundaries for computing mean and std.dev: (1, 3470)
[M::mem_pestat] mean and std.dev: (854.61, 603.07)
[M::mem_pestat] low and high boundaries for proper pairs: (1, 4527)
[M::mem_pestat] skip orientation FF
[M::mem_pestat] skip orientation RR
[M::mem_process_seqs] Processed 3960398 reads in 1024.791 CPU sec, 26.652 real sec
[M::process] read 3960398 sequences (400000198 bp)...
[M::mem_pestat] # candidate unique pairs for (FF, FR, RF, RR): (178, 1773703, 42, 37)
[M::mem_pestat] analyzing insert size distribution for orientation FF...
[M::mem_pestat] (25, 50, 75) percentile: (154, 231, 307)
[M::mem_pestat] low and high boundaries for computing mean and std.dev: (1, 613)
[M::mem_pestat] mean and std.dev: (209.94, 94.89)
[M::mem_pestat] low and high boundaries for proper pairs: (1, 766)
[M::mem_pestat] analyzing insert size distribution for orientation FR...
[M::mem_pestat] (25, 50, 75) percentile: (275, 316, 361)
[M::mem_pestat] low and high boundaries for computing mean and std.dev: (103, 533)
[M::mem_pestat] mean and std.dev: (318.02, 66.45)
[M::mem_pestat] low and high boundaries for proper pairs: (17, 619)
[M::mem_pestat] analyzing insert size distribution for orientation RF...
[M::mem_pestat] (25, 50, 75) percentile: (836, 902, 952)
[M::mem_pestat] low and high boundaries for computing mean and std.dev: (604, 1184)
[M::mem_pestat] mean and std.dev: (883.70, 84.16)
[M::mem_pestat] low and high boundaries for proper pairs: (488, 1300)
[M::mem_pestat] analyzing insert size distribution for orientation RR...
[M::mem_pestat] (25, 50, 75) percentile: (380, 1063, 1525)
[M::mem_pestat] low and high boundaries for computing mean and std.dev: (1, 3815)
[M::mem_pestat] mean and std.dev: (1092.37, 827.79)
[M::mem_pestat] low and high boundaries for proper pairs: (1, 4960)
[M::mem_pestat] skip orientation FF
[M::mem_pestat] skip orientation RF
[M::mem_pestat] skip orientation RR
[M::mem_process_seqs] Processed 3960398 reads in 1031.875 CPU sec, 26.880 real sec
[M::process] read 3960398 sequences (400000198 bp)...
[M::mem_pestat] # candidate unique pairs for (FF, FR, RF, RR): (165, 1809639, 1, 33)
[M::mem_pestat] analyzing insert size distribution for orientation FF...
[M::mem_pestat] (25, 50, 75) percentile: (153, 221, 282)
[M::mem_pestat] low and high boundaries for computing mean and std.dev: (1, 540)
[M::mem_pestat] mean and std.dev: (208.78, 98.56)
[M::mem_pestat] low and high boundaries for proper pairs: (1, 669)
[M::mem_pestat] analyzing insert size distribution for orientation FR...
[M::mem_pestat] (25, 50, 75) percentile: (274, 315, 360)
[M::mem_pestat] low and high boundaries for computing mean and std.dev: (102, 532)
[M::mem_pestat] mean and std.dev: (317.17, 66.26)
[M::mem_pestat] low and high boundaries for proper pairs: (16, 618)
[M::mem_pestat] skip orientation RF as there are not enough pairs
[M::mem_pestat] analyzing insert size distribution for orientation RR...
[M::mem_pestat] (25, 50, 75) percentile: (234, 570, 1196)
[M::mem_pestat] low and high boundaries for computing mean and std.dev: (1, 3120)
[M::mem_pestat] mean and std.dev: (746.16, 697.66)
[M::mem_pestat] low and high boundaries for proper pairs: (1, 4082)
[M::mem_pestat] skip orientation FF
[M::mem_pestat] skip orientation RR
[M::mem_process_seqs] Processed 3960398 reads in 1047.734 CPU sec, 27.233 real sec
[M::process] read 307990 sequences (31106883 bp)...
[M::mem_pestat] # candidate unique pairs for (FF, FR, RF, RR): (17, 143311, 0, 1)
[M::mem_pestat] analyzing insert size distribution for orientation FF...
[M::mem_pestat] (25, 50, 75) percentile: (205, 238, 363)
[M::mem_pestat] low and high boundaries for computing mean and std.dev: (1, 679)
[M::mem_pestat] mean and std.dev: (253.31, 99.79)
[M::mem_pestat] low and high boundaries for proper pairs: (1, 837)
[M::mem_pestat] analyzing insert size distribution for orientation FR...
[M::mem_pestat] (25, 50, 75) percentile: (275, 316, 360)
[M::mem_pestat] low and high boundaries for computing mean and std.dev: (105, 530)
[M::mem_pestat] mean and std.dev: (317.49, 65.97)
[M::mem_pestat] low and high boundaries for proper pairs: (20, 615)
[M::mem_pestat] skip orientation RF as there are not enough pairs
[M::mem_pestat] skip orientation RR as there are not enough pairs
[M::mem_pestat] skip orientation FF
[mem_sam_pe] paired reads have different names: "ER=<C@7CGCTCTCTCTTCTCCTGTCJ08:141:>JJIJJJJ4GTGCTTCCCCCCAGGCAAAGAE7C@7GATGGAC04:1GJGGAATCA@ATCA@ATCA@ATCA@ATCA@@7CFFE;:9?9999DBDGAG4C06:3201:173608", "ERR194146.483322551"

